draw	predicate	seed	normalized_mdl	bits_per_label
0	believes	2026	0.0889556999012853	0.08614503274609922
0	believes	2027	0.088190216299707	0.08540373556112128
0	believes	2028	0.07901339119797453	0.07651686378369461
0	believes	2029	0.07923092604202692	0.07672752534090913
0	believes	2030	0.08352707091106915	0.08088792811258448
0	justified	2026	0.08599564714097716	0.08045192120968703
0	justified	2027	0.10894896221328997	0.10192554641157128
0	justified	2028	0.10385736078562843	0.09716217604914085
0	justified	2029	0.09068860487195168	0.08484234651800297
0	justified	2030	0.10316015681301849	0.09650991746470876
0	knows	2026	0.10510279300490072	0.09420271569962117
0	knows	2027	0.14272078253208534	0.12791939126366125
0	knows	2028	0.11749075176949414	0.10530593497891484
0	knows	2029	0.112030921996859	0.10041233722442039
0	knows	2030	0.11232005650889273	0.1006714859630728
0	true	2026	0.09338741715775768	0.0876060163249392
0	true	2027	0.11754160693998106	0.11026487561004537
0	true	2028	0.10590509075893138	0.09934874945998431
0	true	2029	0.10554605345509152	0.09901193933225243
0	true	2030	0.11047203052973577	0.10363296046284605
0	lucky_guessed	2026	0.26800013160574465	0.24279263932941625
0	lucky_guessed	2027	0.15232935039319373	0.13800159278916632
0	lucky_guessed	2028	0.1740657146539715	0.15769348329936753
0	lucky_guessed	2029	0.1395664576372859	0.12643914914737103
0	lucky_guessed	2030	0.1873102487303147	0.16969226615748323
1	believes	2026	0.08828120047093461	0.08765951229196565
1	believes	2027	0.10292955815412361	0.1022047142549745
1	believes	2028	0.10617083304321222	0.10542316364698574
1	believes	2029	0.10163125644814736	0.10091555536557795
1	believes	2030	0.09055533080127172	0.08991762788829073
1	justified	2026	0.09870548911700358	0.091009352639643
1	justified	2027	0.08862998867038568	0.08171944605622924
1	justified	2028	0.10926808316292579	0.10074837379149838
1	justified	2029	0.1098208837342486	0.10125807211309099
1	justified	2030	0.10958984455778106	0.10104504722386946
1	knows	2026	0.1361763150285459	0.12149905453441043
1	knows	2027	0.11966720347147274	0.10676931651082665
1	knows	2028	0.12846660446852082	0.11462030661425525
1	knows	2029	0.1267717769905464	0.11310814984800947
1	knows	2030	0.12997722439257725	0.11596810995652683
1	true	2026	0.11702127728123407	0.10892108614866089
1	true	2027	0.10484165941827554	0.09758453917762712
1	true	2028	0.12859708024809005	0.11969561417882997
1	true	2029	0.11293365914525444	0.10511641218273021
1	true	2030	0.12940132606954627	0.12044419025352968
1	lucky_guessed	2026	0.15374271641687673	0.1479179774971936
1	lucky_guessed	2027	0.18862181015936447	0.18147563228283173
1	lucky_guessed	2028	0.17184332662838772	0.1653328230024071
1	lucky_guessed	2029	0.13102085808794775	0.1260569657541749
1	lucky_guessed	2030	0.12962132582973931	0.1247104565607576
2	believes	2026	0.08051240698293129	0.07687893183741588
2	believes	2027	0.115427382847539	0.1102182164295317
2	believes	2028	0.10779547266605602	0.10293072963565283
2	believes	2029	0.09878139566044822	0.0943234523518144
2	believes	2030	0.10211447266410459	0.09750610965117051
2	justified	2026	0.08834916490798639	0.08604071852749459
2	justified	2027	0.09711523601487633	0.0945777438348129
2	justified	2028	0.07732284273248752	0.07530249951112208
2	justified	2029	0.10987024988665206	0.10699948612857103
2	justified	2030	0.08567569621177816	0.08343710401883354
2	knows	2026	0.11611904559786751	0.10913254258197234
2	knows	2027	0.1106050303324332	0.10395028757243145
2	knows	2028	0.09782269695302173	0.09193702536687982
2	knows	2029	0.12487030907744	0.11735727117333479
2	knows	2030	0.09985651788134989	0.0938484779448965
2	true	2026	0.10338322470416964	0.10039556121293335
2	true	2027	0.10472786133950977	0.10170133930235482
2	true	2028	0.10478711021659175	0.1017588759509059
2	true	2029	0.1278529429500459	0.1241581310403574
2	true	2030	0.0976482245172009	0.09482629633485894
2	lucky_guessed	2026	0.14883326295683627	0.13575539409416978
2	lucky_guessed	2027	0.19630318872234248	0.17905417255195455
2	lucky_guessed	2028	0.20376306678947503	0.18585855664445233
2	lucky_guessed	2029	0.2231307326766565	0.2035244000383518
2	lucky_guessed	2030	0.2377526795860209	0.2168615272750265
3	believes	2026	0.06451617438494489	0.06533157880262122
3	believes	2027	0.11698209778568021	0.11846060639585204
3	believes	2028	0.0739057475652323	0.07483982454098098
3	believes	2029	0.0713465171366756	0.07224824861430396
3	believes	2030	0.08952117491255883	0.09065261152043541
3	justified	2026	0.11164495211988823	0.10425544366554841
3	justified	2027	0.11816631472440935	0.1103451731045308
3	justified	2028	0.12112102959564164	0.11310432256858119
3	justified	2029	0.10940218269788343	0.10216111770910437
3	justified	2030	0.09145371527723475	0.08540061579185707
3	knows	2026	0.11846667677571301	0.10688894870678939
3	knows	2027	0.14047662605918013	0.12674786940947483
3	knows	2028	0.13767418725493388	0.1242193124704791
3	knows	2029	0.11334442253059106	0.1022672914933727
3	knows	2030	0.12101960468983779	0.10919237941230028
3	true	2026	0.11458735105840477	0.10801776942937098
3	true	2027	0.11409961247873729	0.10755799413171638
3	true	2028	0.11086558362261734	0.10450938030059424
3	true	2029	0.10361101581072991	0.09767073514494543
3	true	2030	0.0947403330934476	0.08930863102449918
3	lucky_guessed	2026	0.20677322911481436	0.18692772155275134
3	lucky_guessed	2027	0.18961059649402098	0.17141230969123591
3	lucky_guessed	2028	0.20452597525014765	0.18489615273472265
3	lucky_guessed	2029	0.14483125560737353	0.1309307628275116
3	lucky_guessed	2030	0.19960517020153087	0.180447632585954
4	believes	2026	0.10369268133759149	0.1016609527531708
4	believes	2027	0.09124001526653962	0.08945228112109414
4	believes	2028	0.0803483266219764	0.07877400151240806
4	believes	2029	0.145410923822846	0.14256177838069037
4	believes	2030	0.10531122073008112	0.10324777888773022
4	justified	2026	0.07450271253897253	0.07137817352809338
4	justified	2027	0.11053661207035817	0.10590086197785538
4	justified	2028	0.08319489037145758	0.07970581364374171
4	justified	2029	0.08245198658079353	0.07899406619351354
4	justified	2030	0.09314267410036635	0.08923640130993658
4	knows	2026	0.09186414754325396	0.08535056782681742
4	knows	2027	0.11062172966052063	0.10277815331671766
4	knows	2028	0.10015471624756567	0.09305329805883829
4	knows	2029	0.09006277489621217	0.08367692057264439
4	knows	2030	0.11343234423437296	0.10538948272254134
4	true	2026	0.10421706677963373	0.10021035947496765
4	true	2027	0.10968252618686156	0.1054656949859185
4	true	2028	0.10796161168219942	0.1038109423962824
4	true	2029	0.09621725513377577	0.09251810689546863
4	true	2030	0.11400785627793385	0.10962473435123436
4	lucky_guessed	2026	0.21803003576004365	0.1887116606142231
4	lucky_guessed	2027	0.1814181264564528	0.15702293397225772
4	lucky_guessed	2028	0.21263645035016182	0.1840433475727867
4	lucky_guessed	2029	0.2125986485622244	0.1840106289698154
4	lucky_guessed	2030	0.18825760042527262	0.16294270775885758
5	believes	2026	0.07270994522994353	0.07259824581269066
5	believes	2027	0.08861453882440165	0.08847840624562558
5	believes	2028	0.0873411787635227	0.08720700236249238
5	believes	2029	0.0911384312970675	0.09099842143138777
5	believes	2030	0.09285185159165717	0.0927092095131789
5	justified	2026	0.10427577861218486	0.0985020053321854
5	justified	2027	0.09871204252203444	0.09324633455884984
5	justified	2028	0.1181471926960103	0.1116053561029488
5	justified	2029	0.09281699004625246	0.08767769246256216
5	justified	2030	0.11623306452057505	0.10979721363446208
5	knows	2026	0.12514028428650262	0.11376240553299118
5	knows	2027	0.11001510577295194	0.10001242325008355
5	knows	2028	0.14956746826878908	0.1359686457222792
5	knows	2029	0.11925572764596494	0.10841287861814058
5	knows	2030	0.1446057791626829	0.1314580783103882
5	true	2026	0.10779699657621868	0.10219485651533326
5	true	2027	0.10341660552919481	0.09804211155258157
5	true	2028	0.11734467942352636	0.11124635247185209
5	true	2029	0.09252074575735035	0.0877125025526914
5	true	2030	0.12326719285427969	0.11686107671732791
5	lucky_guessed	2026	0.16791007869155503	0.14659486704309088
5	lucky_guessed	2027	0.17785559204643916	0.15527785510012557
5	lucky_guessed	2028	0.15256650361061772	0.13319906992070638
5	lucky_guessed	2029	0.20411018646122808	0.17819958086845386
5	lucky_guessed	2030	0.13612391509968225	0.11884377275577172
6	believes	2026	0.09503554867231812	0.09283514912519693
6	believes	2027	0.08319154778496461	0.08126537756100434
6	believes	2028	0.11660250849356982	0.11390275971043708
6	believes	2029	0.09211139292878126	0.08997869763615937
6	believes	2030	0.09805521701752393	0.09578490177094005
6	justified	2026	0.07009865070963482	0.06714605172606845
6	justified	2027	0.09522510591472347	0.09121416493244339
6	justified	2028	0.10867156769331651	0.10409425333611236
6	justified	2029	0.10029219155498295	0.09606782175831602
6	justified	2030	0.08944479603139932	0.08567732531443001
6	knows	2026	0.08495674311070386	0.07837738688758204
6	knows	2027	0.10732994776874404	0.09901792998271083
6	knows	2028	0.11426363361914706	0.10541464622389075
6	knows	2029	0.11795212930557442	0.10881749151742544
6	knows	2030	0.09514323405724923	0.08777499928079592
6	true	2026	0.08191717944016068	0.07891892039800125
6	true	2027	0.1056761409965074	0.10180827777845382
6	true	2028	0.10828321743373792	0.10431993234502243
6	true	2029	0.11799428062431015	0.11367555992100072
6	true	2030	0.09797213890138082	0.09438625064999953
6	lucky_guessed	2026	0.1925990612272762	0.1734331974999519
6	lucky_guessed	2027	0.17785010251553912	0.16015193302819614
6	lucky_guessed	2028	0.16453704857531345	0.14816368397532031
6	lucky_guessed	2029	0.15292757222050882	0.1377094865732994
6	lucky_guessed	2030	0.16392719603977982	0.14761451891414568
7	believes	2026	0.1364818913645389	0.1305373975686259
7	believes	2027	0.09677081653587347	0.09255594588327935
7	believes	2028	0.10322501301337737	0.09872902865013244
7	believes	2029	0.10500698319448497	0.10043338479336153
7	believes	2030	0.09132808160050401	0.08735027026568916
7	justified	2026	0.07341314889637744	0.07008058641510581
7	justified	2027	0.09003999424785487	0.08595266233040977
7	justified	2028	0.0955084858528135	0.09117291380092656
7	justified	2029	0.11241476976339655	0.10731174326628945
7	justified	2030	0.12443513149479261	0.11878644516535893
7	knows	2026	0.0785323971821725	0.07259231657790033
7	knows	2027	0.1061421342051083	0.09811369173664199
7	knows	2028	0.10934982911613124	0.10107876109427463
7	knows	2029	0.12851307724367872	0.11879252795546981
7	knows	2030	0.13425749932901085	0.12410244999450026
7	true	2026	0.10167759888174896	0.09741842371150213
7	true	2027	0.09673635988763105	0.09268416838601393
7	true	2028	0.10760134409090796	0.10309402902763454
7	true	2029	0.1232949924123909	0.11813028577027836
7	true	2030	0.13945572032197434	0.13361405659390946
7	lucky_guessed	2026	0.1588897895283509	0.1401489374058675
7	lucky_guessed	2027	0.15464427612838158	0.13640417700613205
7	lucky_guessed	2028	0.15307355690809493	0.13501872215507082
7	lucky_guessed	2029	0.17766961480093735	0.15671370575525992
7	lucky_guessed	2030	0.19297237606970827	0.17021152545506657
8	believes	2026	0.11287129719523513	0.11220008034606882
8	believes	2027	0.06791548968758898	0.06751161357266457
8	believes	2028	0.09260963696586075	0.09205891104818888
8	believes	2029	0.09583809444091343	0.09526816970912387
8	believes	2030	0.08494043878903289	0.08443531963910267
8	justified	2026	0.1316822503673163	0.12277279362160767
8	justified	2027	0.11089247910802107	0.10338963234407685
8	justified	2028	0.1032100236942277	0.09622696227735267
8	justified	2029	0.10082137940855182	0.09399993068347656
8	justified	2030	0.12782726464534175	0.11917863142330054
8	knows	2026	0.12924615485042074	0.1167025436743187
8	knows	2027	0.1309709744788823	0.11825996592996582
8	knows	2028	0.1177324299719359	0.1063062500125031
8	knows	2029	0.12099712277882883	0.10925409751574676
8	knows	2030	0.1506451763664671	0.13602474514293714
8	true	2026	0.11577502940424665	0.10885821208853311
8	true	2027	0.11656947045357882	0.10960519036774456
8	true	2028	0.10894564032013793	0.10243683530997752
8	true	2029	0.11344945514541967	0.10667157601339916
8	true	2030	0.10843629006034353	0.10195791546954763
8	lucky_guessed	2026	0.16101418600668954	0.13995699938446118
8	lucky_guessed	2027	0.1384374717963854	0.12033283299763478
8	lucky_guessed	2028	0.19950193671768374	0.173411381486819
8	lucky_guessed	2029	0.16918652706018691	0.14706057429398137
8	lucky_guessed	2030	0.18949831249575083	0.16471601579392736
9	believes	2026	0.10523200489481338	0.09919787846562958
9	believes	2027	0.11513243270342895	0.10853060414636204
9	believes	2028	0.1044482651949188	0.09845907931819775
9	believes	2029	0.12337025631570163	0.11629606130294039
9	believes	2030	0.10141874897805922	0.09560327910998083
9	justified	2026	0.08616295673237585	0.081581340769601
9	justified	2027	0.09678712798384319	0.09164058395403177
9	justified	2028	0.09774374391422615	0.09254633293435752
9	justified	2029	0.08035345925156245	0.07608075662467123
9	justified	2030	0.11267010621976609	0.10667900311977171
9	knows	2026	0.10754201921945944	0.0983501891412529
9	knows	2027	0.11690145976779096	0.106909659707881
9	knows	2028	0.10746124313112783	0.09827631714570023
9	knows	2029	0.09054947192403484	0.08281002862886509
9	knows	2030	0.10686167245143002	0.09772799296339625
9	true	2026	0.11128652856017394	0.10563947492053885
9	true	2027	0.12150042792244962	0.11533508659503373
9	true	2028	0.10824819622771607	0.10275531781376565
9	true	2029	0.09765847428871362	0.0927029540670985
9	true	2030	0.1134086795893714	0.1076539408521029
9	lucky_guessed	2026	0.13413772230014354	0.12055052552762578
9	lucky_guessed	2027	0.148766969978476	0.13369793451486553
9	lucky_guessed	2028	0.17763036433029414	0.15963767240483162
9	lucky_guessed	2029	0.15292084747042484	0.13743105377501919
9	lucky_guessed	2030	0.18781283178402658	0.16878872836184838
10	believes	2026	0.09431722983822692	0.09376550526190865
10	believes	2027	0.08420640123495167	0.0837138216593606
10	believes	2028	0.11773910219525636	0.11705036741809857
10	believes	2029	0.10381758475946884	0.10321028625140147
10	believes	2030	0.10686738925624172	0.10624225040132866
10	justified	2026	0.10268500128647937	0.09501495678291326
10	justified	2027	0.12033395918521175	0.11134562777675308
10	justified	2028	0.0838806926254867	0.07761523382072408
10	justified	2029	0.11542672442001033	0.10680493835475649
10	justified	2030	0.11812027638122642	0.10929729575828294
10	knows	2026	0.11858066462696283	0.10540181963141525
10	knows	2027	0.14456945152620299	0.12850225879500335
10	knows	2028	0.10323385413824213	0.0917606264728314
10	knows	2029	0.1319183493296553	0.11725717768457145
10	knows	2030	0.13603701603387947	0.12091810306769533
10	true	2026	0.11156832015535133	0.10383864600458705
10	true	2027	0.11888338779628531	0.11064691127387567
10	true	2028	0.102077724975673	0.09500557805247276
10	true	2029	0.125445789484333	0.11675465677794208
10	true	2030	0.12192272753178089	0.11347567953391893
10	lucky_guessed	2026	0.15520079185104857	0.14651446159836842
10	lucky_guessed	2027	0.17745931950199184	0.16752721646807442
10	lucky_guessed	2028	0.15264329371756488	0.14410010238281867
10	lucky_guessed	2029	0.1505339068211869	0.14210877436355132
10	lucky_guessed	2030	0.1393180772282535	0.1315206761033002
11	believes	2026	0.10523858587561137	0.10216933156257782
11	believes	2027	0.09058790901675952	0.08794593765098108
11	believes	2028	0.12017723172401722	0.11667229592762265
11	believes	2029	0.12145194929253092	0.11790983671005066
11	believes	2030	0.11459135406924438	0.1112493288530457
11	justified	2026	0.10072815056848673	0.09456042247198608
11	justified	2027	0.11169207211255448	0.10485300748725299
11	justified	2028	0.12056675561774836	0.11318428148384761
11	justified	2029	0.10292628523742174	0.09662396222499177
11	justified	2030	0.12037119746030879	0.11300069763086347
11	knows	2026	0.10505587826036981	0.0946901945905821
11	knows	2027	0.12025865708036587	0.10839294124903394
11	knows	2028	0.11710752611606114	0.10555272698276587
11	knows	2029	0.11501266660338594	0.10366456367215582
11	knows	2030	0.1346785189329056	0.12139002001698497
11	true	2026	0.08324563655491368	0.07891437153403659
11	true	2027	0.09729018144383089	0.09222817967170825
11	true	2028	0.10712831061194422	0.1015544316231868
11	true	2029	0.10447113620566553	0.09903550982733404
11	true	2030	0.09593683958775583	0.09094525210381801
11	lucky_guessed	2026	0.16479864686430348	0.14708851292892558
11	lucky_guessed	2027	0.19646257509432358	0.1753496680139963
11	lucky_guessed	2028	0.21191881322833017	0.1891448970760307
11	lucky_guessed	2029	0.15901635859311014	0.14192761992816866
11	lucky_guessed	2030	0.13790346107293128	0.12308362600617381
12	believes	2026	0.0841647112725423	0.08271109883986676
12	believes	2027	0.09120514493010799	0.08962993685786652
12	believes	2028	0.11565382395434992	0.11365636167063677
12	believes	2029	0.14257877272946778	0.14011628847042903
12	believes	2030	0.08620016437161683	0.08471139753888207
12	justified	2026	0.10950495233424444	0.10218710181589707
12	justified	2027	0.12202856669763333	0.11387380482589826
12	justified	2028	0.08058545583645665	0.07520019875726922
12	justified	2029	0.10569823197259039	0.09863477187200882
12	justified	2030	0.09125997020822788	0.08516137095717097
12	knows	2026	0.14448103549596675	0.13101875630925935
12	knows	2027	0.13223395673978205	0.11991282104551561
12	knows	2028	0.09611624339304203	0.0871604403113928
12	knows	2029	0.10736721385921523	0.09736308145865515
12	knows	2030	0.12823078404538726	0.11628265113490867
12	true	2026	0.125228585559744	0.11731909337409209
12	true	2027	0.12031027766606982	0.1127114279561575
12	true	2028	0.09210711632231912	0.08628959060694041
12	true	2029	0.10993297247977699	0.10298955790004867
12	true	2030	0.1046714554927367	0.09806036062505863
12	lucky_guessed	2026	0.16143652489124152	0.1464468273111248
12	lucky_guessed	2027	0.15839554176066808	0.14368820542131916
12	lucky_guessed	2028	0.18291362752045798	0.16592973888892978
12	lucky_guessed	2029	0.2477505122617153	0.2247463918705956
12	lucky_guessed	2030	0.14048735007603846	0.12744282441562482
13	believes	2026	0.10093134928771058	0.10076191200461035
13	believes	2027	0.10642273245060738	0.10624407657437282
13	believes	2028	0.10429222757631403	0.10411714825939507
13	believes	2029	0.10190451372977734	0.10173344275862838
13	believes	2030	0.0976063709639687	0.09744251544805496
13	justified	2026	0.11079353462587804	0.10757309669810465
13	justified	2027	0.1026240164163901	0.09964104204082047
13	justified	2028	0.071809471518825	0.0697221841474681
13	justified	2029	0.08558819274892376	0.08310039900690666
13	justified	2030	0.10924829014414128	0.10607276786919428
13	knows	2026	0.13038591158721158	0.12236000070338467
13	knows	2027	0.0912610120565382	0.08564343619257139
13	knows	2028	0.08831439919358818	0.08287820222216649
13	knows	2029	0.10340784920272195	0.09704257421030735
13	knows	2030	0.14047537466559332	0.1318284064102528
13	true	2026	0.11195935243112447	0.10935797509101902
13	true	2027	0.0847229613892116	0.08275442202953545
13	true	2028	0.07839979613716672	0.07657817562301114
13	true	2029	0.09268478071350353	0.09053124835479258
13	true	2030	0.10858455947573895	0.10606159550379841
13	lucky_guessed	2026	0.19497596543990448	0.16745942436604117
13	lucky_guessed	2027	0.1570625870442019	0.13489667999089852
13	lucky_guessed	2028	0.2351142156167521	0.2019330491254311
13	lucky_guessed	2029	0.1978985888842024	0.16996958421326439
13	lucky_guessed	2030	0.17692453816704146	0.1519555564237598
14	believes	2026	0.09753214612227053	0.09404684183428744
14	believes	2027	0.11291053900659288	0.10887568894531341
14	believes	2028	0.10020056889222688	0.09661990870680848
14	believes	2029	0.10059134251069898	0.09699671805788526
14	believes	2030	0.10870095349859527	0.10481653267531557
14	justified	2026	0.09152446776072509	0.08855039506260144
14	justified	2027	0.09565350477017603	0.09254525968580642
14	justified	2028	0.12284268371363107	0.1188509306804195
14	justified	2029	0.08693306227621485	0.08410818655275373
14	justified	2030	0.11185372745759103	0.1082190587711293
14	knows	2026	0.10548626775493383	0.09863719326272315
14	knows	2027	0.11150304007152823	0.10426330504429167
14	knows	2028	0.1345906284221564	0.12585184886690307
14	knows	2029	0.09902567521131254	0.09259607787510366
14	knows	2030	0.10926297138574048	0.1021686808568558
14	true	2026	0.1075107935546233	0.10391643516360563
14	true	2027	0.10302146163500922	0.09957719299146542
14	true	2028	0.12343791715522355	0.11931107464362772
14	true	2029	0.09640118172668509	0.09317824582427932
14	true	2030	0.11658834506695769	0.11269050111537929
14	lucky_guessed	2026	0.2581817161354731	0.23180693233834257
14	lucky_guessed	2027	0.21571880443835845	0.19368185730980278
14	lucky_guessed	2028	0.16369735893238455	0.14697470903049353
14	lucky_guessed	2029	0.22977914818287853	0.20630585408163304
14	lucky_guessed	2030	0.17675228683843805	0.1586959991167852
15	believes	2026	0.09309642927974107	0.09009549035976579
15	believes	2027	0.11650222777978785	0.11274680909925339
15	believes	2028	0.1304310919708209	0.1262266800154067
15	believes	2029	0.1046085033700017	0.1012364757685981
15	believes	2030	0.1214702483450068	0.11755468682779487
15	justified	2026	0.12380522520676417	0.11921975065685736
15	justified	2027	0.09256757054661914	0.08913907035061099
15	justified	2028	0.10756915752999648	0.10358503138843066
15	justified	2029	0.09490048998789706	0.09138558356220758
15	justified	2030	0.08831136749194159	0.08504050774086509
15	knows	2026	0.12199033680471068	0.11310386822272128
15	knows	2027	0.11058079577726841	0.10252546292726405
15	knows	2028	0.10183312134721767	0.09441501875679167
15	knows	2029	0.11533110809336906	0.10692973553024182
15	knows	2030	0.09142812237442782	0.08476797897068192
15	true	2026	0.1158494312129298	0.11150804997860662
15	true	2027	0.1177822763933371	0.11336846305721403
15	true	2028	0.13176422156975612	0.12682644403482163
15	true	2029	0.1117670309867967	0.10757863501573436
15	true	2030	0.09883396728924114	0.0951302293734754
15	lucky_guessed	2026	0.1509063753157892	0.13720407431660592
15	lucky_guessed	2027	0.16338657615623386	0.14855107274536863
15	lucky_guessed	2028	0.2027451728124176	0.18433590827211088
15	lucky_guessed	2029	0.2220851617947173	0.20191982598305566
15	lucky_guessed	2030	0.19051109145403036	0.17321268167297635
16	believes	2026	0.11067188693310252	0.10460077381843443
16	believes	2027	0.14682308508644507	0.138768830459494
16	believes	2028	0.07503278108107647	0.07091671769881304
16	believes	2029	0.12513360957176572	0.11826917164439835
16	believes	2030	0.11891771689095891	0.11239426336911293
16	justified	2026	0.08760321367106515	0.0849487196724847
16	justified	2027	0.07965051349265435	0.07723699689674508
16	justified	2028	0.09569986380373158	0.0928000305272284
16	justified	2029	0.08833486666824411	0.08565820260981462
16	justified	2030	0.07614571144574789	0.07383839501773039
16	knows	2026	0.09870314460307938	0.09301263837959073
16	knows	2027	0.1006330010587314	0.09483123333272941
16	knows	2028	0.1140954361223782	0.10751752219737656
16	knows	2029	0.10844673192906396	0.10219448124909836
16	knows	2030	0.08566642947166167	0.08072752552880458
16	true	2026	0.11314781621993929	0.11023394286064125
16	true	2027	0.11444319167230033	0.11149595876487292
16	true	2028	0.10308565120310273	0.10043090679175035
16	true	2029	0.11271343170741424	0.10981074496665666
16	true	2030	0.10562357600289325	0.10290347291552686
16	lucky_guessed	2026	0.2146445868013298	0.18884371668087638
16	lucky_guessed	2027	0.19140615473192044	0.1683986081075809
16	lucky_guessed	2028	0.21636321305780495	0.19035575933098292
16	lucky_guessed	2029	0.20939966486892922	0.18422924880085323
16	lucky_guessed	2030	0.18891610657189792	0.16620787058999206
17	believes	2026	0.0820891186264671	0.07882819786827605
17	believes	2027	0.1258226762800091	0.12082447695958971
17	believes	2028	0.12435286543607163	0.11941305310739739
17	believes	2029	0.10722426122187924	0.10296486819816864
17	believes	2030	0.08881793021745367	0.0852897131139961
17	justified	2026	0.11131798007675071	0.10412875984436974
17	justified	2027	0.07883691800338803	0.07374541377758606
17	justified	2028	0.09794514132133156	0.09161957566549378
17	justified	2029	0.09422356815672225	0.08813835189523073
17	justified	2030	0.1156363681338708	0.10816825456574916
17	knows	2026	0.13403297126639474	0.12064062134781674
17	knows	2027	0.09375775397557819	0.08438963628813788
17	knows	2028	0.10766121279715668	0.09690388479931417
17	knows	2029	0.11832230515304701	0.10649973866951437
17	knows	2030	0.15131456808989632	0.13619546997178672
17	true	2026	0.125712163284057	0.11753175507779871
17	true	2027	0.08745339753801762	0.08176258391906294
17	true	2028	0.10909646179936486	0.10199727928541276
17	true	2029	0.1119528350330799	0.10466778109323865
17	true	2030	0.1271121002494334	0.11884059460645427
17	lucky_guessed	2026	0.1646418574270645	0.1545921338572244
17	lucky_guessed	2027	0.14334693081587718	0.13459704757356294
17	lucky_guessed	2028	0.14955126859296017	0.1404226731533469
17	lucky_guessed	2029	0.21982410337995847	0.20640606068121653
17	lucky_guessed	2030	0.15701974199662122	0.14743527163936285
18	believes	2026	0.12679024326166327	0.11659353053761044
18	believes	2027	0.12911666619527995	0.11873285811027114
18	believes	2028	0.11972078923118327	0.11009261545784399
18	believes	2029	0.15570529116543985	0.14318317524558621
18	believes	2030	0.10207461503306886	0.09386558018042263
18	justified	2026	0.08195669052456538	0.0801553060294712
18	justified	2027	0.12690006831511486	0.12411084129745337
18	justified	2028	0.08657361743092575	0.08467075420980118
18	justified	2029	0.09843792644846783	0.09627428912613914
18	justified	2030	0.10159148679021322	0.09935853511822494
18	knows	2026	0.10104431845233046	0.09612198895197832
18	knows	2027	0.14760125504259305	0.140410924867543
18	knows	2028	0.09387152300221509	0.08929861307522323
18	knows	2029	0.11511290519967611	0.1095052306879922
18	knows	2030	0.10494865712956629	0.09983612948898529
18	true	2026	0.0926449770820959	0.09111489142034557
18	true	2027	0.1325254291953479	0.13033669467982822
18	true	2028	0.10096803527568708	0.0993004894687133
18	true	2029	0.11334549362964777	0.11147352690151034
18	true	2030	0.10247519487239269	0.10078275744839313
18	lucky_guessed	2026	0.13625770518680697	0.1200140776798841
18	lucky_guessed	2027	0.18230191566963802	0.16056924075135542
18	lucky_guessed	2028	0.22386297725769266	0.19717570250739996
18	lucky_guessed	2029	0.14359772848361999	0.12647907813551462
18	lucky_guessed	2030	0.18762380752762667	0.16525669634862197
19	believes	2026	0.11144733878538647	0.10604310022758907
19	believes	2027	0.10765824929968236	0.10243774903228073
19	believes	2028	0.0892196173840557	0.08489323236998778
19	believes	2029	0.14392039150861163	0.1369414888491062
19	believes	2030	0.10634967900490486	0.10119263315570377
19	justified	2026	0.11990582009141144	0.11494847670801082
19	justified	2027	0.09137604355277938	0.08759822505687682
19	justified	2028	0.09144179207762827	0.08766125529820637
19	justified	2029	0.07847021313672727	0.07522596868228101
19	justified	2030	0.10005674129940581	0.09592003113748794
19	knows	2026	0.12415265624241206	0.11303178394535185
19	knows	2027	0.11339149219085477	0.10323454233256556
19	knows	2028	0.1195350133062315	0.10882776258571185
19	knows	2029	0.09760321054009365	0.08886048305402101
19	knows	2030	0.11961413745167139	0.10889979925075718
19	true	2026	0.10975360686691275	0.10533582748438482
19	true	2027	0.09459745314773357	0.09078973611605123
19	true	2028	0.11111425392083457	0.1066417060557637
19	true	2029	0.10416426494658515	0.09997146659386032
19	true	2030	0.1116360642863752	0.10714251261887558
19	lucky_guessed	2026	0.1857346009869345	0.1698529565659051
19	lucky_guessed	2027	0.14781809897974107	0.13517858822345544
19	lucky_guessed	2028	0.17692176760558836	0.161793683831636
19	lucky_guessed	2029	0.17996414122188648	0.16457591261916651
19	lucky_guessed	2030	0.18393633327164785	0.16820845367567658
20	believes	2026	0.08187599371501421	0.07613085097512973
20	believes	2027	0.1182528630096547	0.10995519788750438
20	believes	2028	0.0941039199991793	0.08750075797027297
20	believes	2029	0.08018419735470023	0.07455776598717052
20	believes	2030	0.10082677137085372	0.09375187472235014
20	justified	2026	0.1021657071707414	0.09766956149034305
20	justified	2027	0.09679430710879926	0.09253454796019314
20	justified	2028	0.11177977682522677	0.1068605316631616
20	justified	2029	0.09119178271949088	0.08717858150632017
20	justified	2030	0.08701351108957593	0.08318418877726748
20	knows	2026	0.1090077165279033	0.10066226308039329
20	knows	2027	0.08375865105512331	0.07734622498592997
20	knows	2028	0.13290404314133744	0.12272912580199498
20	knows	2029	0.10840257493843014	0.10010345014658746
20	knows	2030	0.09315056936955725	0.08601911331264865
20	true	2026	0.094708204050677	0.09069930980062298
20	true	2027	0.10210351446603914	0.09778158484910554
20	true	2028	0.11764116740928197	0.11266154600980574
20	true	2029	0.08923614717436248	0.08545887908138021
20	true	2030	0.09238350347981693	0.08847301125147827
20	lucky_guessed	2026	0.16644550890185084	0.14364891670145946
20	lucky_guessed	2027	0.20688885847175031	0.17855309279983836
20	lucky_guessed	2028	0.1705375054816936	0.1471804681366328
20	lucky_guessed	2029	0.20705496987177785	0.1786964533676491
20	lucky_guessed	2030	0.20811957816756402	0.17961525153414845
21	believes	2026	0.10067733247674276	0.09533005546296829
21	believes	2027	0.09320081494565785	0.08825063834518927
21	believes	2028	0.09110204144735487	0.08626333704234983
21	believes	2029	0.10498761669630764	0.09941140747740707
21	believes	2030	0.13192487513143936	0.1249179468092336
21	justified	2026	0.09418710201714134	0.08991462468419542
21	justified	2027	0.09222110241526489	0.088037805963307
21	justified	2028	0.12453917699549029	0.1188898810793665
21	justified	2029	0.0803452183684188	0.07670063097865935
21	justified	2030	0.09908904057561445	0.09459420348289209
21	knows	2026	0.10109847126124866	0.09330380511913788
21	knows	2027	0.11887779118041814	0.10971234404355233
21	knows	2028	0.11976617231937853	0.11053223122509917
21	knows	2029	0.10522220326273359	0.09710959844350817
21	knows	2030	0.10710523946624019	0.09884745303984771
21	true	2026	0.10165257178690953	0.0971784605799983
21	true	2027	0.10340605200468735	0.09885476355222739
21	true	2028	0.12016761182485373	0.11487858421519936
21	true	2029	0.07647242067994835	0.07310658242943152
21	true	2030	0.09273655777629186	0.0886548738095837
21	lucky_guessed	2026	0.20777532161315582	0.17919636170954326
21	lucky_guessed	2027	0.14568430792175932	0.12564580689884536
21	lucky_guessed	2028	0.1947005648956558	0.1679200040756198
21	lucky_guessed	2029	0.18121351114205128	0.1562880598001263
21	lucky_guessed	2030	0.19327579988311466	0.1666912118179244
22	believes	2026	0.09651453090462327	0.09638219587637684
22	believes	2027	0.11921241823379818	0.11904896120213229
22	believes	2028	0.09227799070548774	0.09215146457111115
22	believes	2029	0.097347069979855	0.09721359342316716
22	believes	2030	0.08966236577048148	0.089539426026635
22	justified	2026	0.09487756756217526	0.08843594152946643
22	justified	2027	0.12896120093296956	0.12020549765679923
22	justified	2028	0.08898417031534091	0.08294267112084834
22	justified	2029	0.09709547902904057	0.09050326991741965
22	justified	2030	0.11707695473218674	0.10912812152734191
22	knows	2026	0.11608521461109528	0.1045529392153704
22	knows	2027	0.1574763512004399	0.14183214830654456
22	knows	2028	0.1319365193948051	0.11882952483471698
22	knows	2029	0.12495407426429177	0.11254073806931401
22	knows	2030	0.13420375014997749	0.12087152165685235
22	true	2026	0.12977601912582606	0.1221441333147147
22	true	2027	0.18596155257694214	0.17502550026092709
22	true	2028	0.09750850624237643	0.09177421272446283
22	true	2029	0.11954559360175462	0.11251534004847275
22	true	2030	0.1313891568445484	0.12366240541072944
22	lucky_guessed	2026	0.17031730891853267	0.1584752616799384
22	lucky_guessed	2027	0.1629370386513895	0.15160813661037997
22	lucky_guessed	2028	0.202796523332946	0.1886962182941895
22	lucky_guessed	2029	0.16133215318253682	0.15011483774218087
22	lucky_guessed	2030	0.13703203439052591	0.1275042897663463
23	believes	2026	0.10144471634354653	0.09864180995143541
23	believes	2027	0.07550948745755619	0.07342316859652184
23	believes	2028	0.07288567105830673	0.07087184795675854
23	believes	2029	0.12265093799473588	0.11926210602304749
23	believes	2030	0.10349059656805258	0.10063116272960958
23	justified	2026	0.09893502426021329	0.09333464443048839
23	justified	2027	0.12726947994064172	0.12006518162739228
23	justified	2028	0.13033093820891328	0.12295334101325717
23	justified	2029	0.08637876609510271	0.08148915391809251
23	justified	2030	0.10524182969194258	0.09928444276393307
23	knows	2026	0.13175549119096883	0.11984536373053864
23	knows	2027	0.16798634653572983	0.15280110620329745
23	knows	2028	0.18353302485843423	0.16694243193890299
23	knows	2029	0.11239201009486895	0.10223225771063132
23	knows	2030	0.135832456734783	0.12355378919424166
23	true	2026	0.10931618466784457	0.10376992079076233
23	true	2027	0.1513909073961123	0.14370994118272828
23	true	2028	0.1513255248114899	0.14364787584768227
23	true	2029	0.09904191210215833	0.09401692352358296
23	true	2030	0.12997431948716898	0.12337994487273847
23	lucky_guessed	2026	0.1457377378115362	0.13175968747706662
23	lucky_guessed	2027	0.13278046279051361	0.12004517527891448
23	lucky_guessed	2028	0.14564475489186393	0.1316756227686342
23	lucky_guessed	2029	0.17872568341722533	0.16158368137723822
23	lucky_guessed	2030	0.13271191534795937	0.1199832023833287
24	believes	2026	0.08938302839999802	0.09108666915734223
24	believes	2027	0.08663325535047986	0.08828448542623872
24	believes	2028	0.08279901257036751	0.08437716196861209
24	believes	2029	0.08413314195870726	0.08573671986661671
24	believes	2030	0.10564439037239096	0.10765797273187154
24	justified	2026	0.14312517446691408	0.13483990370249907
24	justified	2027	0.06891576781661621	0.06492635226882788
24	justified	2028	0.07643224560509923	0.07200771405550166
24	justified	2029	0.06719649644491857	0.06330660656677627
24	justified	2030	0.10284323687445525	0.09688981835833874
24	knows	2026	0.18157207553382165	0.16565406034507923
24	knows	2027	0.09024458708630188	0.08233304725442968
24	knows	2028	0.09630812680014009	0.08786501008906632
24	knows	2029	0.10789745915528232	0.09843833176132039
24	knows	2030	0.12804369282335976	0.11681839046784831
24	true	2026	0.15564065237789804	0.14782396111598772
24	true	2027	0.09016456259072844	0.0856362562789194
24	true	2028	0.10188968956300443	0.09677251590742167
24	true	2029	0.10039536746509503	0.09535324267564557
24	true	2030	0.11032054700483358	0.10477995306226856
24	lucky_guessed	2026	0.17328691031185864	0.1505963286292769
24	lucky_guessed	2027	0.22263108290830091	0.1934792631734971
24	lucky_guessed	2028	0.17712968130085877	0.1539359184555658
24	lucky_guessed	2029	0.23952681740128828	0.20816263181086153
24	lucky_guessed	2030	0.18280303692704006	0.15886639200820488
25	believes	2026	0.14470727469195213	0.14679395583777144
25	believes	2027	0.07821020819027273	0.07933800060560678
25	believes	2028	0.0981582960440983	0.0995737401957278
25	believes	2029	0.1132823165974357	0.11491584936005464
25	believes	2030	0.08675494889066042	0.08800595659944373
25	justified	2026	0.08636638751749354	0.08271424437433891
25	justified	2027	0.08366778775935668	0.08012975929537403
25	justified	2028	0.10869921191509571	0.1041026889751775
25	justified	2029	0.07904063693700715	0.0756982750701108
25	justified	2030	0.09920547517419237	0.09501041033085346
25	knows	2026	0.10987299820887071	0.1019111557933601
25	knows	2027	0.10761453441384519	0.09981634943128227
25	knows	2028	0.13154728724639628	0.12201483807036975
25	knows	2029	0.1022996723325199	0.09488662378057701
25	knows	2030	0.10715983184755089	0.09939459645440284
25	true	2026	0.10576780556037854	0.10203773206118116
25	true	2027	0.08904959470403312	0.08590911607199642
25	true	2028	0.1206303333705387	0.11637610868164763
25	true	2029	0.11005701875581296	0.1061756791847903
25	true	2030	0.1017268819243596	0.09813931816229002
25	lucky_guessed	2026	0.20466147111820396	0.18190320349520384
25	lucky_guessed	2027	0.15799668230439284	0.14042751914054188
25	lucky_guessed	2028	0.2125620581014643	0.1889252486016691
25	lucky_guessed	2029	0.15905970989425072	0.1413723385193064
25	lucky_guessed	2030	0.1408137809654297	0.1251553490451056
26	believes	2026	0.15150611014326054	0.14547010859289058
26	believes	2027	0.11392396663143413	0.10938523721278949
26	believes	2028	0.12370843917067686	0.11877989648733567
26	believes	2029	0.11971738849836683	0.11494784922434616
26	believes	2030	0.1057048443717339	0.10149356468204951
26	justified	2026	0.11307349059178368	0.10502452950230705
26	justified	2027	0.1039044790323645	0.09650819981274508
26	justified	2028	0.10685982387165585	0.09925317301238025
26	justified	2029	0.11490636292872981	0.10672693166410561
26	justified	2030	0.12074806778627604	0.1121528038198531
26	knows	2026	0.12597084423018787	0.11269385318947402
26	knows	2027	0.11826900674707783	0.10580376883769516
26	knows	2028	0.1282715636069062	0.114752082879483
26	knows	2029	0.11550975014770165	0.10333533052546172
26	knows	2030	0.16346029319310493	0.14623201420918724
26	true	2026	0.1144137935211791	0.1073005210282283
26	true	2027	0.11668761071715705	0.10943297169123527
26	true	2028	0.09350591008883406	0.08769251121713147
26	true	2029	0.09912994420488308	0.09296689092573614
26	true	2030	0.13360262705699283	0.12529635678325565
26	lucky_guessed	2026	0.18409454865247216	0.1660066242443766
26	lucky_guessed	2027	0.20486560935976902	0.18473685659092284
26	lucky_guessed	2028	0.20342994285824145	0.18344224927525898
26	lucky_guessed	2029	0.20078048129726764	0.18105310645152012
26	lucky_guessed	2030	0.15190961262684372	0.1369839691997561
27	believes	2026	0.12566542235014663	0.11950293054383802
27	believes	2027	0.0991694975657088	0.09430633628589705
27	believes	2028	0.08356199019063797	0.07946420362184084
27	believes	2029	0.09984098021581796	0.09494489017762552
27	believes	2030	0.0868266594021088	0.0825687771053879
27	justified	2026	0.08208598482017118	0.07932452921606185
27	justified	2027	0.08864540534680622	0.0856632841977483
27	justified	2028	0.0827408312907521	0.07995734598863793
27	justified	2029	0.1074668771949364	0.10385158268471982
27	justified	2030	0.09849239070344584	0.09517900700139245
27	knows	2026	0.0891856374679793	0.08365658768638129
27	knows	2027	0.09314692467057421	0.08737229550238249
27	knows	2028	0.10140131624906733	0.0951149573534217
27	knows	2029	0.11530485717224129	0.1081565504104685
27	knows	2030	0.12587486676780835	0.11807127389826017
27	true	2026	0.10471611540709858	0.10046229980267456
27	true	2027	0.11098724422492294	0.10647868057604645
27	true	2028	0.11533239770988762	0.11064732367742688
27	true	2029	0.12569682223710701	0.12059072083351662
27	true	2030	0.13244467694457032	0.12706446176642477
27	lucky_guessed	2026	0.1578205841849777	0.14413316970675055
27	lucky_guessed	2027	0.17777121084146694	0.16235352462740793
27	lucky_guessed	2028	0.17694701244970756	0.16160080705710514
27	lucky_guessed	2029	0.20263374782972152	0.18505979125019717
27	lucky_guessed	2030	0.16396072909956347	0.14974079404528892
28	believes	2026	0.10524602911539972	0.10710967258846098
28	believes	2027	0.09627541618511669	0.09798021257979031
28	believes	2028	0.11542196834574496	0.1174658022059239
28	believes	2029	0.09991675083067968	0.10168602613826311
28	believes	2030	0.12176065882940983	0.12391673501594469
28	justified	2026	0.08711534475230703	0.0834586916270208
28	justified	2027	0.09304445879561908	0.08913893202518686
28	justified	2028	0.11309085436297117	0.1083438832383841
28	justified	2029	0.07819055139633471	0.07490851509211989
28	justified	2030	0.08276940991301268	0.07929517673059161
28	knows	2026	0.0939878776251297	0.08710572766075289
28	knows	2027	0.10553545122585856	0.09780774399119345
28	knows	2028	0.13051801274777006	0.12096098731556228
28	knows	2029	0.09259991998192844	0.08581940155649129
28	knows	2030	0.08936777095682885	0.08282392277930037
28	true	2026	0.09276521827765129	0.08872557203520025
28	true	2027	0.08128515219769576	0.0777454283039873
28	true	2028	0.11731779615455411	0.11220895899330358
28	true	2029	0.07813727651501783	0.07473463313930234
28	true	2030	0.09813487367182276	0.09386139508747608
28	lucky_guessed	2026	0.22235136783173934	0.1941394364956005
28	lucky_guessed	2027	0.22130841571058227	0.1932288140916648
28	lucky_guessed	2028	0.17333027608172166	0.15133813861489964
28	lucky_guessed	2029	0.18046539906255146	0.15756795751969427
28	lucky_guessed	2030	0.19608226460118747	0.17120335587619395
29	believes	2026	0.11034373500777787	0.10437042345209732
29	believes	2027	0.14620204458320252	0.13828759105929916
29	believes	2028	0.11212659771624156	0.10605677325552017
29	believes	2029	0.11197156326802428	0.10591013139126788
29	believes	2030	0.12468107328636407	0.11793162896328042
29	justified	2026	0.08721254364438155	0.084888239601768
29	justified	2027	0.07848302894619687	0.07639137545424013
29	justified	2028	0.09168272437693423	0.08923928541732695
29	justified	2029	0.08078876873668675	0.07863566490636924
29	justified	2030	0.12079423968723334	0.11757494888459026
29	knows	2026	0.09926897239986637	0.09409828054906413
29	knows	2027	0.09471963624063787	0.08978590881926811
29	knows	2028	0.09512933542624213	0.09017426771909053
29	knows	2029	0.09749100697615978	0.0924129252441602
29	knows	2030	0.1314168876084243	0.12457168498985073
29	true	2026	0.09908928317914589	0.09658350183358509
29	true	2027	0.10317464709045152	0.10056555458600114
29	true	2028	0.0915288424242223	0.08921425038592144
29	true	2029	0.09476394240009571	0.09236754077643423
29	true	2030	0.11559516832258176	0.11267198422914142
29	lucky_guessed	2026	0.16412879835716987	0.14398791383697437
29	lucky_guessed	2027	0.16785628226789745	0.14725798366956144
29	lucky_guessed	2028	0.15978408463374427	0.14017635686759017
29	lucky_guessed	2029	0.17382239387029705	0.15249197046497237
29	lucky_guessed	2030	0.14856379025591185	0.1303329485427144
30	believes	2026	0.1016277295331332	0.09799201736028984
30	believes	2027	0.11125345738105512	0.10727338667467039
30	believes	2028	0.17683131057299148	0.17050520497815508
30	believes	2029	0.11516753759070875	0.11104744142937095
30	believes	2030	0.11941579093022345	0.11514371433548673
30	justified	2026	0.1000856423192631	0.09315313901121569
30	justified	2027	0.07912157581996161	0.07364116351107007
30	justified	2028	0.09924010845087483	0.09236617164851033
30	justified	2029	0.1061741622760686	0.09881993329625076
30	justified	2030	0.11129032100801788	0.10358171764929966
30	knows	2026	0.11830016033501309	0.10656491515597943
30	knows	2027	0.1046265862502504	0.09424774451060308
30	knows	2028	0.11434381314728274	0.10300103323735703
30	knows	2029	0.11662064782415972	0.10505200843027716
30	knows	2030	0.12008715528666697	0.10817464218312696
30	true	2026	0.12234533906858928	0.11513339153346805
30	true	2027	0.0965084508665828	0.09081952238230748
30	true	2028	0.1062160484126948	0.09995488166640133
30	true	2029	0.11104311765321971	0.10449740741408793
30	true	2030	0.11941963765132367	0.11238015279672124
30	lucky_guessed	2026	0.21380814518727578	0.19515156369774278
30	lucky_guessed	2027	0.18869437488662105	0.1722291837284208
30	lucky_guessed	2028	0.21805204882087756	0.1990251505975987
30	lucky_guessed	2029	0.18978124694989001	0.1732212169482055
30	lucky_guessed	2030	0.16487210130892352	0.1504856063943999
31	believes	2026	0.10174232946911002	0.09813008593261405
31	believes	2027	0.10447121141760674	0.10076208208901467
31	believes	2028	0.16521431466882144	0.1593485718318614
31	believes	2029	0.10302287017757214	0.09936516252676407
31	believes	2030	0.09365113103995196	0.09032615612980592
31	justified	2026	0.09166767097055425	0.08934338600015207
31	justified	2027	0.09763817647550328	0.09516250600502317
31	justified	2028	0.09915823614230193	0.09664402371040566
31	justified	2029	0.09140108892646832	0.0890835632926118
31	justified	2030	0.07875231147366031	0.07675550265322613
31	knows	2026	0.10855590594712095	0.10329261907783521
31	knows	2027	0.12157106245207637	0.11567674126239541
31	knows	2028	0.1068948352387187	0.10171208467533187
31	knows	2029	0.10502069704545988	0.09992881327423644
31	knows	2030	0.10427353971201174	0.09921788154590963
31	true	2026	0.09727710836437883	0.09492946298509544
31	true	2027	0.10004158106559125	0.09762721904893777
31	true	2028	0.0922830832929809	0.09005596164307253
31	true	2029	0.10294681863053415	0.10046234281568356
31	true	2030	0.08669730975027848	0.08460499284187341
31	lucky_guessed	2026	0.1903904814068093	0.17049004183688113
31	lucky_guessed	2027	0.1963513032281115	0.17582781268648864
31	lucky_guessed	2028	0.29679766203542374	0.2657750820503895
31	lucky_guessed	2029	0.21057422061013362	0.1885640890044324
31	lucky_guessed	2030	0.1877063903460394	0.168086503624974
32	believes	2026	0.11882453167537599	0.11705835095926535
32	believes	2027	0.09569121646966913	0.09426888407039975
32	believes	2028	0.10437342977218175	0.10282204693617301
32	believes	2029	0.11091933580046026	0.10927065611140604
32	believes	2030	0.0756869958667421	0.07456200163638077
32	justified	2026	0.08919081463117243	0.08185542648111048
32	justified	2027	0.10173235346059141	0.09336550197326438
32	justified	2028	0.09163562542624004	0.0840991668384941
32	justified	2029	0.08586532947707037	0.07880344173726347
32	justified	2030	0.1357143717771946	0.12455271125593731
32	knows	2026	0.10156037862427876	0.09023857233584713
32	knows	2027	0.14487328874559188	0.1287230209564808
32	knows	2028	0.11362393749844885	0.10095730285694732
32	knows	2029	0.09720922075243091	0.08637247534327873
32	knows	2030	0.16569148843501713	0.14722043740986157
32	true	2026	0.10663213589878473	0.09861435183982152
32	true	2027	0.10670229098037498	0.09867923188598188
32	true	2028	0.10505136620976359	0.09715244191016556
32	true	2029	0.09763310671333716	0.09029196925946224
32	true	2030	0.14026218058023784	0.12971571758338749
32	lucky_guessed	2026	0.17285786819066637	0.15866160865651616
32	lucky_guessed	2027	0.13628693184140375	0.1250941254289151
32	lucky_guessed	2028	0.14798643649738208	0.1358327874790245
32	lucky_guessed	2029	0.2138448843579399	0.1962824933012187
32	lucky_guessed	2030	0.16823250884644325	0.1544161151661104
33	believes	2026	0.08098229681792797	0.07947468661420058
33	believes	2027	0.07432152261825473	0.07293791298678486
33	believes	2028	0.11535408401375066	0.11320659004365796
33	believes	2029	0.1787319926541213	0.17540462128475023
33	believes	2030	0.09192002603305191	0.09020879315105691
33	justified	2026	0.1054056768855952	0.0995473473025589
33	justified	2027	0.11046070441091217	0.10432142205408201
33	justified	2028	0.10409520811936128	0.09830971292407059
33	justified	2029	0.1043465403111186	0.09854707635382527
33	justified	2030	0.10501421217666398	0.09917763976414076
33	knows	2026	0.10940136844102148	0.10013388864943562
33	knows	2027	0.11682860412266727	0.10693195709516969
33	knows	2028	0.11806220662709899	0.10806106011807223
33	knows	2029	0.1246583736273487	0.11409846039311691
33	knows	2030	0.11632863450208467	0.10647434031186127
33	true	2026	0.1083642387966105	0.10317054198747655
33	true	2027	0.10248849891984435	0.09757641541587594
33	true	2028	0.0973224596466137	0.09265797481529962
33	true	2029	0.10700708287603701	0.10187843203088948
33	true	2030	0.10406060432527989	0.09907317272752605
33	lucky_guessed	2026	0.1471901520090128	0.13178379136990218
33	lucky_guessed	2027	0.1915956818393975	0.17154140421942937
33	lucky_guessed	2028	0.1677464572679773	0.15018847270631064
33	lucky_guessed	2029	0.16624919189348708	0.14884792576723882
33	lucky_guessed	2030	0.17707989911955951	0.1585449852646828
34	believes	2026	0.1105872939507154	0.10561043706815948
34	believes	2027	0.0912394483834601	0.08713331954690318
34	believes	2028	0.13248010854339318	0.12651799014397036
34	believes	2029	0.0974855735605873	0.09309834488003796
34	believes	2030	0.1031768003607634	0.09853344441406298
34	justified	2026	0.09252928124863434	0.08642145215416597
34	justified	2027	0.09366750320890076	0.08748454043662722
34	justified	2028	0.09701058923441733	0.09060695039272644
34	justified	2029	0.11486255225219644	0.10728051088060399
34	justified	2030	0.10989358393364562	0.10263954261626286
34	knows	2026	0.09903124614136694	0.08911237784055802
34	knows	2027	0.11110187318601532	0.0999740232291224
34	knows	2028	0.11762666419695347	0.105845297847513
34	knows	2029	0.12638226159365554	0.11372394356626866
34	knows	2030	0.11489861369038067	0.10339048608877965
34	true	2026	0.10719637560140077	0.10098216985692086
34	true	2027	0.11506329495125672	0.10839304155459671
34	true	2028	0.11895516411170236	0.11205929790343447
34	true	2029	0.12166916617059163	0.11461596845656843
34	true	2030	0.11420851347026852	0.10758781201003947
34	lucky_guessed	2026	0.17255453307615026	0.15975395189277367
34	lucky_guessed	2027	0.13400155515514375	0.12406094244052354
34	lucky_guessed	2028	0.16060422719393866	0.14869015335339683
34	lucky_guessed	2029	0.12609761511476444	0.11674333893011975
34	lucky_guessed	2030	0.1769664443544422	0.1638385751683406
35	believes	2026	0.10304197789734874	0.10191173677765661
35	believes	2027	0.09020772833331135	0.08921826281686043
35	believes	2028	0.07156324065958457	0.0707782817631971
35	believes	2029	0.08112760454081754	0.0802377365815136
35	believes	2030	0.08602869112211896	0.08508506439674324
35	justified	2026	0.08627715786986773	0.0810444664188643
35	justified	2027	0.07788877526331367	0.07316483745043152
35	justified	2028	0.09291292276853835	0.08727777357421757
35	justified	2029	0.08749014567844081	0.08218388677235657
35	justified	2030	0.11612775453224354	0.10908463068152939
35	knows	2026	0.10866886439584424	0.09781775790786212
35	knows	2027	0.08490285641997701	0.07642489963567607
35	knows	2028	0.11127623445373303	0.10016476957966651
35	knows	2029	0.09843009818708588	0.08860138153500086
35	knows	2030	0.13969351421952347	0.12574444788020078
35	true	2026	0.12314219492234355	0.11629398330753135
35	true	2027	0.09895535155119779	0.09345222414415354
35	true	2028	0.11985908873714039	0.11319345796656564
35	true	2029	0.1255698515982978	0.1185866325909706
35	true	2030	0.12669996787819388	0.1196539005885297
35	lucky_guessed	2026	0.1996940691581638	0.18078284068379225
35	lucky_guessed	2027	0.17377114084752468	0.15731483966305163
35	lucky_guessed	2028	0.18528739780519196	0.1677404955457139
35	lucky_guessed	2029	0.15243082778449887	0.13799547563346884
35	lucky_guessed	2030	0.1420751809985028	0.12862051897610524
36	believes	2026	0.10050979590144203	0.09800939704741413
36	believes	2027	0.09968804068110496	0.09720808476791476
36	believes	2028	0.1013857707311135	0.09886358010603857
36	believes	2029	0.10810808167386676	0.10541865900511957
36	believes	2030	0.08940376672526465	0.08717965440008558
36	justified	2026	0.11686775418595982	0.11178155698426
36	justified	2027	0.0830762931289789	0.0794607328524645
36	justified	2028	0.0998425202910463	0.0954972776631531
36	justified	2029	0.1034581053694927	0.09895550899730454
36	justified	2030	0.11433353514394744	0.10935762959531958
36	knows	2026	0.1393250062083035	0.12902674067006484
36	knows	2027	0.1048083157913242	0.09706136572106251
36	knows	2028	0.1079900444507286	0.10000791558882788
36	knows	2029	0.1188488091696287	0.11006405021614699
36	knows	2030	0.12057263800555292	0.11166046152970427
36	true	2026	0.1347714883184131	0.12907429490054698
36	true	2027	0.10500876671852682	0.10056973245370085
36	true	2028	0.11753949046283421	0.1125707450719539
36	true	2029	0.13352556010037944	0.12788103579028592
36	true	2030	0.12532704114101534	0.12002909271899977
36	lucky_guessed	2026	0.14383791906690668	0.1303881273979431
36	lucky_guessed	2027	0.19720155581102985	0.1787619130543788
36	lucky_guessed	2028	0.15961867015463987	0.14469327444547145
36	lucky_guessed	2029	0.17255564544198168	0.15642055743769362
36	lucky_guessed	2030	0.16257690508621217	0.147374894950225
37	believes	2026	0.10110876730928302	0.09636369710385836
37	believes	2027	0.08703960409253407	0.08295480469222012
37	believes	2028	0.12148399239251652	0.11578270566854278
37	believes	2029	0.08831228647153173	0.08416775963710639
37	believes	2030	0.10024184717871969	0.09553746184159569
37	justified	2026	0.09594701885857063	0.0903363528076785
37	justified	2027	0.1162779084790643	0.1094783588804063
37	justified	2028	0.09965939550339019	0.09383164187794908
37	justified	2029	0.12969774391391933	0.12211344648277382
37	justified	2030	0.13912522610191763	0.13098964052355452
37	knows	2026	0.11063549975308086	0.1004146276148446
37	knows	2027	0.13274546514812952	0.12048200152896736
37	knows	2028	0.10382406460352937	0.09423245529591104
37	knows	2029	0.1357076096966647	0.12317049340044028
37	knows	2030	0.16023046630635845	0.14542784768555125
37	true	2026	0.10468669052103886	0.09884762522219705
37	true	2027	0.13151253164570215	0.12417721274247509
37	true	2028	0.11108626838081502	0.10489025653201282
37	true	2029	0.13171004936168254	0.12436371359627801
37	true	2030	0.1274662462368427	0.12035661528499216
37	lucky_guessed	2026	0.183960907154479	0.16287064513620125
37	lucky_guessed	2027	0.157905023615335	0.13980194740440283
37	lucky_guessed	2028	0.1648657469945393	0.14596465623706603
37	lucky_guessed	2029	0.17183107465346092	0.1521314414902011
37	lucky_guessed	2030	0.17842139553630598	0.15796621274919584
38	believes	2026	0.09403627714287778	0.0917901444172311
38	believes	2027	0.10051479239281527	0.09811391507754201
38	believes	2028	0.08461794957159116	0.08259678123651243
38	believes	2029	0.12887790479231062	0.12579955154011885
38	believes	2030	0.09777887550380047	0.09544334778174567
38	justified	2026	0.10016149559347017	0.0929477312996067
38	justified	2027	0.10141574418763422	0.09411164723978432
38	justified	2028	0.10364937829422424	0.09618441204357288
38	justified	2029	0.08623323392610213	0.08002260158525433
38	justified	2030	0.09524689540302882	0.08838708715946551
38	knows	2026	0.08770446493367624	0.07857221923943133
38	knows	2027	0.10035572405647825	0.08990616336876801
38	knows	2028	0.112061971278986	0.10039349515892741
38	knows	2029	0.0971251416035397	0.08701196598719455
38	knows	2030	0.10603593548465869	0.09499492159788236
38	true	2026	0.10546992488409176	0.09878760282942957
38	true	2027	0.11607461214097449	0.10872040247837722
38	true	2028	0.11238013087497228	0.10525999470461912
38	true	2029	0.117922154090176	0.11045088859078327
38	true	2030	0.11778189605815104	0.11031951697203464
38	lucky_guessed	2026	0.13788497251511403	0.1266529029629713
38	lucky_guessed	2027	0.18100083140954282	0.16625655659623928
38	lucky_guessed	2028	0.1869845369422456	0.1717528312255092
38	lucky_guessed	2029	0.24671488541567022	0.2266175629737052
38	lucky_guessed	2030	0.1656983830375554	0.15220064119515556
39	believes	2026	0.10316021035613542	0.0971223072171801
39	believes	2027	0.12918195702212346	0.12162101718778666
39	believes	2028	0.11901100411934555	0.11204536385105113
39	believes	2029	0.12977256803928777	0.12217706010837451
39	believes	2030	0.11404336452309408	0.10736847711976434
39	justified	2026	0.11159563203146552	0.11133115643929187
39	justified	2027	0.10195771199959697	0.10171607775489677
39	justified	2028	0.09404814673026919	0.09382525772604447
39	justified	2029	0.09543125029299965	0.09520508340838542
39	justified	2030	0.1106128409028762	0.11035069447234612
39	knows	2026	0.11686686688172374	0.11286501920633821
39	knows	2027	0.11142198092824407	0.10760658134355414
39	knows	2028	0.10559376865446395	0.10197794332346805
39	knows	2029	0.10387702598269215	0.10031998671188229
39	knows	2030	0.11597154878298083	0.11200035929796
39	true	2026	0.10888554796949114	0.1083856900994214
39	true	2027	0.11181060073160708	0.11129731490281572
39	true	2028	0.09858608632974963	0.09813350991304179
39	true	2029	0.10105996037142682	0.10059602720965635
39	true	2030	0.1038490217792349	0.10337228495048752
39	lucky_guessed	2026	0.19906626050979542	0.17510112938844466
39	lucky_guessed	2027	0.20576137164729025	0.18099023143192636
39	lucky_guessed	2028	0.16668343661409335	0.1466167994854095
39	lucky_guessed	2029	0.18282600521364106	0.16081600122744535
39	lucky_guessed	2030	0.14302102040058384	0.12580304735868447
40	believes	2026	0.08762347680999391	0.08368466540442328
40	believes	2027	0.08154699688103935	0.07788133268807917
40	believes	2028	0.10162940444914233	0.09706100483800095
40	believes	2029	0.11161845826125115	0.1066010351632729
40	believes	2030	0.10763037148335498	0.10279221908153097
40	justified	2026	0.08231821142185916	0.0806702648190865
40	justified	2027	0.08435735348274569	0.08266858484103697
40	justified	2028	0.09814362942127153	0.09617887025200687
40	justified	2029	0.08598745024609243	0.08426604833433389
40	justified	2030	0.08922186528046193	0.08743571289398121
40	knows	2026	0.11203238418161622	0.10620483186955891
40	knows	2027	0.09435954245706335	0.08945127264001734
40	knows	2028	0.11457050295084087	0.10861092613524453
40	knows	2029	0.10838163440043361	0.10274398195959196
40	knows	2030	0.09440086528385362	0.0894904459906846
40	true	2026	0.09144350062848035	0.09011768202815668
40	true	2027	0.09437804670139788	0.0930096807823447
40	true	2028	0.09926730891149438	0.09782805468725325
40	true	2029	0.10681045854620008	0.10526183790420392
40	true	2030	0.10186644917265791	0.10038951060257027
40	lucky_guessed	2026	0.1857229194677699	0.17034534054554873
40	lucky_guessed	2027	0.1310089897446565	0.12016164206623207
40	lucky_guessed	2028	0.1699532179130316	0.15588134660585765
40	lucky_guessed	2029	0.17887469472907203	0.1640641385345692
40	lucky_guessed	2030	0.1762939244617629	0.16169705217110675
41	believes	2026	0.09206137337250606	0.0908130228197863
41	believes	2027	0.0843656079822302	0.08322161186858316
41	believes	2028	0.08841805743394766	0.08721911017925636
41	believes	2029	0.08626545191347615	0.08509569395058908
41	believes	2030	0.07169097981166915	0.07071885142606714
41	justified	2026	0.13126307613623042	0.11897396409916815
41	justified	2027	0.1523604862492955	0.13809619243070745
41	justified	2028	0.12328227271260399	0.11174033947330908
41	justified	2029	0.11177212771481543	0.10130779729882976
41	justified	2030	0.16310543771802538	0.14783518002658882
41	knows	2026	0.14161307243099067	0.12283847556390555
41	knows	2027	0.1470569248319364	0.1275605998611024
41	knows	2028	0.14356088445598078	0.12452805305648786
41	knows	2029	0.13485955836338961	0.11698032025011718
41	knows	2030	0.18508783420803604	0.16054949595574552
41	true	2026	0.11807926269782795	0.1075890823083976
41	true	2027	0.1281896833506792	0.11680129159002064
41	true	2028	0.11949323197744904	0.10887743433339292
41	true	2029	0.12125852906596173	0.11048590214912445
41	true	2030	0.14344280031606607	0.1306993192297106
41	lucky_guessed	2026	0.1972718012456963	0.18021759899161266
41	lucky_guessed	2027	0.17404482339771024	0.1589985998586246
41	lucky_guessed	2028	0.12740626006375882	0.11639195333647577
41	lucky_guessed	2029	0.22157532571606064	0.20242007699113124
41	lucky_guessed	2030	0.14686618514630018	0.13416956246655293
42	believes	2026	0.08779149481372588	0.08160790442281342
42	believes	2027	0.12468880846807229	0.11590635728036397
42	believes	2028	0.12053090583365873	0.112041316350049
42	believes	2029	0.12865459494139753	0.11959281374363645
42	believes	2030	0.11814146123146649	0.10982017218189177
42	justified	2026	0.09567605416049604	0.09209390280167108
42	justified	2027	0.09531476419518017	0.09174613968329243
42	justified	2028	0.08075783877860107	0.07773423162365657
42	justified	2029	0.11296142111269948	0.10873209840824445
42	justified	2030	0.06777525080863142	0.0652377171602268
42	knows	2026	0.1250265338352884	0.11641799236341248
42	knows	2027	0.10857749587547516	0.10110153179421988
42	knows	2028	0.1031390029638319	0.09603749932979708
42	knows	2029	0.13117011608895823	0.12213856614844582
42	knows	2030	0.088604108762791	0.08250338660834057
42	true	2026	0.12089877455768194	0.11657650767209159
42	true	2027	0.10774859613790938	0.10389646289040873
42	true	2028	0.10324250870918075	0.09955147314482887
42	true	2029	0.11599465399034473	0.11184771491935545
42	true	2030	0.10029037536028364	0.09670488187658946
42	lucky_guessed	2026	0.21663699808884365	0.18659318442321016
42	lucky_guessed	2027	0.16503135359171847	0.142144352386765
42	lucky_guessed	2028	0.30342717510260564	0.26134706140875874
42	lucky_guessed	2029	0.21834604781243824	0.18806521843898957
42	lucky_guessed	2030	0.2025327228414378	0.1744449287899982
43	believes	2026	0.08693253846799201	0.08402532880327444
43	believes	2027	0.08422805720360757	0.08141129116573476
43	believes	2028	0.08549179704870156	0.0826327688526531
43	believes	2029	0.09772030895260804	0.09445233321380214
43	believes	2030	0.08906517182790386	0.08608664235101358
43	justified	2026	0.09164001230676293	0.08619463482171076
43	justified	2027	0.12994463971223585	0.12222314778332213
43	justified	2028	0.11609845242802833	0.10919972028049531
43	justified	2029	0.09124817665520575	0.08582608259167569
43	justified	2030	0.09812566997450993	0.09229490565514041
43	knows	2026	0.12186636873461436	0.11067379003880777
43	knows	2027	0.15013186769029105	0.13634329943048434
43	knows	2028	0.13695311521890619	0.12437492374869387
43	knows	2029	0.10865817379953228	0.09867867597891278
43	knows	2030	0.13114582039747774	0.11910098858156129
43	true	2026	0.09125371665260922	0.08652524154180417
43	true	2027	0.11752016537015164	0.11143064707594456
43	true	2028	0.11326214888267659	0.10739326735506906
43	true	2029	0.09003404366575639	0.08536876809983794
43	true	2030	0.09607139346527603	0.09109328178364157
43	lucky_guessed	2026	0.2145150897369419	0.18901126321864667
43	lucky_guessed	2027	0.18283360418561032	0.1610964083147622
43	lucky_guessed	2028	0.17361450241140272	0.1529733710299676
43	lucky_guessed	2029	0.23062556521481395	0.20320635469151116
43	lucky_guessed	2030	0.2066483753197859	0.18207982715421706
44	believes	2026	0.07851513425663803	0.07906849250435434
44	believes	2027	0.09513028758338557	0.09580074595730652
44	believes	2028	0.07650305059066775	0.07704222809345888
44	believes	2029	0.0889470886981182	0.0895739691792822
44	believes	2030	0.10385360207490991	0.10458554054520985
44	justified	2026	0.1119934740267203	0.10706312702136545
44	justified	2027	0.08932508038833688	0.08539267587617178
44	justified	2028	0.10394378928736717	0.09936781774356152
44	justified	2029	0.08953849455190167	0.08559669479692109
44	justified	2030	0.08200448826679976	0.07839436199234014
44	knows	2026	0.13844411528424655	0.12817139907805275
44	knows	2027	0.09189323229013566	0.08507464636000601
44	knows	2028	0.12906097017035603	0.11948449436902614
44	knows	2029	0.12292973490800684	0.11380820397532815
44	knows	2030	0.10602234267031696	0.09815536012987575
44	true	2026	0.1400752261976959	0.1351891820523113
44	true	2027	0.10070177279922725	0.09718913661957135
44	true	2028	0.10863468861024644	0.10484533985331043
44	true	2029	0.10074311702518379	0.09722903869391646
44	true	2030	0.10099587476023243	0.09747297984172795
44	lucky_guessed	2026	0.1533501717907541	0.13600865493080336
44	lucky_guessed	2027	0.16851441811533993	0.1494580610942378
44	lucky_guessed	2028	0.14681785022378138	0.1302150372287526
44	lucky_guessed	2029	0.23123109659634808	0.2050824596998602
44	lucky_guessed	2030	0.16874830845217684	0.14966550207550977
45	believes	2026	0.08726944794823172	0.08488983588313286
45	believes	2027	0.09253465954758913	0.09001147878414624
45	believes	2028	0.08718763908388592	0.08481025773486472
45	believes	2029	0.09852988810819703	0.09584323297255103
45	believes	2030	0.10248083214746984	0.09968644498961647
45	justified	2026	0.10200625645661998	0.09610596662521736
45	justified	2027	0.09798425347105573	0.09231660606906811
45	justified	2028	0.11094280092158033	0.10452559963527196
45	justified	2029	0.09270946755885963	0.08734692659604215
45	justified	2030	0.10799441667061321	0.10174775709634626
45	knows	2026	0.1198628571132504	0.10980138171682384
45	knows	2027	0.11537223026148859	0.10568770509528089
45	knows	2028	0.1426789147648261	0.13070222386099778
45	knows	2029	0.10603096488721293	0.09713056012325766
45	knows	2030	0.11047721011302745	0.10120358058183888
45	true	2026	0.10299830257474649	0.09749021503499901
45	true	2027	0.09879273789301676	0.09350955326760838
45	true	2028	0.10827254683546138	0.10248240611262437
45	true	2029	0.09249466511677623	0.08754828542228461
45	true	2030	0.09552321317137043	0.09041487442137952
45	lucky_guessed	2026	0.1623935154578999	0.14031300375025632
45	lucky_guessed	2027	0.18038642748214426	0.15585943443880393
45	lucky_guessed	2028	0.16396023712515642	0.14166669957089
45	lucky_guessed	2029	0.19645956113857288	0.16974711743312593
45	lucky_guessed	2030	0.17001418826326087	0.14689749999016496
46	believes	2026	0.13500711799530773	0.1301557442746127
46	believes	2027	0.10670885512920344	0.10287435704327835
46	believes	2028	0.096632649789473	0.09316023215171504
46	believes	2029	0.10644125401574622	0.10261637196361795
46	believes	2030	0.09652164405267104	0.09305321531803437
46	justified	2026	0.08233222192813809	0.07797901202750689
46	justified	2027	0.09509571545167327	0.09006765231530901
46	justified	2028	0.07304239423978283	0.06918037198016298
46	justified	2029	0.09465146827280056	0.0896468941322645
46	justified	2030	0.1285391301006654	0.12174278960761838
46	knows	2026	0.11091654015986371	0.10192890153055922
46	knows	2027	0.11185526941926967	0.10279156495395789
46	knows	2028	0.10306314300814012	0.09471187020408017
46	knows	2029	0.1279890073162225	0.11761797568628105
46	knows	2030	0.14834477445000493	0.1363243019092938
46	true	2026	0.09976192038793787	0.09497235653408723
46	true	2027	0.10104741780342733	0.09619613729525103
46	true	2028	0.08640132263725325	0.08225320028536727
46	true	2029	0.0963778464172718	0.09175075175312433
46	true	2030	0.13083601050638136	0.12455458143738805
46	lucky_guessed	2026	0.18362119483587608	0.1585430737621325
46	lucky_guessed	2027	0.2347505006774622	0.2026893789568824
46	lucky_guessed	2028	0.20309603299488865	0.1753581299189649
46	lucky_guessed	2029	0.19200694204295352	0.16578353496918766
46	lucky_guessed	2030	0.16062038310848664	0.1386836049598309
47	believes	2026	0.11513529614932305	0.1093673505166569
47	believes	2027	0.10689491133533531	0.1015397851697567
47	believes	2028	0.09672570265261315	0.09188002445625769
47	believes	2029	0.098975093313792	0.09401672714533561
47	believes	2030	0.10403869958337572	0.09882666137302605
47	justified	2026	0.10268002266975851	0.09770038811248484
47	justified	2027	0.09896249421945713	0.09416314724546836
47	justified	2028	0.0943491151597023	0.0897735015000861
47	justified	2029	0.0824980934072632	0.07849721430577278
47	justified	2030	0.08825995163235384	0.08397964185305716
47	knows	2026	0.11805700726844641	0.10935333612571063
47	knows	2027	0.09995782610508162	0.0925885045655043
47	knows	2028	0.11839373759472283	0.1096652412417644
47	knows	2029	0.0950421234243832	0.0880352086623297
47	knows	2030	0.10278408505928473	0.09520639953462295
47	true	2026	0.08567141115782502	0.0814527417575742
47	true	2027	0.0829942261835099	0.0789073879061193
47	true	2028	0.08660538085644617	0.08234072050851414
47	true	2029	0.08291767095929761	0.07883460244801041
47	true	2030	0.0849947600339956	0.08080941058671584
47	lucky_guessed	2026	0.15025146083732374	0.13184477182719592
47	lucky_guessed	2027	0.16634846428608566	0.14596979753394368
47	lucky_guessed	2028	0.1714954732819086	0.1504862676092764
47	lucky_guessed	2029	0.16842911141778544	0.14779555313593992
47	lucky_guessed	2030	0.1852700243847219	0.1625733550628803
48	believes	2026	0.09134992388008874	0.08933693051552144
48	believes	2027	0.10169945820478171	0.0994584017719921
48	believes	2028	0.09973389360765293	0.09753615049493616
48	believes	2029	0.08482144658286621	0.08295231520440509
48	believes	2030	0.08582885131914549	0.08393752069887409
48	justified	2026	0.09506236634760346	0.09248305413998761
48	justified	2027	0.08190583539763963	0.07968349727128146
48	justified	2028	0.09008890090495217	0.08764453295154813
48	justified	2029	0.10596366307481095	0.10308856770075767
48	justified	2030	0.08842039199246444	0.08602129542848447
48	knows	2026	0.11384639474143249	0.10603895654252829
48	knows	2027	0.10640101094949456	0.09910416752133126
48	knows	2028	0.10414231241055429	0.09700036760076869
48	knows	2029	0.13569784841772053	0.12639186584662684
48	knows	2030	0.10532391625912885	0.09810093858884479
48	true	2026	0.09939190667144181	0.09742377288382581
48	true	2027	0.0861475345932075	0.08444166256367508
48	true	2028	0.1039382655815127	0.10188010592678946
48	true	2029	0.1117908109019646	0.10957715710006642
48	true	2030	0.09049292449726941	0.08870100613884604
48	lucky_guessed	2026	0.23584284588786597	0.22086209686418584
48	lucky_guessed	2027	0.1540188419425978	0.14423555762301765
48	lucky_guessed	2028	0.16719552638716317	0.15657525843178463
48	lucky_guessed	2029	0.18955824255056686	0.1775174937785218
48	lucky_guessed	2030	0.14201446306693266	0.13299369747648543
49	believes	2026	0.10423032552253311	0.10009435953432637
49	believes	2027	0.09663694023394234	0.09280228754521457
49	believes	2028	0.11531782139060505	0.11074189221918043
49	believes	2029	0.12921574367070518	0.12408833071978484
49	believes	2030	0.1164625283450009	0.11184117603010907
49	justified	2026	0.09679186154934835	0.09137248357746248
49	justified	2027	0.10121170636464093	0.09554486120648818
49	justified	2028	0.09446052245699638	0.08917167620048254
49	justified	2029	0.07937768359697828	0.0749333257443765
49	justified	2030	0.11276461583593796	0.10645092308029358
49	knows	2026	0.11238782745575611	0.10208010084860511
49	knows	2027	0.11493330541160621	0.10439211854948445
49	knows	2028	0.10768239888969872	0.09780623388780692
49	knows	2029	0.09728816469757914	0.08836531400710818
49	knows	2030	0.13511213817757106	0.12272023584108116
49	true	2026	0.1042143175680196	0.09834897301098863
49	true	2027	0.10194406627429894	0.09620649500580891
49	true	2028	0.10071004816819364	0.0950419293660329
49	true	2029	0.09243490710228623	0.08723252616361919
49	true	2030	0.12866417195456273	0.12142275140631574
49	lucky_guessed	2026	0.18177315393143556	0.15811552452901173
49	lucky_guessed	2027	0.15073472300437116	0.13111672035773433
49	lucky_guessed	2028	0.18876701624938028	0.16419914130612193
49	lucky_guessed	2029	0.19685971959661622	0.1712385858386658
49	lucky_guessed	2030	0.15855517838651448	0.13791934977830184
50	believes	2026	0.09067108229854856	0.0872427054933038
50	believes	2027	0.09287389742457412	0.0893622296726145
50	believes	2028	0.1053882893442547	0.10140343819245536
50	believes	2029	0.11388323338699248	0.10957717873370541
50	believes	2030	0.1156289316669217	0.11125687017506886
50	justified	2026	0.12847847744583352	0.12069047067955513
50	justified	2027	0.10470593710923272	0.09835895539768483
50	justified	2028	0.1223261208230187	0.1149110527462359
50	justified	2029	0.10339076480249232	0.09712350516601366
50	justified	2030	0.0980412713999897	0.0920982831250892
50	knows	2026	0.12812240555933463	0.11577102969436455
50	knows	2027	0.12700030871565848	0.11475710627915811
50	knows	2028	0.1353740566494511	0.12232360033977169
50	knows	2029	0.10559541946383001	0.09541571116282616
50	knows	2030	0.10591965004626738	0.09570868496567748
50	true	2026	0.11432934545139775	0.10705634222042157
50	true	2027	0.09406439167602468	0.08808053318476475
50	true	2028	0.11541497635692455	0.10807291126739951
50	true	2029	0.10259099040405842	0.09606471666627203
50	true	2030	0.09819459033670322	0.09194799135580707
50	lucky_guessed	2026	0.1337289133214724	0.1269135660409054
50	lucky_guessed	2027	0.1719072797437917	0.163146213924801
50	lucky_guessed	2028	0.14931303749855196	0.14170346243513474
50	lucky_guessed	2029	0.1897991821795843	0.18012627519190916
50	lucky_guessed	2030	0.16935205093921285	0.16072120955151362
51	believes	2026	0.10569523013190706	0.09947409683747858
51	believes	2027	0.12837966293540995	0.12082334280234196
51	believes	2028	0.16266081668831076	0.1530867363713874
51	believes	2029	0.13206786828389172	0.12429446345304226
51	believes	2030	0.11364597365396797	0.10695686621180525
51	justified	2026	0.08051041706802531	0.0816106094893717
51	justified	2027	0.07567019166791406	0.07670424135274585
51	justified	2028	0.09854337162961634	0.09988998831089897
51	justified	2029	0.06506376015626507	0.06595287063954253
51	justified	2030	0.08739563785759559	0.08858991832379191
51	knows	2026	0.09614157945421001	0.09449515746495711
51	knows	2027	0.09974036991211763	0.09803231873205832
51	knows	2028	0.1100156379197754	0.10813162304857106
51	knows	2029	0.09642475330913665	0.09477348197515506
51	knows	2030	0.12054208791709574	0.11847780786985887
51	true	2026	0.10938199905326877	0.11054760839491888
51	true	2027	0.1012352285224772	0.10231402328844612
51	true	2028	0.1158982009239151	0.11713324898343691
51	true	2029	0.09229490731041254	0.0932784311724637
51	true	2030	0.11338662798689066	0.11459491192706038
51	lucky_guessed	2026	0.1702557820400668	0.16768013519210878
51	lucky_guessed	2027	0.15444624996763015	0.15210977133447307
51	lucky_guessed	2028	0.16628884554564222	0.1637732109178595
51	lucky_guessed	2029	0.1789501123612024	0.17624293679675435
51	lucky_guessed	2030	0.18592045642795632	0.18310783278703416
52	believes	2026	0.10353804153055968	0.10083438222711721
52	believes	2027	0.12902549057301005	0.12565628479306504
52	believes	2028	0.1314693145101514	0.12803629385380005
52	believes	2029	0.12317068932366391	0.11995436829635285
52	believes	2030	0.10552822799865569	0.10277259952445714
52	justified	2026	0.09396046117363574	0.08908254953271208
52	justified	2027	0.0804216536088593	0.07624660257759579
52	justified	2028	0.07795162145686167	0.07390480094338393
52	justified	2029	0.10681184683122959	0.10126676175460587
52	justified	2030	0.09551726507538812	0.09055853271711017
52	knows	2026	0.11945842037385036	0.10950195937222602
52	knows	2027	0.09718801298949539	0.08908771618222996
52	knows	2028	0.08569627640588043	0.0785537775234296
52	knows	2029	0.127687052839784	0.11704476276066669
52	knows	2030	0.11983401441403854	0.1098462489015905
52	true	2026	0.11409035499012093	0.10890216796868811
52	true	2027	0.10059411920084617	0.09601966499991492
52	true	2028	0.10709071486389146	0.10222083206774348
52	true	2029	0.11397856334251538	0.10879545997583374
52	true	2030	0.12702582755633016	0.12124940806870928
52	lucky_guessed	2026	0.18204346083212014	0.15988247751650958
52	lucky_guessed	2027	0.15362844888415794	0.13492655496848124
52	lucky_guessed	2028	0.24995252378239669	0.21952465955746484
52	lucky_guessed	2029	0.15044352081487167	0.13212934276375965
52	lucky_guessed	2030	0.1630980339660974	0.1432433641361013
53	believes	2026	0.09817980288366347	0.0946355107469438
53	believes	2027	0.13339491862155936	0.12857936035741235
53	believes	2028	0.11161763318482247	0.10758823520278546
53	believes	2029	0.09856573509032449	0.09500751079602048
53	believes	2030	0.0845543038500343	0.08150189240226853
53	justified	2026	0.11672003743663474	0.11101024548685826
53	justified	2027	0.0844355338530157	0.08030505769779037
53	justified	2028	0.07722429873892389	0.07344658679716738
53	justified	2029	0.14983050449532093	0.14250099169540625
53	justified	2030	0.10626432694985555	0.10106601471579638
53	knows	2026	0.13293605150788548	0.12238010572186983
53	knows	2027	0.11274521941467082	0.1037925507422219
53	knows	2028	0.09670256095883263	0.08902377872277563
53	knows	2029	0.18336060566097231	0.16880063798709113
53	knows	2030	0.11910804579369924	0.10965012930065539
53	true	2026	0.11967010037185852	0.1142974631596385
53	true	2027	0.09663253577682507	0.09229417927831376
53	true	2028	0.09516866259509243	0.09089602727092386
53	true	2029	0.152178408956292	0.14534629817578432
53	true	2030	0.11769151087235381	0.11240770323025795
53	lucky_guessed	2026	0.16941604526807938	0.1456114595434491
53	lucky_guessed	2027	0.2417986983389384	0.2078236528607768
53	lucky_guessed	2028	0.1981830294081443	0.17033640540480396
53	lucky_guessed	2029	0.17122070192496663	0.14716254456239367
53	lucky_guessed	2030	0.17641967253007046	0.151631009734832
54	believes	2026	0.106116588018299	0.10659690493378216
54	believes	2027	0.09452886602071962	0.09495673327690546
54	believes	2028	0.10027299760659801	0.10072686460153328
54	believes	2029	0.09277679667126273	0.09319673351278523
54	believes	2030	0.09097099899300704	0.09138276222862113
54	justified	2026	0.11968586153898489	0.11479576294566692
54	justified	2027	0.10434758801745223	0.10008417722841714
54	justified	2028	0.09931208341539162	0.09525441216530085
54	justified	2029	0.09390428702518913	0.09006756632999799
54	justified	2030	0.1103882725213378	0.10587805277412426
54	knows	2026	0.12858919033764887	0.11966510339812239
54	knows	2027	0.10503564282138048	0.09774617155380527
54	knows	2028	0.11046203406581176	0.10279597136698147
54	knows	2029	0.11110822593934591	0.10339731753891432
54	knows	2030	0.10512563816149771	0.09782992121932693
54	true	2026	0.11232578359965434	0.10775834651465167
54	true	2027	0.09742348551292666	0.09346201178514997
54	true	2028	0.09034831639295936	0.08667453609393612
54	true	2029	0.10573376692196529	0.10143437712293524
54	true	2030	0.08706617062678902	0.08352585028513604
54	lucky_guessed	2026	0.1272679736240867	0.11213485780361107
54	lucky_guessed	2027	0.20701294005964277	0.1823975501146987
54	lucky_guessed	2028	0.16629462118497898	0.14652094450063424
54	lucky_guessed	2029	0.17500970322048784	0.1541997379705857
54	lucky_guessed	2030	0.16091064671333946	0.14177716494161635
55	believes	2026	0.07614654915474438	0.07420209513616002
55	believes	2027	0.10353385329518401	0.10089004580378703
55	believes	2028	0.09331100326529002	0.09092824321521065
55	believes	2029	0.14785926701735735	0.14408357988342607
55	believes	2030	0.11949033897894246	0.11643907175293274
55	justified	2026	0.12202400454820059	0.1165654814345992
55	justified	2027	0.08328589492401486	0.07956025107088158
55	justified	2028	0.07469522780921521	0.07135387190975967
55	justified	2029	0.09927362257845017	0.0948327966489802
55	justified	2030	0.11537188360071979	0.11021093108464745
55	knows	2026	0.12332628532992013	0.1139826321348127
55	knows	2027	0.09333232740829756	0.08626112683769396
55	knows	2028	0.089090148225381	0.08234035076013033
55	knows	2029	0.11483537058264488	0.10613502033382764
55	knows	2030	0.10667585977385127	0.09859370408943809
55	true	2026	0.11715183308797916	0.1116221661360116
55	true	2027	0.10462756482523336	0.09968905407188944
55	true	2028	0.09280507974398246	0.08842460042148119
55	true	2029	0.10893928391797265	0.10379725632716377
55	true	2030	0.11294686104869357	0.10761567238175739
55	lucky_guessed	2026	0.18049345842216277	0.16276665359023915
55	lucky_guessed	2027	0.19605645422838933	0.17680116082037697
55	lucky_guessed	2028	0.2120158669554371	0.19119315167453457
55	lucky_guessed	2029	0.18484798610245498	0.16669351002416855
55	lucky_guessed	2030	0.16357516516731097	0.1475099567458043
56	believes	2026	0.10016794954920055	0.09707813441083195
56	believes	2027	0.12132311494026046	0.11758074026988424
56	believes	2028	0.12881954745798066	0.12484593524324768
56	believes	2029	0.10299092610103192	0.09981403245377533
56	believes	2030	0.13952806308480864	0.13522413230168986
56	justified	2026	0.0684148850253855	0.06684700632299395
56	justified	2027	0.08688042655813925	0.08488936905062967
56	justified	2028	0.0812073363546463	0.07934629028110321
56	justified	2029	0.0797391153828037	0.07791171684650784
56	justified	2030	0.07670295508351914	0.07494513688881894
56	knows	2026	0.09881121202325364	0.09380406682695158
56	knows	2027	0.10910914970606286	0.10358016829153727
56	knows	2028	0.10838009625880307	0.10288805879417495
56	knows	2029	0.10591284646215325	0.10054583406011079
56	knows	2030	0.10910789731095401	0.10357897936011867
56	true	2026	0.09823297596436247	0.09654863848398876
56	true	2027	0.09968868445532862	0.09797938688036588
56	true	2028	0.08148144374182939	0.0800843339800411
56	true	2029	0.09869256903530706	0.09700035120897504
56	true	2030	0.1040343216839389	0.10225051227027433
56	lucky_guessed	2026	0.16680531260894535	0.14848557368554594
56	lucky_guessed	2027	0.12965155171373152	0.11541230152883179
56	lucky_guessed	2028	0.1565364250767051	0.13934448799415847
56	lucky_guessed	2029	0.14064158441979335	0.12519533113178097
56	lucky_guessed	2030	0.19521462335765655	0.17377477304349917
57	believes	2026	0.08507039456399478	0.08076826540659138
57	believes	2027	0.11304821829127693	0.10733121135136497
57	believes	2028	0.10079342717524604	0.09569616220841856
57	believes	2029	0.09669880869697936	0.09180861432896685
57	believes	2030	0.11219720003633953	0.10652323028306356
57	justified	2026	0.12447566649886976	0.1190819977823928
57	justified	2027	0.09917134417038588	0.09487413981175216
57	justified	2028	0.09156190498956561	0.0875944260721682
57	justified	2029	0.09515035730250593	0.09102738676553923
57	justified	2030	0.08572459977560962	0.08201005776874748
57	knows	2026	0.11263309203390391	0.10516909488612548
57	knows	2027	0.11137538538562355	0.10399473424802728
57	knows	2028	0.10627314316625776	0.09923060865748634
57	knows	2029	0.11653830993620194	0.1088155208582914
57	knows	2030	0.12211060305294322	0.11401854789897196
57	true	2026	0.1027964068016272	0.09931887010164885
57	true	2027	0.10376511075471866	0.10025480341952937
57	true	2028	0.11315628541908207	0.10932828065100242
57	true	2029	0.12098666922381615	0.11689376757944367
57	true	2030	0.11366585098023496	0.1098206079351076
57	lucky_guessed	2026	0.17280398294279006	0.1639424649093693
57	lucky_guessed	2027	0.1777876386702907	0.16867055502808287
57	lucky_guessed	2028	0.15672800108778007	0.14869087147809304
57	lucky_guessed	2029	0.14454336482419364	0.1371310725136341
57	lucky_guessed	2030	0.12454779335748907	0.11816088896984228
58	believes	2026	0.07226587459425285	0.07228934189095099
58	believes	2027	0.08012515913244432	0.08015117861803008
58	believes	2028	0.09533670064592915	0.0953676598594285
58	believes	2029	0.10576151272295145	0.10579585724326963
58	believes	2030	0.08953680414847977	0.08956587992954729
58	justified	2026	0.10163851503537163	0.09634129039506681
58	justified	2027	0.09604424501972494	0.09103858411351332
58	justified	2028	0.09130723844289117	0.08654846217437184
58	justified	2029	0.0804628752866772	0.07626928857941347
58	justified	2030	0.11424670019530588	0.10829235862373256
58	knows	2026	0.1218973586476698	0.11209277415879858
58	knows	2027	0.12700427856578037	0.11678892859051547
58	knows	2028	0.11538318425863531	0.10610255511942128
58	knows	2029	0.10644701763019479	0.09788515222538144
58	knows	2030	0.1286192021960354	0.11827395887975334
58	true	2026	0.11709788398838822	0.11162789752177021
58	true	2027	0.11427943707716999	0.10894110855291732
58	true	2028	0.1073688566115226	0.1023533416201542
58	true	2029	0.10997535564421732	0.10483808341908452
58	true	2030	0.14170557876897283	0.13508609452459983
58	lucky_guessed	2026	0.194753901153115	0.17191931548259223
58	lucky_guessed	2027	0.23765286210453435	0.20978844137950628
58	lucky_guessed	2028	0.2001958802618356	0.1767232311818534
58	lucky_guessed	2029	0.15258906610008136	0.13469824038815878
58	lucky_guessed	2030	0.15756597812621387	0.13909161738180933
59	believes	2026	0.09126529336373088	0.09454145907734707
59	believes	2027	0.09158345797109639	0.09487104489358092
59	believes	2028	0.09539622835019629	0.09882068293758949
59	believes	2029	0.10735715716509128	0.11121097524261418
59	believes	2030	0.09447294273280905	0.09786425397981431
59	justified	2026	0.10516259348475276	0.09874807298753642
59	justified	2027	0.07977465753443407	0.07490870511773912
59	justified	2028	0.12839048685876203	0.12055915270930022
59	justified	2029	0.1059408873453028	0.0994788938659554
59	justified	2030	0.09756427084656857	0.0916132192948396
59	knows	2026	0.11213301280290465	0.10150040236175532
59	knows	2027	0.09833887016563435	0.08901423978642753
59	knows	2028	0.16471607612304726	0.14909746544780023
59	knows	2029	0.11688527975767647	0.10580205266065211
59	knows	2030	0.11250305547920758	0.10183535706953424
59	true	2026	0.10804580019550183	0.10133102511863733
59	true	2027	0.09391572216446521	0.08807909594322746
59	true	2028	0.12837637895322598	0.12039810947589816
59	true	2029	0.1117120177725387	0.10476939648260435
59	true	2030	0.1150827989765619	0.10793069210202004
59	lucky_guessed	2026	0.16244340357032852	0.15086251548375681
59	lucky_guessed	2027	0.19384676806109025	0.18002707654073133
59	lucky_guessed	2028	0.15975754358358835	0.14836813538009586
59	lucky_guessed	2029	0.18094842563977254	0.1680482806002216
59	lucky_guessed	2030	0.15578754648115872	0.14468116665023628
60	believes	2026	0.14310480254688646	0.13376192025749578
60	believes	2027	0.1157339480061203	0.10817802651457306
60	believes	2028	0.11132604963713155	0.10405790657700045
60	believes	2029	0.1292667395444063	0.1208273027819607
60	believes	2030	0.1501824683553902	0.14037750654556674
60	justified	2026	0.07483328257287244	0.07120277800129293
60	justified	2027	0.09273383419842056	0.08823489205099287
60	justified	2028	0.09281986843272765	0.08831675237136453
60	justified	2029	0.08168045995507454	0.07771776751288689
60	justified	2030	0.10131429502589862	0.09639907550576471
60	knows	2026	0.09691823152515361	0.089496933311206
60	knows	2027	0.10466650133742327	0.09665189658027841
60	knows	2028	0.1034707330225417	0.09554769156695402
60	knows	2029	0.09551218003376183	0.08819854708833574
60	knows	2030	0.11015688119792999	0.10172186280331491
60	true	2026	0.09451458474661437	0.090595093461679
60	true	2027	0.10258246788708815	0.09832840392491213
60	true	2028	0.10630001190692327	0.10189178251698633
60	true	2029	0.10160884635561622	0.09739515818430527
60	true	2030	0.09511166752101129	0.09116741539374765
60	lucky_guessed	2026	0.1744548671518512	0.15585639747002203
60	lucky_guessed	2027	0.13927462464018814	0.12442668760003667
60	lucky_guessed	2028	0.17680852676393544	0.15795913563949274
60	lucky_guessed	2029	0.1603960279069815	0.1432963578844924
60	lucky_guessed	2030	0.18953245551520506	0.1693265782864896
61	believes	2026	0.08542688065104627	0.08100959917753663
61	believes	2027	0.12076750418601884	0.11452281803129426
61	believes	2028	0.11715612208396091	0.11109817447255677
61	believes	2029	0.1167273440920814	0.11069156787527043
61	believes	2030	0.07951670538839521	0.07540502921726745
61	justified	2026	0.08465767259762985	0.08352583496359227
61	justified	2027	0.07075126702605923	0.06980535221150315
61	justified	2028	0.09533420359532208	0.09405962521241472
61	justified	2029	0.0935894160687406	0.09233816476447113
61	justified	2030	0.09015868366945938	0.08895329982082235
61	knows	2026	0.11921047982973693	0.11451124891516656
61	knows	2027	0.08813935136434592	0.08466493229218817
61	knows	2028	0.1016747886936808	0.09766680792769306
61	knows	2029	0.10305404582235883	0.09899169527489314
61	knows	2030	0.11436509248778265	0.10985686486439022
61	true	2026	0.1037767120004637	0.1024336579953633
61	true	2027	0.10370314954064086	0.10236104756374009
61	true	2028	0.1014836034425205	0.10017022631360463
61	true	2029	0.09801570034110944	0.09674720400538761
61	true	2030	0.09396500088374155	0.09274892775573948
61	lucky_guessed	2026	0.24361818748320543	0.21416625225017147
61	lucky_guessed	2027	0.2202376360401448	0.19361226516967964
61	lucky_guessed	2028	0.3205012095998835	0.28175459152197196
61	lucky_guessed	2029	0.26336637539337004	0.23152700612961516
61	lucky_guessed	2030	0.1616544327558482	0.14211140958157759
62	believes	2026	0.10528777296585974	0.10944919633036748
62	believes	2027	0.0870962443935668	0.09053866069861857
62	believes	2028	0.09226235375832215	0.09590895681372968
62	believes	2029	0.08828429904550748	0.09177367235465983
62	believes	2030	0.0964945966881195	0.10030847609591073
62	justified	2026	0.08948844638466398	0.08299177090099909
62	justified	2027	0.1377395641939156	0.12773995769742094
62	justified	2028	0.09889513063216546	0.0917155493947161
62	justified	2029	0.10616620379656155	0.09845875773772492
62	justified	2030	0.10712073041819344	0.09934398770764598
62	knows	2026	0.10570891970347436	0.09431101203039396
62	knows	2027	0.13967261600686146	0.12461262309264483
62	knows	2028	0.10254405453465706	0.09148739376007034
62	knows	2029	0.09986467767986769	0.08909691674550205
62	knows	2030	0.12178381858039561	0.10865265874877261
62	true	2026	0.1028178371987326	0.09609524563206734
62	true	2027	0.13321545102893617	0.12450535663251686
62	true	2028	0.10640465169661578	0.09944754159161504
62	true	2029	0.11218779464216092	0.10485256232555018
62	true	2030	0.11191076634753078	0.10459364711448559
62	lucky_guessed	2026	0.1813399706704676	0.16441987798643587
62	lucky_guessed	2027	0.1755090796803429	0.15913304364095843
62	lucky_guessed	2028	0.17591608346366933	0.15950207156208976
62	lucky_guessed	2029	0.15163007358926933	0.13748209016713014
62	lucky_guessed	2030	0.18588016234867133	0.16853644290593636
63	believes	2026	0.0819747572144112	0.07645014827752777
63	believes	2027	0.11535178827667882	0.10757776683332172
63	believes	2028	0.11665874688671253	0.10879664424052557
63	believes	2029	0.10621455410943322	0.09905632766509913
63	believes	2030	0.10371901822800936	0.09672897599429472
63	justified	2026	0.11138397855543465	0.10922858539993632
63	justified	2027	0.07677964928267313	0.07529388505794603
63	justified	2028	0.0897982389295085	0.08806055176772214
63	justified	2029	0.07273106235809065	0.07132364240387588
63	justified	2030	0.083682648779171	0.08206330450047093
63	knows	2026	0.12858470472918881	0.12229524452000964
63	knows	2027	0.09785444267173392	0.09306809094528658
63	knows	2028	0.10417738968898561	0.09908176382489096
63	knows	2029	0.10059525607022407	0.095674843011623
63	knows	2030	0.09397441377088327	0.08937784579386213
63	true	2026	0.11408318595674506	0.11134139505692281
63	true	2027	0.10178106311198179	0.099334932332285
63	true	2028	0.10886869797568957	0.10625222822265849
63	true	2029	0.11158872798107188	0.10890688703899609
63	true	2030	0.1225219966133152	0.11957739358066666
63	lucky_guessed	2026	0.2259180105958653	0.19609761515163993
63	lucky_guessed	2027	0.25927414203949234	0.22505085269798536
63	lucky_guessed	2028	0.16301900458850627	0.14150106022926082
63	lucky_guessed	2029	0.1703849924268821	0.14789476316835673
63	lucky_guessed	2030	0.19413565535092703	0.16851042079295925
64	believes	2026	0.08921053119016681	0.08425530249860744
64	believes	2027	0.08918377141714072	0.08423002910609394
64	believes	2028	0.13272950575633152	0.1253570011162878
64	believes	2029	0.09740180809930912	0.09199159220142805
64	believes	2030	0.12702803002829396	0.11997221575804055
64	justified	2026	0.08669004094561698	0.08236683517165753
64	justified	2027	0.09733426901142826	0.09248023884597587
64	justified	2028	0.09237018348186016	0.0877637107404182
64	justified	2029	0.08633964358071494	0.08203391201595647
64	justified	2030	0.09221529788597325	0.08761654924173021
64	knows	2026	0.10272279006245091	0.09479668995020037
64	knows	2027	0.11830314747459837	0.10917486552365119
64	knows	2028	0.09011823857256743	0.0831647068350475
64	knows	2029	0.1081612620296009	0.09981552891046752
64	knows	2030	0.10790280287328463	0.09957701248688511
64	true	2026	0.11937216760983695	0.11364539205981136
64	true	2027	0.11650834628662689	0.1109189600649664
64	true	2028	0.10281034911984434	0.09787811235630081
64	true	2029	0.11221405950502647	0.10683068794355081
64	true	2030	0.11143269631400121	0.10608680996962139
64	lucky_guessed	2026	0.1427577252579475	0.12678642867752157
64	lucky_guessed	2027	0.15919232041281567	0.14138237171795354
64	lucky_guessed	2028	0.17684124584816252	0.15705678949044416
64	lucky_guessed	2029	0.16661317094991357	0.14797300025065308
64	lucky_guessed	2030	0.2053830244278746	0.18240540139699887
65	believes	2026	0.0891192460215409	0.09208318772679366
65	believes	2027	0.0886223023696918	0.09156971664590283
65	believes	2028	0.11031778122012421	0.11398674709658871
65	believes	2029	0.09843909080098862	0.10171299334928546
65	believes	2030	0.10282202337854345	0.1062416941782322
65	justified	2026	0.11405164022133073	0.10559378052940123
65	justified	2027	0.1258097859036631	0.11647996377239084
65	justified	2028	0.09909855878100433	0.09174959208297517
65	justified	2029	0.08472513147763208	0.07844207168973726
65	justified	2030	0.08847434033697754	0.08191324612163788
65	knows	2026	0.11911002105648888	0.10653645459758418
65	knows	2027	0.1517129723691017	0.13569775279445154
65	knows	2028	0.11442783593681784	0.10234853322879568
65	knows	2029	0.1020805037587678	0.09130461784434403
65	knows	2030	0.10995080940471468	0.09834411336857768
65	true	2026	0.10864290316763345	0.10105221587753468
65	true	2027	0.13181477141646805	0.12260510671803479
65	true	2028	0.11220186255693095	0.1043625170755039
65	true	2029	0.09334319243860123	0.08682146884872556
65	true	2030	0.09473663527315082	0.0881175542995409
65	lucky_guessed	2026	0.15275235934522702	0.13639187889175003
65	lucky_guessed	2027	0.14877170594808414	0.13283757178722863
65	lucky_guessed	2028	0.13833495464323292	0.12351864456347664
65	lucky_guessed	2029	0.17933908538806428	0.16013104425787963
65	lucky_guessed	2030	0.22975733878917182	0.20514927076052836
66	believes	2026	0.12547997371444744	0.12006581719900147
66	believes	2027	0.09702827703090637	0.09284174221806961
66	believes	2028	0.10495199459038876	0.10042357058375238
66	believes	2029	0.09267537055706643	0.0886766531006478
66	believes	2030	0.1250797319883213	0.11968284493257568
66	justified	2026	0.09530432588244026	0.08968988646365367
66	justified	2027	0.11858444888216291	0.11159856237497164
66	justified	2028	0.10548539841968808	0.09927118543921491
66	justified	2029	0.11678467375073788	0.10990481315946661
66	justified	2030	0.0908912233532706	0.08553676265601108
66	knows	2026	0.11628930900984222	0.10607092022789154
66	knows	2027	0.1321959290133527	0.12057981907554867
66	knows	2028	0.11565946233301075	0.10549641843419406
66	knows	2029	0.13430521297752482	0.12250375940167735
66	knows	2030	0.10936793857041063	0.09975773341820383
66	true	2026	0.11007227378834203	0.10446529245709392
66	true	2027	0.13203908318751528	0.12531313260116583
66	true	2028	0.10349841826628575	0.09822630314537292
66	true	2029	0.11780672897744388	0.11180576154633504
66	true	2030	0.10632900637424715	0.10091270367428684
66	lucky_guessed	2026	0.18739227252546198	0.16938605469765008
66	lucky_guessed	2027	0.2560501413792544	0.2314467009151315
66	lucky_guessed	2028	0.23315130347176075	0.21074817499387555
66	lucky_guessed	2029	0.20349502830146482	0.18394152293493451
66	lucky_guessed	2030	0.24973576119840374	0.2257390592270251
67	believes	2026	0.11596262125434581	0.11009386828235629
67	believes	2027	0.11057456499529938	0.10497849619379071
67	believes	2028	0.10695289340165423	0.10154011379884481
67	believes	2029	0.11331820062155123	0.10758327914871232
67	believes	2030	0.11773962888830077	0.11178094332665249
67	justified	2026	0.08728800930405556	0.08547387447746867
67	justified	2027	0.10021637444062938	0.09813354523514572
67	justified	2028	0.09571197781680013	0.09372276493792536
67	justified	2029	0.1023789164217393	0.10025114240936674
67	justified	2030	0.09236294132185954	0.09044333254771145
67	knows	2026	0.12279075928280643	0.11602412062207834
67	knows	2027	0.14263847829141407	0.13477809003946803
67	knows	2028	0.11942305770547489	0.11284200320290386
67	knows	2029	0.11452640499723883	0.10821519066600674
67	knows	2030	0.09998211774802976	0.09447239643604487
67	true	2026	0.10746981295436348	0.10454526637174484
67	true	2027	0.10071504421927609	0.09797431330803084
67	true	2028	0.1036712781042873	0.10085010001007821
67	true	2029	0.09284024168866394	0.09031380562167862
67	true	2030	0.10405835785560673	0.1012266462661509
67	lucky_guessed	2026	0.18411138420720555	0.17015580718822879
67	lucky_guessed	2027	0.13383425148616304	0.12368966313039773
67	lucky_guessed	2028	0.16706565216414318	0.15440213553239418
67	lucky_guessed	2029	0.16188246258708752	0.14961182986992114
67	lucky_guessed	2030	0.19416438492690463	0.17944679405191505
68	believes	2026	0.07261192242852621	0.07995862969474955
68	believes	2027	0.0916053154811214	0.10087373056174793
68	believes	2028	0.085200722545813	0.09382113564713167
68	believes	2029	0.07471882252854016	0.08227870109991955
68	believes	2030	0.08262011003317561	0.09097942269721333
68	justified	2026	0.12407538074905017	0.1158594708592559
68	justified	2027	0.1530787235587242	0.142942296886402
68	justified	2028	0.09033647086664653	0.08435465320127479
68	justified	2029	0.11816914390281746	0.1103443277934612
68	justified	2030	0.093010695279582	0.08685179827204645
68	knows	2026	0.12009497250063321	0.1085728944340861
68	knows	2027	0.1683684164924503	0.15221491732114484
68	knows	2028	0.11140064888377038	0.10071271627196984
68	knows	2029	0.12444323579652844	0.11250397932437453
68	knows	2030	0.10720948171871265	0.09692365549205234
68	true	2026	0.11776701924962066	0.1105834742312708
68	true	2027	0.13919673031176993	0.13070601716497418
68	true	2028	0.1139379854645876	0.10698800360124351
68	true	2029	0.12341800372845717	0.11588976032459689
68	true	2030	0.11305204715807174	0.10615610570221092
68	lucky_guessed	2026	0.13348890830486446	0.12416925167457933
68	lucky_guessed	2027	0.17078634710189228	0.1588627338793222
68	lucky_guessed	2028	0.15919526902931982	0.1480808980800066
68	lucky_guessed	2029	0.11896642275946914	0.11066066743694108
68	lucky_guessed	2030	0.14701206536499686	0.1367482765071111
69	believes	2026	0.15703181043609238	0.15191884318029672
69	believes	2027	0.09949795995359097	0.09625829908584459
69	believes	2028	0.09798506723547751	0.09479466626550447
69	believes	2029	0.12437004221631048	0.12032054452735204
69	believes	2030	0.10698568349885126	0.1035022218037372
69	justified	2026	0.10871922295772048	0.10186769148348308
69	justified	2027	0.10252774637798621	0.09606640437994246
69	justified	2028	0.08954701433224879	0.08390372356516904
69	justified	2029	0.10422083293720273	0.09765279190716175
69	justified	2030	0.1557339288820517	0.14591951072936704
69	knows	2026	0.11192027114691236	0.10156560259140293
69	knows	2027	0.12174259720902368	0.1104791841537462
69	knows	2028	0.11576895843491165	0.10505821603475682
69	knows	2029	0.1312070384769527	0.11906799179973868
69	knows	2030	0.14944518170496207	0.13561877378157977
69	true	2026	0.11011194978310204	0.1037422790801254
69	true	2027	0.09803530232232276	0.09236423215882096
69	true	2028	0.0860761862734988	0.08109691778347333
69	true	2029	0.09695057002489332	0.0913422486143572
69	true	2030	0.1221242791419972	0.11505972852323867
69	lucky_guessed	2026	0.1970555468974099	0.1762072402196773
69	lucky_guessed	2027	0.17112399751471294	0.15301922636628312
69	lucky_guessed	2028	0.239825603037392	0.21445226135775503
69	lucky_guessed	2029	0.16414829931683525	0.1467815510132857
69	lucky_guessed	2030	0.2186507817907664	0.19551771791171146
70	believes	2026	0.09380723401407835	0.09073202769212796
70	believes	2027	0.08411875826144223	0.08136116136692789
70	believes	2028	0.09344879541152436	0.09038533949100291
70	believes	2029	0.12328859802892843	0.1192469281079705
70	believes	2030	0.1014698388004881	0.09814343553270048
70	justified	2026	0.11840401429548295	0.11203820903001523
70	justified	2027	0.09155491163002136	0.08663260606460899
70	justified	2028	0.10351352633383426	0.09794828469144687
70	justified	2029	0.10633969554489395	0.10062250936792372
70	justified	2030	0.0883237715239539	0.08357518311520261
70	knows	2026	0.13270786788576058	0.12089091939929285
70	knows	2027	0.10819604820710751	0.09856175034314527
70	knows	2028	0.12844627531015174	0.1170087995764196
70	knows	2029	0.12415152301770592	0.11309647273779586
70	knows	2030	0.11661170988791969	0.10622804092677948
70	true	2026	0.133152240155593	0.12614573445480456
70	true	2027	0.10966872473626907	0.1038979277585767
70	true	2028	0.12817510529132506	0.12143049772878303
70	true	2029	0.12552971625859508	0.11892430975881374
70	true	2030	0.11398726314258838	0.10798922354451206
70	lucky_guessed	2026	0.16375441201188692	0.1421731811343392
70	lucky_guessed	2027	0.17158864684943612	0.1489749403964162
70	lucky_guessed	2028	0.19095923776484522	0.16579267676797568
70	lucky_guessed	2029	0.14004551139478014	0.12158888187474251
70	lucky_guessed	2030	0.13778880897992565	0.11962959077991622
71	believes	2026	0.08194883187238963	0.0812634571057829
71	believes	2027	0.11643144646552427	0.11545767815640112
71	believes	2028	0.07930351030065562	0.07864025954257228
71	believes	2029	0.0793687488422683	0.07870495246505642
71	believes	2030	0.06755416032770198	0.0669891746432201
71	justified	2026	0.09989964094588474	0.09426506674913009
71	justified	2027	0.07944903844479871	0.07496792622317894
71	justified	2028	0.10848968920372405	0.10237061612585012
71	justified	2029	0.12087958415140562	0.11406169192151366
71	justified	2030	0.14952348072941665	0.14109000551018844
71	knows	2026	0.11287629469441371	0.10336401939775268
71	knows	2027	0.10449029961050327	0.09568472623110982
71	knows	2028	0.1366737066583275	0.125155983410335
71	knows	2029	0.11425037845437451	0.10462230680701998
71	knows	2030	0.1847446226973042	0.16917588246329743
71	true	2026	0.09579371620560344	0.09105634758483364
71	true	2027	0.0820182408682456	0.07796212261737816
71	true	2028	0.11319172034755617	0.10759395334001527
71	true	2029	0.11708526481717971	0.111294947023172
71	true	2030	0.14174607528937336	0.13473618533216683
71	lucky_guessed	2026	0.15647060668963386	0.13951953590899094
71	lucky_guessed	2027	0.1773566907266802	0.15814294904360587
71	lucky_guessed	2028	0.18514254542371755	0.1650853317502836
71	lucky_guessed	2029	0.15343055199091066	0.13680882218660395
71	lucky_guessed	2030	0.16867310883082667	0.15040009342510416
72	believes	2026	0.10875324951725981	0.1107180941203929
72	believes	2027	0.09234715500395708	0.0940155907512073
72	believes	2028	0.09037374432858383	0.09200652647162008
72	believes	2029	0.09866876277253557	0.10045141098665322
72	believes	2030	0.10409212259250357	0.10597275463074063
72	justified	2026	0.08365732571848589	0.07948345686644598
72	justified	2027	0.11232732733257028	0.10672304188883053
72	justified	2028	0.08274375806875314	0.07861546934403267
72	justified	2029	0.08436577473976596	0.08015655963110378
72	justified	2030	0.12852591966610155	0.12211344678142762
72	knows	2026	0.10904201958794632	0.10019128703159312
72	knows	2027	0.12304538973855886	0.11305803036110455
72	knows	2028	0.1162264538516726	0.10679257448203376
72	knows	2029	0.09980721514266606	0.0917060540328457
72	knows	2030	0.1409631005109566	0.12952139475705174
72	true	2026	0.08552261280840485	0.081219207861856
72	true	2027	0.09998557913202971	0.09495441343572113
72	true	2028	0.09748025341687831	0.09257515298823703
72	true	2029	0.08894561662445534	0.08446996984536277
72	true	2030	0.11500378950554595	0.1092169237822224
72	lucky_guessed	2026	0.25067043829681945	0.22478586953122506
72	lucky_guessed	2027	0.16506922907866609	0.1480239570465846
72	lucky_guessed	2028	0.14843788471574	0.13310998781473277
72	lucky_guessed	2029	0.2015018536970318	0.18069449953172123
72	lucky_guessed	2030	0.17324499985120378	0.15535548666244112
73	believes	2026	0.10428173024759575	0.10452282105375857
73	believes	2027	0.06940510783715023	0.06956556675320913
73	believes	2028	0.09483342067367127	0.09505266776313852
73	believes	2029	0.10803436780474537	0.10828413440111366
73	believes	2030	0.0830591718299047	0.08325119782187992
73	justified	2026	0.10797262546210638	0.10401040201195264
73	justified	2027	0.1141739499055902	0.10998415920839748
73	justified	2028	0.09814737194017499	0.094545701451864
73	justified	2029	0.08672483677340304	0.08354233398157336
73	justified	2030	0.09037292868478848	0.08705655348541341
73	knows	2026	0.13225307399167402	0.12344398578228893
73	knows	2027	0.12286949624081811	0.11468542763689124
73	knows	2028	0.13744507339783424	0.1282901574555163
73	knows	2029	0.10376505266240729	0.09685348929101692
73	knows	2030	0.1346207428908073	0.12565394943077227
73	true	2026	0.09465884681334315	0.09160108961905314
73	true	2027	0.1227272427782705	0.11876279442321475
73	true	2028	0.10740118983701459	0.10393181775025107
73	true	2029	0.10281299028172361	0.0994918304399993
73	true	2030	0.11686700843132394	0.11309186275993534
73	lucky_guessed	2026	0.19877267240252183	0.177153352344794
73	lucky_guessed	2027	0.1489010808004066	0.13270599681900946
73	lucky_guessed	2028	0.14336490548436936	0.1277719583289577
73	lucky_guessed	2029	0.2022457554544914	0.18024868883240916
73	lucky_guessed	2030	0.13678875700867574	0.12191105836768389
74	believes	2026	0.12165281586340422	0.11347797570209607
74	believes	2027	0.11138899933896226	0.10390386832196621
74	believes	2028	0.10924718695831838	0.10190598170040162
74	believes	2029	0.11416663222605851	0.10649484950916017
74	believes	2030	0.12141914754470565	0.11326000945443108
74	justified	2026	0.09919588897742164	0.09515090087158419
74	justified	2027	0.09404584367394635	0.09021086298083365
74	justified	2028	0.09815666187352812	0.09415405114157023
74	justified	2029	0.11450365655467261	0.10983445167518438
74	justified	2030	0.07724928976322876	0.07409923524486284
74	knows	2026	0.11455241963464365	0.1056020277458557
74	knows	2027	0.11953863224158166	0.11019864965697733
74	knows	2028	0.11723554777313155	0.10807551344812188
74	knows	2029	0.11612493503458222	0.10705167687090025
74	knows	2030	0.09847448150192208	0.09078031665321339
74	true	2026	0.10290147792184398	0.09852785641464329
74	true	2027	0.11046966627588606	0.10577437405972892
74	true	2028	0.10329282435010327	0.09890256944569614
74	true	2029	0.10504016743094259	0.10057564520372188
74	true	2030	0.08770283735819913	0.08397520366955881
74	lucky_guessed	2026	0.189614538869586	0.1700241143475145
74	lucky_guessed	2027	0.17078856592463607	0.15314318635656074
74	lucky_guessed	2028	0.18306171834241178	0.16414831224260684
74	lucky_guessed	2029	0.20402746748158576	0.18294794095394715
74	lucky_guessed	2030	0.16933333364139302	0.15183830445455382
75	believes	2026	0.08425273493386985	0.08240793875589399
75	believes	2027	0.09310899667512626	0.09107028396940506
75	believes	2028	0.10228310443485295	0.10004351565140246
75	believes	2029	0.10523622841211905	0.10293197808586374
75	believes	2030	0.0829139836399698	0.08109850073321517
75	justified	2026	0.10732896519422683	0.0997843715872548
75	justified	2027	0.11737171513649194	0.10912117540515621
75	justified	2028	0.13351176316512198	0.12412667319422449
75	justified	2029	0.12617028020327825	0.11730125321052828
75	justified	2030	0.09167309649637449	0.08522901817598573
75	knows	2026	0.13089815036220773	0.1156943367312365
75	knows	2027	0.13468059971836047	0.1190374547834678
75	knows	2028	0.15969209319409536	0.14114386454041
75	knows	2029	0.1675075799846963	0.14805158293038176
75	knows	2030	0.09971891401699164	0.08813656713124901
75	true	2026	0.12487743984764323	0.11502058500611179
75	true	2027	0.11922409692905442	0.1098134730527471
75	true	2028	0.13837124014756946	0.12744928955312013
75	true	2029	0.12325523662436592	0.11352642590125026
75	true	2030	0.10935257077459785	0.10072112847414261
75	lucky_guessed	2026	0.19290926211299741	0.17700237743095168
75	lucky_guessed	2027	0.1638632933112795	0.1503514770212148
75	lucky_guessed	2028	0.14087605153953023	0.12925971398395644
75	lucky_guessed	2029	0.2019975644908431	0.18534127785527543
75	lucky_guessed	2030	0.14768763106503202	0.13550962524725074
76	believes	2026	0.06577833690035174	0.06730002986854847
76	believes	2027	0.0846098819880661	0.08656721731346723
76	believes	2028	0.08750663647505903	0.0895309843024656
76	believes	2029	0.07876744273837163	0.08058962112393032
76	believes	2030	0.09113392512648129	0.09324218537695277
76	justified	2026	0.10458277542803937	0.09753475736098025
76	justified	2027	0.08830740724065714	0.08235621499948782
76	justified	2028	0.08862992424767957	0.08265699701541708
76	justified	2029	0.10456242072616609	0.09751577439843943
76	justified	2030	0.08491894245770197	0.07919610484674894
76	knows	2026	0.12955469451726923	0.11653013133490911
76	knows	2027	0.10342304670584233	0.09302558475858061
76	knows	2028	0.10425349960662629	0.09377254947457485
76	knows	2029	0.1353079423444249	0.12170498607405068
76	knows	2030	0.11013114630963515	0.09905929685793977
76	true	2026	0.10491048325572869	0.09861372609383229
76	true	2027	0.10413265003814028	0.09788257864807155
76	true	2028	0.11040772663330338	0.10378102335416285
76	true	2029	0.11428318468436016	0.10742387530636928
76	true	2030	0.09973894539168082	0.09375258540910238
76	lucky_guessed	2026	0.22456837963758006	0.20136402668227213
76	lucky_guessed	2027	0.16257704451302177	0.1457781740335749
76	lucky_guessed	2028	0.18142100013807844	0.16267500870552298
76	lucky_guessed	2029	0.16271418235854482	0.14590114160732512
76	lucky_guessed	2030	0.1448882296361487	0.12991712094768273
77	believes	2026	0.10012238377931398	0.0964222644778216
77	believes	2027	0.1244641572826086	0.11986446425372055
77	believes	2028	0.12985250832853762	0.12505368358748215
77	believes	2029	0.08698579339206605	0.08377114946394065
77	believes	2030	0.12348502565444407	0.11892151737964717
77	justified	2026	0.07692445975101649	0.07543224382081201
77	justified	2027	0.07391570684738147	0.07248185608512728
77	justified	2028	0.1087146794917899	0.10660578230733384
77	justified	2029	0.09860636083500537	0.0966935494492154
77	justified	2030	0.08104105842117174	0.07946898682303347
77	knows	2026	0.09044175704923081	0.08546557023558211
77	knows	2027	0.09268816304447382	0.0875883769526118
77	knows	2028	0.12995029228251928	0.12280031032745768
77	knows	2029	0.1035941124172975	0.0978942711824353
77	knows	2030	0.10678457723156727	0.10090919375320864
77	true	2026	0.08393356019837765	0.08205121589067975
77	true	2027	0.09961855623715334	0.09738445081101754
77	true	2028	0.11824054503917308	0.1155888117352653
77	true	2029	0.09261390746291288	0.09053689248684799
77	true	2030	0.10034549469775245	0.09809508651417233
77	lucky_guessed	2026	0.17474789061474966	0.15575909952458783
77	lucky_guessed	2027	0.30417017911243677	0.2711178546082367
77	lucky_guessed	2028	0.3134239500072783	0.2793660744678113
77	lucky_guessed	2029	0.25641976555470675	0.22855618824697804
77	lucky_guessed	2030	0.2214029594557839	0.19734444562159972
78	believes	2026	0.0958624866579602	0.09076962700437687
78	believes	2027	0.08323399285623359	0.0788120436787974
78	believes	2028	0.09593677344600635	0.09083996717890584
78	believes	2029	0.11830658977948179	0.11202134850475083
78	believes	2030	0.10743266667781394	0.10172512128988224
78	justified	2026	0.09455102272800998	0.09525942840495752
78	justified	2027	0.11822249719333662	0.11910825692113557
78	justified	2028	0.07995178186131778	0.080550805483892
78	justified	2029	0.10107621348210685	0.10183350791816032
78	justified	2030	0.07857340199019033	0.07916209836195832
78	knows	2026	0.0996343412305918	0.09603720966887878
78	knows	2027	0.12711043609468695	0.12252132599618094
78	knows	2028	0.10379575020627807	0.10004837792050593
78	knows	2029	0.10914721000073793	0.10520663219275195
78	knows	2030	0.09354655977354841	0.09016921739846996
78	true	2026	0.0875720075986982	0.08692652313610602
78	true	2027	0.10630363478663195	0.10552008138351388
78	true	2028	0.08320145462759469	0.08258818507149081
78	true	2029	0.09224296439213976	0.09156305077669065
78	true	2030	0.07650941862635592	0.07594547539472896
78	lucky_guessed	2026	0.18363330457641594	0.17708640903586556
78	lucky_guessed	2027	0.1464793201339803	0.1412570386421775
78	lucky_guessed	2028	0.2311428276673936	0.22290212235973447
78	lucky_guessed	2029	0.21274577965015695	0.20516096599516487
78	lucky_guessed	2030	0.21400041723229882	0.2063708732316296
79	believes	2026	0.08121673773043567	0.07838697343632418
79	believes	2027	0.08492940652488887	0.08197028493468313
79	believes	2028	0.1087479439315215	0.10495893371768061
79	believes	2029	0.11117907429789824	0.10730535831899772
79	believes	2030	0.0965688747765693	0.09320420929748723
79	justified	2026	0.0944402693481843	0.08960481298810594
79	justified	2027	0.12826862978511103	0.1217011203320593
79	justified	2028	0.09706835537884005	0.09209833782575073
79	justified	2029	0.12084800107659893	0.11466043681569892
79	justified	2030	0.0903576605472006	0.08573123871051655
79	knows	2026	0.09632307098863527	0.08890830745846355
79	knows	2027	0.14290640585185901	0.13190574738590022
79	knows	2028	0.10908023735885151	0.10068345185845655
79	knows	2029	0.1285493715781437	0.11865388981639037
79	knows	2030	0.10161761120074583	0.09379528421489468
79	true	2026	0.10640531329230969	0.10108250027646479
79	true	2027	0.12067476508181475	0.114638137864742
79	true	2028	0.10757945397667021	0.1021979058175907
79	true	2029	0.13487362702457686	0.12812671678853965
79	true	2030	0.10307659665661806	0.09792029916228517
79	lucky_guessed	2026	0.17820381994605083	0.16131771050612054
79	lucky_guessed	2027	0.17381938621361073	0.1573487337928427
79	lucky_guessed	2028	0.16597106854819213	0.15024410136973662
79	lucky_guessed	2029	0.16937976381965356	0.1533297979455545
79	lucky_guessed	2030	0.20294526396926477	0.18371472256595472
80	believes	2026	0.10760187798398801	0.10374002777427754
80	believes	2027	0.09102665175196382	0.087759689309079
80	believes	2028	0.09123831772715219	0.08796375855541853
80	believes	2029	0.0924087091605427	0.08909214443567963
80	believes	2030	0.1083293689601056	0.10444140897209646
80	justified	2026	0.11886825564786886	0.11256511660543099
80	justified	2027	0.11528852571205936	0.10917520636031022
80	justified	2028	0.1116069378797873	0.10568883936203863
80	justified	2029	0.0889636461497644	0.08424623670896843
80	justified	2030	0.0648648081540309	0.061425269965070826
80	knows	2026	0.12087321081031452	0.11083470868621469
80	knows	2027	0.13294893802529384	0.1219075485576299
80	knows	2028	0.13934575481734807	0.12777311066947808
80	knows	2029	0.11351441018096328	0.1040870553512337
80	knows	2030	0.08806560182272404	0.08075176673030746
80	true	2026	0.10649962895869136	0.10182530142519684
80	true	2027	0.11556131439676692	0.11048926448473252
80	true	2028	0.11987888034506643	0.11461733007902007
80	true	2029	0.1132843740435074	0.10831226030110508
80	true	2030	0.09914816057308916	0.09479649304716858
80	lucky_guessed	2026	0.22684256711183048	0.2002213986237222
80	lucky_guessed	2027	0.1606094375912891	0.14176107525200118
80	lucky_guessed	2028	0.1888393829163641	0.16667808799798745
80	lucky_guessed	2029	0.18347072352148566	0.16193946902332637
80	lucky_guessed	2030	0.3079537230520143	0.2718137337533288
81	believes	2026	0.11039093486093407	0.11553914481399613
81	believes	2027	0.09261692494578433	0.09693622322356914
81	believes	2028	0.11065341721357011	0.11581386833717797
81	believes	2029	0.09668203995592786	0.1011909196117663
81	believes	2030	0.09660751966196474	0.1011129239770103
81	justified	2026	0.08554324102824488	0.08126409904490912
81	justified	2027	0.08739151381731793	0.08301991541552863
81	justified	2028	0.0999624495384731	0.09496201339137965
81	justified	2029	0.08214279502418594	0.07803375404571193
81	justified	2030	0.08800211756646602	0.08359997484455564
81	knows	2026	0.10920389026569075	0.09915898007823105
81	knows	2027	0.1016607044925343	0.0923096397663886
81	knows	2028	0.11535607352920216	0.10474526657571691
81	knows	2029	0.10955586501273709	0.09947857910392048
81	knows	2030	0.10942976168661016	0.09936407515014378
81	true	2026	0.1038661062295413	0.099399105424473
81	true	2027	0.11764248080457199	0.1125829953233035
81	true	2028	0.09823632476328656	0.0940114456594645
81	true	2029	0.10887576346162914	0.104193310824378
81	true	2030	0.0974787407883088	0.09328644332588046
81	lucky_guessed	2026	0.18640457452312684	0.16789344760788444
81	lucky_guessed	2027	0.20736086538847445	0.18676864920343486
81	lucky_guessed	2028	0.20424301166811273	0.18396041763729565
81	lucky_guessed	2029	0.20893819705667896	0.18818934208328206
81	lucky_guessed	2030	0.16818302248674627	0.1514814083648516
82	believes	2026	0.08758303659524408	0.08552701472274826
82	believes	2027	0.11269721646712433	0.11005163632931049
82	believes	2028	0.0859826030990974	0.08396415158727269
82	believes	2029	0.10716750655874199	0.10465173699797782
82	believes	2030	0.1172902862231968	0.11453688324379747
82	justified	2026	0.1232187237212681	0.11438678731396114
82	justified	2027	0.09777519691492272	0.09076697368970957
82	justified	2028	0.11170049032553299	0.10369414520665529
82	justified	2029	0.09410997925395932	0.08736446747651115
82	justified	2030	0.0833390480156044	0.07736556322294967
82	knows	2026	0.15251354053528943	0.13756127532266602
82	knows	2027	0.13034840705687864	0.11756918794284549
82	knows	2028	0.1349633420014714	0.12173167957657963
82	knows	2029	0.10900938268592654	0.09832221881271498
82	knows	2030	0.11423828957482278	0.10303848923470815
82	true	2026	0.12628707941481693	0.11856318143831189
82	true	2027	0.1229277344345074	0.11540929879045973
82	true	2028	0.128285379764435	0.12043926288716525
82	true	2029	0.11551884694273967	0.10845354942945712
82	true	2030	0.10602699697499415	0.09954223454969431
82	lucky_guessed	2026	0.161154757980565	0.14068183898925393
82	lucky_guessed	2027	0.18479128871979017	0.1613156114784363
82	lucky_guessed	2028	0.21658461111963528	0.1890699460003364
82	lucky_guessed	2029	0.15743239460686165	0.13743236046711194
82	lucky_guessed	2030	0.17724818526179265	0.15473077539010144
83	believes	2026	0.14681375494003948	0.13558420192195578
83	believes	2027	0.121057486230264	0.1117979896632435
83	believes	2028	0.12511126820574495	0.11554170423641595
83	believes	2029	0.09689616414648188	0.08948472907368335
83	believes	2030	0.12859389836432347	0.1187579534961195
83	justified	2026	0.08856170042242023	0.08621175321773543
83	justified	2027	0.07511291889234895	0.07311982940846518
83	justified	2028	0.09625703921779886	0.09370289945803612
83	justified	2029	0.08385625570945766	0.08163116548693652
83	justified	2030	0.08466630102998222	0.08241971659802794
83	knows	2026	0.10401431927547357	0.09763488974645465
83	knows	2027	0.0836214532735883	0.07849276357020059
83	knows	2028	0.10677749966723012	0.1002285981394714
83	knows	2029	0.10744389101801714	0.10085411822666022
83	knows	2030	0.09740948960042835	0.09143514896452168
83	true	2026	0.08954593262054662	0.08665853024024331
83	true	2027	0.08834330621659538	0.08549468244119085
83	true	2028	0.0963434148410557	0.09323682811849157
83	true	2029	0.096486365548838	0.09337516939062628
83	true	2030	0.08950611142471873	0.08661999307611017
83	lucky_guessed	2026	0.15950342575847104	0.14104928771925354
83	lucky_guessed	2027	0.19524031116003246	0.1726515069645485
83	lucky_guessed	2028	0.1760494827987284	0.15568100831705703
83	lucky_guessed	2029	0.22900090229987935	0.20250608413499174
83	lucky_guessed	2030	0.18517474387365968	0.16375050004584474
84	believes	2026	0.09322027564810854	0.08967475910950122
84	believes	2027	0.14033655892949282	0.1349990335124474
84	believes	2028	0.10780448508031179	0.10370427638503694
84	believes	2029	0.10264735412246843	0.09874329045010491
84	believes	2030	0.11738485910785065	0.11292027287427175
84	justified	2026	0.08925802058652559	0.08481468422103719
84	justified	2027	0.09242019205888283	0.08781944024316701
84	justified	2028	0.09252308406383228	0.08791721020099616
84	justified	2029	0.08234471205993144	0.07824552577731743
84	justified	2030	0.09567848287163001	0.09091553070727906
84	knows	2026	0.09468105673925874	0.0864442544517102
84	knows	2027	0.10485747286354187	0.09573537070188678
84	knows	2028	0.11106204690940395	0.10140017627183333
84	knows	2029	0.0881475755756529	0.08047915512125442
84	knows	2030	0.10528677771843727	0.09612732807321324
84	true	2026	0.08943873475931648	0.08494337826208552
84	true	2027	0.0925719905335039	0.08791915079660186
84	true	2028	0.10130066065413271	0.09620910178681645
84	true	2029	0.09335923680400925	0.08866682861115172
84	true	2030	0.10388877345210308	0.09866713124099588
84	lucky_guessed	2026	0.15020312710141467	0.14325392644553656
84	lucky_guessed	2027	0.13253311576825538	0.12640142441937624
84	lucky_guessed	2028	0.19762927960023083	0.18848589127056328
84	lucky_guessed	2029	0.18388460979647206	0.17537712346337625
84	lucky_guessed	2030	0.11294428016177552	0.10771887320171962
85	believes	2026	0.15473971321024454	0.1464181191985017
85	believes	2027	0.09775074747425681	0.09249390669337762
85	believes	2028	0.08312625281476461	0.0786558882697425
85	believes	2029	0.08828001171563911	0.08353248826733525
85	believes	2030	0.08842951863250224	0.08367395499956658
85	justified	2026	0.09681068015412686	0.09249991807152246
85	justified	2027	0.08501362821682666	0.081228162352541
85	justified	2028	0.10416502666161025	0.09952679205204577
85	justified	2029	0.11406911945442835	0.1089898778443356
85	justified	2030	0.10355839644452883	0.09894717371561425
85	knows	2026	0.10652008480566207	0.09693745672789074
85	knows	2027	0.10614718878051314	0.09659810671359224
85	knows	2028	0.13086583595721152	0.11909304553602013
85	knows	2029	0.11358089171504523	0.10336306806204486
85	knows	2030	0.12060504807615556	0.10975532595920416
85	true	2026	0.11502351615521225	0.11024284124764729
85	true	2027	0.099623034036798	0.09548244300850306
85	true	2028	0.12050731841815715	0.11549872250145585
85	true	2029	0.10965977781444966	0.10510203374879905
85	true	2030	0.13477805480519084	0.12917633016456923
85	lucky_guessed	2026	0.2078385894110522	0.2053032223848018
85	lucky_guessed	2027	0.17492912948954892	0.17279521610948195
85	lucky_guessed	2028	0.15879291208946641	0.1568558400834701
85	lucky_guessed	2029	0.1725394886209012	0.1704347258267775
85	lucky_guessed	2030	0.1621706897159229	0.1601924131095663
86	believes	2026	0.09460692128779032	0.08913396620984373
86	believes	2027	0.10527797211819057	0.09918770298928141
86	believes	2028	0.12848367916756742	0.12105097345469112
86	believes	2029	0.10525452341926163	0.09916561078387458
86	believes	2030	0.08007162001947951	0.07543952362082443
86	justified	2026	0.08670388891729022	0.08337435572299748
86	justified	2027	0.07686470890831397	0.07391301201241102
86	justified	2028	0.08940463553889055	0.0859713904391887
86	justified	2029	0.07051134467348044	0.06780362457469082
86	justified	2030	0.07769559545377305	0.07471199151923154
86	knows	2026	0.10198844718799956	0.09529281031748096
86	knows	2027	0.08266490694333574	0.07723787854856562
86	knows	2028	0.0918022670032296	0.08577536238126826
86	knows	2029	0.0795111794125048	0.07429119617742887
86	knows	2030	0.0873743964974108	0.08163818571219345
86	true	2026	0.08112341809090154	0.07817148495960527
86	true	2027	0.0908505626608514	0.08754467649102846
86	true	2028	0.08221765535068193	0.07922590492252293
86	true	2029	0.07989729957024576	0.07698998265420763
86	true	2030	0.09105320643241752	0.08773994642557915
86	lucky_guessed	2026	0.2107495966144431	0.18438949770820323
86	lucky_guessed	2027	0.17151630279031604	0.15006341852284757
86	lucky_guessed	2028	0.2083762576399316	0.182313010785184
86	lucky_guessed	2029	0.16756176493564492	0.1466035056195509
86	lucky_guessed	2030	0.20558089616002917	0.17986728700932772
87	believes	2026	0.10786080577053127	0.10246000442203458
87	believes	2027	0.10689687810502212	0.10154434249864133
87	believes	2028	0.12544907641893	0.1191675959844854
87	believes	2029	0.08287816672274065	0.07872829493753095
87	believes	2030	0.13139975504152676	0.12482031249841995
87	justified	2026	0.10236301776778448	0.09674041423910013
87	justified	2027	0.11316152486821564	0.10694578013041665
87	justified	2028	0.0931909697944139	0.08807216920574569
87	justified	2029	0.09542461236429019	0.09018312208876951
87	justified	2030	0.09193114980746075	0.08688154870566406
87	knows	2026	0.12526390115086605	0.11428414858430787
87	knows	2027	0.13272517451094076	0.12109141919840068
87	knows	2028	0.09899694438604605	0.09031956850825834
87	knows	2029	0.11981823413091451	0.10931581043476185
87	knows	2030	0.09495443518942955	0.08663139723596872
87	true	2026	0.10697406183228962	0.10153029167215213
87	true	2027	0.11526775453029642	0.10940192919104882
87	true	2028	0.09525928994248312	0.09041166920917142
87	true	2029	0.10057091774605206	0.09545299521767384
87	true	2030	0.1131270222642013	0.10737013599140968
87	lucky_guessed	2026	0.17978254858509524	0.15922950043141337
87	lucky_guessed	2027	0.1884376481804911	0.16689513425185454
87	lucky_guessed	2028	0.1696830556608193	0.15028459879552472
87	lucky_guessed	2029	0.19019917856128077	0.16845528346953648
87	lucky_guessed	2030	0.21242025299436568	0.1881360067036641
88	believes	2026	0.15041179739299512	0.15610183777701636
88	believes	2027	0.09080377409357034	0.09423885798040127
88	believes	2028	0.09102141106094135	0.09446472809939244
88	believes	2029	0.0749910345719445	0.07782792650827985
88	believes	2030	0.09094988611524851	0.09439049738303192
88	justified	2026	0.08880690359840619	0.08404847498306492
88	justified	2027	0.09729400098164971	0.09208081890218316
88	justified	2028	0.08367057228460649	0.0791873572496416
88	justified	2029	0.09425602370753225	0.08920562174321629
88	justified	2030	0.08855769638948709	0.08381262073057172
88	knows	2026	0.09907512611680183	0.0910824054510425
88	knows	2027	0.1040825647819436	0.09568587734803485
88	knows	2028	0.09650116495667341	0.08871609431735125
88	knows	2029	0.10951364873302719	0.1006788176536375
88	knows	2030	0.09839184851725988	0.09045425013298897
88	true	2026	0.10636294616619164	0.10125835550766998
88	true	2027	0.11034595687711404	0.10505021281413518
88	true	2028	0.09627807679019756	0.091657481092935
88	true	2029	0.108963327229129	0.10373393859009893
88	true	2030	0.10998684710780252	0.10470833750889111
88	lucky_guessed	2026	0.19639433718277896	0.17668847249220035
88	lucky_guessed	2027	0.17000174892192135	0.15294407042939273
88	lucky_guessed	2028	0.15336102702049964	0.137973049492097
88	lucky_guessed	2029	0.17071368573229295	0.15358457274397044
88	lucky_guessed	2030	0.16527326490401306	0.14869003423714525
89	believes	2026	0.10858154609957688	0.10219247833088844
89	believes	2027	0.10362065856552136	0.09752349534034398
89	believes	2028	0.12330503457070437	0.11604961916733343
89	believes	2029	0.08587541130522788	0.08082239960847114
89	believes	2030	0.12851302257024674	0.12095116293705173
89	justified	2026	0.10950660333526271	0.11211659376618051
89	justified	2027	0.11872867727142075	0.12155846745864089
89	justified	2028	0.0712871326581017	0.0729861967183354
89	justified	2029	0.07829441366927736	0.08016048990803627
89	justified	2030	0.08176621608044955	0.08371503957640772
89	knows	2026	0.12611754023039284	0.12321681606928904
89	knows	2027	0.13372190975723794	0.13064628384673285
89	knows	2028	0.09647898498693086	0.09425995246949424
89	knows	2029	0.09946868694304185	0.09718089078905835
89	knows	2030	0.10297563751443028	0.10060718092070431
89	true	2026	0.1127087034390313	0.11471619258832833
89	true	2027	0.09668315630835789	0.09840520954192922
89	true	2028	0.08671508631653996	0.08825959521025618
89	true	2029	0.07679349154237732	0.0781612838805382
89	true	2030	0.08717291745744353	0.08872558092147714
89	lucky_guessed	2026	0.1748217882563187	0.16735241732702588
89	lucky_guessed	2027	0.13178996130748846	0.1261591522671445
89	lucky_guessed	2028	0.2138653179956784	0.20472778768579075
89	lucky_guessed	2029	0.15050382454829567	0.14407345392320975
89	lucky_guessed	2030	0.17712735911357955	0.16955948121837358
90	believes	2026	0.12927276757988393	0.11970653761364154
90	believes	2027	0.08599258037954564	0.07962909938736394
90	believes	2028	0.10020361800248218	0.09278851526114959
90	believes	2029	0.10189826636683846	0.09435775905446712
90	believes	2030	0.08690138758020442	0.08047065453765483
90	justified	2026	0.08174290714510314	0.07711321281982106
90	justified	2027	0.12159302047771307	0.11470632490300964
90	justified	2028	0.12832753523320095	0.12105941519200937
90	justified	2029	0.10826056754113289	0.10212898557638471
90	justified	2030	0.09726909910540749	0.09176004380163387
90	knows	2026	0.12194128555187615	0.11108440213662751
90	knows	2027	0.17855518774655324	0.16265775934255744
90	knows	2028	0.15010800939268287	0.1367433384340673
90	knows	2029	0.11904174279233334	0.10844301638728363
90	knows	2030	0.13908253910638127	0.1266995065236031
90	true	2026	0.11312318704742617	0.10705827228943547
90	true	2027	0.13351195851878436	0.12635393310663487
90	true	2028	0.1485310972241973	0.14056784524122481
90	true	2029	0.13564679757808093	0.12837431625945814
90	true	2030	0.13211329019858137	0.12503025210210197
90	lucky_guessed	2026	0.16897007117587817	0.15336699746620766
90	lucky_guessed	2027	0.16034068788606218	0.1455344707001712
90	lucky_guessed	2028	0.1555521115693824	0.1411880822142332
90	lucky_guessed	2029	0.21556404392098114	0.19565837871620795
90	lucky_guessed	2030	0.23708380489633266	0.21519095690601517
91	believes	2026	0.12546715073959078	0.11832979160977225
91	believes	2027	0.16191403310445363	0.1527033465174731
91	believes	2028	0.1200059020752322	0.11317921305137368
91	believes	2029	0.13064056875553476	0.12320891313383922
91	believes	2030	0.09400441156616056	0.08865685054178131
91	justified	2026	0.10638702064917795	0.10238480948859327
91	justified	2027	0.08525764126787468	0.08205030374375492
91	justified	2028	0.08409923754025575	0.08093547841788884
91	justified	2029	0.09532346985398987	0.09173746234492217
91	justified	2030	0.09557768175624143	0.09198211095922622
91	knows	2026	0.12188217158709232	0.11349383171461838
91	knows	2027	0.10465045182632583	0.09744805670736532
91	knows	2028	0.11518619101790835	0.10725869098823013
91	knows	2029	0.09828886458021098	0.0915242952339122
91	knows	2030	0.1123464215656533	0.1046143639949894
91	true	2026	0.13370232131390503	0.13097522896122227
91	true	2027	0.11319071716792037	0.11088199480506332
91	true	2028	0.12049131558538746	0.1180336847673994
91	true	2029	0.13753522325042764	0.13472995216863265
91	true	2030	0.12635047682046172	0.12377333817613015
91	lucky_guessed	2026	0.17699253391811012	0.15835286381594313
91	lucky_guessed	2027	0.15677195261867305	0.1402617789215348
91	lucky_guessed	2028	0.2275084308584625	0.20354876429633809
91	lucky_guessed	2029	0.1942876341219028	0.17382655972066086
91	lucky_guessed	2030	0.18442998507542313	0.16500705235248686
92	believes	2026	0.09589980986584228	0.08767021922131847
92	believes	2027	0.11555837707093997	0.1056417970467486
92	believes	2028	0.0963375391113424	0.08807038496686337
92	believes	2029	0.11179916615451473	0.10220518079481626
92	believes	2030	0.10528669587822052	0.09625157465530718
92	justified	2026	0.09403920269277674	0.0901778436448085
92	justified	2027	0.08836152202124999	0.08473329514587255
92	justified	2028	0.10362173972847866	0.0993669105635191
92	justified	2029	0.09168919549850657	0.0879243304794385
92	justified	2030	0.11090794324724174	0.10635393409056713
92	knows	2026	0.11457046637391144	0.10602619642345286
92	knows	2027	0.1086059788447024	0.10050651978817336
92	knows	2028	0.11479307172842255	0.10623220063893087
92	knows	2029	0.12194292327333313	0.11284884093281934
92	knows	2030	0.1285252857592445	0.11894031354308117
92	true	2026	0.09599065241369507	0.09257013368611787
92	true	2027	0.09647015557899717	0.09303255029647314
92	true	2028	0.09276217745549065	0.08945670179490355
92	true	2029	0.10397798988213681	0.1002728513847456
92	true	2030	0.1043120660841427	0.10059502315776109
92	lucky_guessed	2026	0.2117147789580028	0.18507323223345373
92	lucky_guessed	2027	0.19457177685847551	0.17008745361015903
92	lucky_guessed	2028	0.20466725998765875	0.17891255171087722
92	lucky_guessed	2029	0.18853618734621236	0.16481136440671965
92	lucky_guessed	2030	0.20511980354213585	0.1793081485547334
93	believes	2026	0.10275871859016227	0.0988581120970035
93	believes	2027	0.08800469111108256	0.08466413106629056
93	believes	2028	0.10510074041128235	0.10111123337860815
93	believes	2029	0.12366585016228654	0.11897163224342672
93	believes	2030	0.11293379316336036	0.10864695217357571
93	justified	2026	0.09000602388804575	0.08588492890859385
93	justified	2027	0.1555987347857049	0.14847435424944166
93	justified	2028	0.09304110380597723	0.08878104198773261
93	justified	2029	0.09596240612567301	0.0915685869898278
93	justified	2030	0.10849576460001142	0.10352808208866023
93	knows	2026	0.1067507929206981	0.098714857493353
93	knows	2027	0.19062006190514694	0.17627065552870694
93	knows	2028	0.1137868810842813	0.10522128635795876
93	knows	2029	0.10596661808389259	0.09798971339702167
93	knows	2030	0.14062586044957381	0.1300398937970628
93	true	2026	0.08583997276296952	0.08235388053270724
93	true	2027	0.14099505115066793	0.1352690270560539
93	true	2028	0.10124286574136176	0.09713123853238037
93	true	2029	0.09618097992972681	0.09227492362472439
93	true	2030	0.11237841195708409	0.10781455323063065
93	lucky_guessed	2026	0.16948432121115847	0.1484429172445029
93	lucky_guessed	2027	0.1479880582507826	0.1296154058800885
93	lucky_guessed	2028	0.23345492334525048	0.20447159724754055
93	lucky_guessed	2029	0.18763471091647013	0.16433994404749705
93	lucky_guessed	2030	0.14847624972886037	0.13004298860079033
94	believes	2026	0.11911902220802428	0.11803299947438803
94	believes	2027	0.10903194700496119	0.1080378893729801
94	believes	2028	0.1288354699874147	0.12766086120779682
94	believes	2029	0.11124843476806111	0.11023416914532479
94	believes	2030	0.09456609741854442	0.0937039267112627
94	justified	2026	0.10929719513426556	0.10085027407685555
94	justified	2027	0.12305410563886722	0.11354399593436088
94	justified	2028	0.09802819048232107	0.0904521828328318
94	justified	2029	0.10042497323168348	0.09266373269812289
94	justified	2030	0.11759258934704352	0.10850456729917027
94	knows	2026	0.14722911020105525	0.1302780947879672
94	knows	2027	0.15666278672176953	0.13862563830219696
94	knows	2028	0.11860037928722687	0.10494549232533133
94	knows	2029	0.12613252287252433	0.11161043320979326
94	knows	2030	0.15527257632219305	0.13739548781114314
94	true	2026	0.1554563888768913	0.14481123049561423
94	true	2027	0.1453775094219417	0.13542252060448165
94	true	2028	0.11691041693939845	0.10890476394737765
94	true	2029	0.1356784999225973	0.12638766838428134
94	true	2030	0.16649411099030165	0.15509312455387256
94	lucky_guessed	2026	0.18704264811657087	0.16069344087068044
94	lucky_guessed	2027	0.18228046079748753	0.15660211584892766
94	lucky_guessed	2028	0.20888568812763014	0.17945939234643957
94	lucky_guessed	2029	0.19036541044269795	0.16354811661847063
94	lucky_guessed	2030	0.15190040229305493	0.13050177892530096
95	believes	2026	0.13273222623118272	0.12433860500398243
95	believes	2027	0.11276091253057335	0.10563022229889894
95	believes	2028	0.12681502487299082	0.11879559119870049
95	believes	2029	0.10076239454789601	0.09439045762047896
95	believes	2030	0.11840724721493419	0.11091949829443778
95	justified	2026	0.09121154854886927	0.08795317651192652
95	justified	2027	0.11328470322913356	0.10923780659062951
95	justified	2028	0.07276362707859843	0.07016427456730534
95	justified	2029	0.09342039898181191	0.09008311965079298
95	justified	2030	0.07481053932427473	0.07213806447562965
95	knows	2026	0.09615715818880603	0.0904095333781603
95	knows	2027	0.12260370949959609	0.11527528865324133
95	knows	2028	0.08828285659828324	0.08300590429960308
95	knows	2029	0.08311469948110056	0.07814666467365605
95	knows	2030	0.09170134570619765	0.08622005924060096
95	true	2026	0.09137292335731567	0.08852098128335709
95	true	2027	0.11021168693585506	0.1067717472309036
95	true	2028	0.0949084061370418	0.09194611417253822
95	true	2029	0.09061315803808867	0.08778492984566766
95	true	2030	0.09259822095429616	0.08970803475241047
95	lucky_guessed	2026	0.20827317469645978	0.18569383271230055
95	lucky_guessed	2027	0.1746809536614937	0.15574341647462245
95	lucky_guessed	2028	0.19160490060140278	0.1708326019948965
95	lucky_guessed	2029	0.20448930010196445	0.18232017608571588
95	lucky_guessed	2030	0.1799161051408118	0.1604110139433836
96	believes	2026	0.0710512825233787	0.07028129110037135
96	believes	2027	0.09501033575754987	0.09398069714960089
96	believes	2028	0.07701369457108992	0.07617908776079997
96	believes	2029	0.07955735581063812	0.0786951830329521
96	believes	2030	0.08683929964217048	0.08589821155016546
96	justified	2026	0.10788280609678709	0.10280801196367587
96	justified	2027	0.10144242193497272	0.09667058269283861
96	justified	2028	0.10914089097738747	0.1040069166838594
96	justified	2029	0.09098567557219493	0.08670572041254984
96	justified	2030	0.12046426399512677	0.11479763960621744
96	knows	2026	0.1547030836636759	0.14244375251717808
96	knows	2027	0.13351854440123187	0.12293796635941613
96	knows	2028	0.13213968138548343	0.12166837032086944
96	knows	2029	0.10543508612248328	0.09707996090697646
96	knows	2030	0.15681003361291956	0.14438373878008032
96	true	2026	0.11488616870383403	0.11028540149261976
96	true	2027	0.10689412181453234	0.10261340659646596
96	true	2028	0.10247906576446433	0.09837515725289707
96	true	2029	0.09338014823664759	0.08964061780376305
96	true	2030	0.12072408585360915	0.11588953159816233
96	lucky_guessed	2026	0.1694209820339946	0.15256921064195014
96	lucky_guessed	2027	0.18656665990008467	0.1680094619410816
96	lucky_guessed	2028	0.13798824616850075	0.12426298999713616
96	lucky_guessed	2029	0.14895143977955547	0.1341357092747158
96	lucky_guessed	2030	0.12988770545161832	0.11696818454795192
97	believes	2026	0.08917069163410672	0.08631610239219746
97	believes	2027	0.10567115737621346	0.10228834466613616
97	believes	2028	0.08259361461872684	0.07994957497497872
97	believes	2029	0.11143660029284236	0.10786922053474683
97	believes	2030	0.0900390194330809	0.08715663272601826
97	justified	2026	0.08090584968642121	0.07665000449290672
97	justified	2027	0.09719614987420279	0.0920833951244104
97	justified	2028	0.09797286995186529	0.09281925782992936
97	justified	2029	0.0932611437340885	0.08835537991304557
97	justified	2030	0.14679011692987973	0.13906859844867273
97	knows	2026	0.10191753585726303	0.09352430408923032
97	knows	2027	0.10547938089271898	0.09679281990854169
97	knows	2028	0.10972395329005208	0.10068783832983573
97	knows	2029	0.10674034313362517	0.0979499379164644
97	knows	2030	0.17613831756208967	0.1616327694236374
97	true	2026	0.10230244868967867	0.09769416224946521
97	true	2027	0.11130832882093307	0.10629436611565841
97	true	2028	0.11602416865435003	0.11079777759533697
97	true	2029	0.10485701850634814	0.10013365965489215
97	true	2030	0.1408679410904248	0.13452244466191865
97	lucky_guessed	2026	0.24345468983119994	0.20712001319824894
97	lucky_guessed	2027	0.19152367552853236	0.16293950316073588
97	lucky_guessed	2028	0.2052832561418189	0.17464551925844282
97	lucky_guessed	2029	0.23880582842314768	0.2031649764854207
97	lucky_guessed	2030	0.15248230006043714	0.1297249029086877
98	believes	2026	0.09309284349920406	0.09212149875672554
98	believes	2027	0.08587597901839146	0.08497993612627136
98	believes	2028	0.0955462494220988	0.09454930547290584
98	believes	2029	0.08308950670259728	0.0822225382820721
98	believes	2030	0.07104264925939348	0.07030137956286253
98	justified	2026	0.10765105772200993	0.10070304621512847
98	justified	2027	0.10726279352046393	0.10033984135063997
98	justified	2028	0.09081580581903047	0.08495437466183037
98	justified	2029	0.1013760121774518	0.09483300448170226
98	justified	2030	0.14198331291435964	0.13281942996894922
98	knows	2026	0.1238253370721691	0.11161936124980562
98	knows	2027	0.13872083240560268	0.12504654597572556
98	knows	2028	0.11965912468744225	0.10786382965821215
98	knows	2029	0.1298929760285015	0.11708888792838457
98	knows	2030	0.14784363720150906	0.13327007815583383
98	true	2026	0.1202152231056856	0.11302511796079119
98	true	2027	0.12437732424249885	0.11693828269816807
98	true	2028	0.10964267099787406	0.103084913066096
98	true	2029	0.1179016849901404	0.11084995318830311
98	true	2030	0.13892134679963639	0.13061242331594755
98	lucky_guessed	2026	0.18874187640558035	0.18090146672680016
98	lucky_guessed	2027	0.15696967915904267	0.15044909869650155
98	lucky_guessed	2028	0.14031306522276413	0.13448440686891852
98	lucky_guessed	2029	0.17016328535407457	0.16309463744789282
98	lucky_guessed	2030	0.1895290015827908	0.18165589442332777
99	believes	2026	0.07509243884886665	0.07385130907312824
99	believes	2027	0.10582978044454025	0.10408062309017688
99	believes	2028	0.08542328867899396	0.08401141034948093
99	believes	2029	0.10952479460363453	0.10771456595947249
99	believes	2030	0.09181618820874295	0.09029864787009415
99	justified	2026	0.09853408458527715	0.09388799304311694
99	justified	2027	0.09559965629673094	0.0910919292860917
99	justified	2028	0.104747321338281	0.09980826247573545
99	justified	2029	0.10105090015942857	0.0962861354129507
99	justified	2030	0.10135718347537606	0.09657797681948461
99	knows	2026	0.13083406610881693	0.11950203897035373
99	knows	2027	0.10233090417286461	0.09346764235062706
99	knows	2028	0.1298039479613665	0.11856114320320463
99	knows	2029	0.12947557775608698	0.11826121436788603
99	knows	2030	0.11752878502824442	0.1073491779801614
99	true	2026	0.09753018073849501	0.09269285732254147
99	true	2027	0.09602181432129289	0.09125930319559167
99	true	2028	0.11027246837990189	0.10480315017101484
99	true	2029	0.10597771436125317	0.10072140830945289
99	true	2030	0.10343952787258771	0.09830911135408583
99	lucky_guessed	2026	0.1808491270755138	0.16202135068018406
99	lucky_guessed	2027	0.19154910416403756	0.17160737837168497
99	lucky_guessed	2028	0.18819888438326052	0.1686059420765
99	lucky_guessed	2029	0.1807903007878576	0.1619686486586942
99	lucky_guessed	2030	0.2780532816516801	0.2491058098137898
100	believes	2026	0.07618216705417094	0.07320113843116367
100	believes	2027	0.10816730705395822	0.10393469132681331
100	believes	2028	0.13574308729885995	0.13043142389703605
100	believes	2029	0.11902551331592608	0.11436801306641749
100	believes	2030	0.112863371638764	0.10844699764529359
100	justified	2026	0.1012332803965231	0.09812039230121655
100	justified	2027	0.10509099236080567	0.10185948096689909
100	justified	2028	0.09957984459443904	0.09651779907387177
100	justified	2029	0.10659118357971321	0.10331354182859873
100	justified	2030	0.09445207126573822	0.09154770298814696
100	knows	2026	0.13158898741414674	0.12417505236146162
100	knows	2027	0.10594290156571037	0.09997390821044466
100	knows	2028	0.11479066748113653	0.10832317677326274
100	knows	2029	0.12733926077596383	0.1201647621526206
100	knows	2030	0.10723562986990694	0.10119380212419245
100	true	2026	0.09486392240966988	0.09256242614464338
100	true	2027	0.09659576284646862	0.09425225035234608
100	true	2028	0.11370072216134215	0.11094222577264054
100	true	2029	0.10967115145962145	0.10701041659800091
100	true	2030	0.08315132947827947	0.08113399275674052
100	lucky_guessed	2026	0.15407263738522656	0.14372779636585337
100	lucky_guessed	2027	0.22860936768455178	0.21325993507684537
100	lucky_guessed	2028	0.20424488052255518	0.1905313434929794
100	lucky_guessed	2029	0.14484850331568636	0.13512299485341217
100	lucky_guessed	2030	0.16732540254376274	0.15609073610854132
101	believes	2026	0.11514841895329848	0.1115399799719253
101	believes	2027	0.09406576301663921	0.09111799726208276
101	believes	2028	0.1066109056062669	0.10327000912565458
101	believes	2029	0.14484260127571405	0.14030362719897266
101	believes	2030	0.12463362255283887	0.12072794302985893
101	justified	2026	0.08129904626630223	0.07957869491178803
101	justified	2027	0.07975229656405265	0.07806467564202892
101	justified	2028	0.08691017346591283	0.08507108627473724
101	justified	2029	0.09882713865291279	0.09673587916522587
101	justified	2030	0.0848148738292768	0.0830201248158972
101	knows	2026	0.10592819312115928	0.10052817999245055
101	knows	2027	0.08099244474243607	0.07686360753631923
101	knows	2028	0.10741061475884787	0.10193503066012699
101	knows	2029	0.09402511125965861	0.08923189407856581
101	knows	2030	0.09870182617280641	0.09367019916722676
101	true	2026	0.11256893369966371	0.11026691406667083
101	true	2027	0.09538693165003088	0.09343628166008629
101	true	2028	0.11475175827330646	0.11240510016983367
101	true	2029	0.1151717685426519	0.11281652128536629
101	true	2030	0.10797689418510413	0.10576878114579186
101	lucky_guessed	2026	0.14565690980926715	0.1342005004958228
101	lucky_guessed	2027	0.13164311697645795	0.12128893993566515
101	lucky_guessed	2028	0.1365909740920468	0.1258476313301437
101	lucky_guessed	2029	0.14419068516159736	0.13284959938296614
101	lucky_guessed	2030	0.14486543393186105	0.13347127687699584
102	believes	2026	0.08223356974720927	0.07776521788927487
102	believes	2027	0.11297755398348078	0.10683865639215856
102	believes	2028	0.07959423487322449	0.07526929740097388
102	believes	2029	0.08399847248355316	0.07943422053949507
102	believes	2030	0.07410060366112681	0.07007417539027465
102	justified	2026	0.106541600442922	0.10069907423735809
102	justified	2027	0.10200407935391363	0.09641038164126345
102	justified	2028	0.1114616624422852	0.10534932997283208
102	justified	2029	0.0980373067418836	0.09266113882830673
102	justified	2030	0.12266422484419642	0.11593756647640376
102	knows	2026	0.12482491415772445	0.11414870529138432
102	knows	2027	0.12259370843983013	0.1121083334180694
102	knows	2028	0.11501901577162522	0.10518150020620594
102	knows	2029	0.10340148513219959	0.09455761081584131
102	knows	2030	0.13917359780318245	0.1272701536161564
102	true	2026	0.11187171164581282	0.10626476996594465
102	true	2027	0.0980399037526362	0.09312620381407365
102	true	2028	0.10850934434894768	0.10307092245895728
102	true	2029	0.11023643851662833	0.10471145572458894
102	true	2030	0.11278462591800797	0.10713192953386638
102	lucky_guessed	2026	0.17156713265946008	0.1548018935417123
102	lucky_guessed	2027	0.1588192983532143	0.1432997552325072
102	lucky_guessed	2028	0.14506710574210224	0.13089140274942396
102	lucky_guessed	2029	0.200835106919369	0.18120985271975001
102	lucky_guessed	2030	0.2625376632927095	0.2368829435670294
103	believes	2026	0.10122983191562203	0.09731439336146028
103	believes	2027	0.1340548604085306	0.1288697923422926
103	believes	2028	0.1232062114019985	0.11844075500335814
103	believes	2029	0.17105468156721707	0.1644385084253274
103	believes	2030	0.09581171521862462	0.09210584238836977
103	justified	2026	0.09935958588197659	0.09712711371595689
103	justified	2027	0.08622970731897886	0.08429224532409584
103	justified	2028	0.08416354357158981	0.08227250541206742
103	justified	2029	0.08948477214829294	0.08747417335875113
103	justified	2030	0.08827457460786903	0.08629116727952744
103	knows	2026	0.11749045712119774	0.11004403171204445
103	knows	2027	0.11220585079814374	0.10509435835091406
103	knows	2028	0.10491112111997762	0.09826196120391145
103	knows	2029	0.1054667456044375	0.09878237077491873
103	knows	2030	0.11471416557541363	0.10744369869443611
103	true	2026	0.11580615902475688	0.11229129280793415
103	true	2027	0.10222823180441573	0.09912547318258758
103	true	2028	0.09048595933392346	0.08773959381901493
103	true	2029	0.10970471931853353	0.10637503966240831
103	true	2030	0.1330573964569705	0.12901893294480948
103	lucky_guessed	2026	0.1560408142649212	0.15156835568132795
103	lucky_guessed	2027	0.1360442151957182	0.13214490128309475
103	lucky_guessed	2028	0.21547337424715468	0.20929745324387564
103	lucky_guessed	2029	0.21661093600009296	0.2104024100796308
103	lucky_guessed	2030	0.13853650853702365	0.134565760244878
104	believes	2026	0.08798000829427363	0.08226039410864285
104	believes	2027	0.10032916915870212	0.09380673127448093
104	believes	2028	0.11607526850082384	0.10852917064075547
104	believes	2029	0.0843123975563484	0.07883121615574128
104	believes	2030	0.08805756198281023	0.0823329060020523
104	justified	2026	0.07333582347601686	0.07036960712060111
104	justified	2027	0.1185924168361141	0.11379570562767442
104	justified	2028	0.09823220407394348	0.09425900303055493
104	justified	2029	0.08864488278883693	0.0850594604305791
104	justified	2030	0.07872853902910057	0.07554420333833853
104	knows	2026	0.10056185275616283	0.093915840633352
104	knows	2027	0.13431957491200675	0.12544255545851135
104	knows	2028	0.10971471259123776	0.10246379895005699
104	knows	2029	0.10501594523809911	0.09807556749035445
104	knows	2030	0.11995636835827604	0.11202859598269589
104	true	2026	0.09196249558036458	0.08866110256938642
104	true	2027	0.12028112060555701	0.11596310761108805
104	true	2028	0.1181753813241866	0.11393296298276166
104	true	2029	0.11090166599920108	0.10692036924637816
104	true	2030	0.11825115026978279	0.11400601187312379
104	lucky_guessed	2026	0.20400939607094476	0.18562056023461485
104	lucky_guessed	2027	0.14959692302800365	0.1361126751837259
104	lucky_guessed	2028	0.15107439527416758	0.1374569722178129
104	lucky_guessed	2029	0.18007858104131777	0.16384680187730094
104	lucky_guessed	2030	0.13513543820156732	0.12295470811453268
105	believes	2026	0.11012911198895904	0.10701087240528566
105	believes	2027	0.07805275089609494	0.07584273418876687
105	believes	2028	0.08077724476286645	0.07849008564997995
105	believes	2029	0.11515848273800773	0.11189783954581141
105	believes	2030	0.09930663459425736	0.09649482695029625
105	justified	2026	0.09717507381479303	0.09174879213688164
105	justified	2027	0.13512990639653502	0.12758421688550967
105	justified	2028	0.13990081793576636	0.13208871946968728
105	justified	2029	0.10011562947130315	0.09452514639219489
105	justified	2030	0.09187849375442467	0.08674797450003296
105	knows	2026	0.11061666610529938	0.10095129961679852
105	knows	2027	0.15110304066401015	0.13790009108176324
105	knows	2028	0.1638890006082184	0.14956885057942737
105	knows	2029	0.10666389437786827	0.09734390972680806
105	knows	2030	0.10247936125258979	0.09352500908407599
105	true	2026	0.09346572785670969	0.08848911352358779
105	true	2027	0.114294754487512	0.10820909157741071
105	true	2028	0.14272540632932437	0.13512594373349363
105	true	2029	0.1078858031424015	0.10214138701714583
105	true	2030	0.10203091329131155	0.09659824275901219
105	lucky_guessed	2026	0.20040567172578053	0.17725748772022662
105	lucky_guessed	2027	0.17325453683286926	0.1532424889508514
105	lucky_guessed	2028	0.13540151491148772	0.11976174207067412
105	lucky_guessed	2029	0.21496572159181865	0.1901357552767787
105	lucky_guessed	2030	0.19249792155149037	0.17026313512859018
106	believes	2026	0.17134019462066916	0.1640875094489304
106	believes	2027	0.09608474937947453	0.09201756340132414
106	believes	2028	0.12165319851779648	0.11650372176519931
106	believes	2029	0.11516065080592411	0.1102859980934242
106	believes	2030	0.08718106655517417	0.08349076592220873
106	justified	2026	0.08696147903093242	0.08326906336170249
106	justified	2027	0.09710609801294355	0.09298293817393907
106	justified	2028	0.09620287691771001	0.09211806817118903
106	justified	2029	0.08085412703162596	0.07742103172436597
106	justified	2030	0.08201877174989027	0.07853622520911023
106	knows	2026	0.09978206867380447	0.0923987804377328
106	knows	2027	0.11275996934273386	0.10441639252363977
106	knows	2028	0.11688766146965282	0.10823865962652526
106	knows	2029	0.09074650819207665	0.08403179847214241
106	knows	2030	0.08793016717014832	0.08142385017861045
106	true	2026	0.09222268962633487	0.08792607428757804
106	true	2027	0.11676431796463843	0.11132431874515043
106	true	2028	0.10193501697889369	0.0971859084972117
106	true	2029	0.09683868051812368	0.09232700815435943
106	true	2030	0.07844888269111971	0.07479398307753538
106	lucky_guessed	2026	0.22615909501750947	0.2067091420853896
106	lucky_guessed	2027	0.17520197421481687	0.16013439467825727
106	lucky_guessed	2028	0.1888013770607036	0.17256423259801554
106	lucky_guessed	2029	0.205130607338789	0.18748912952261843
106	lucky_guessed	2030	0.21075594545032975	0.19263068182183865
107	believes	2026	0.0971190888191529	0.09195509771057835
107	believes	2027	0.10852994995149817	0.1027592234817802
107	believes	2028	0.09629513140803163	0.09117495155012477
107	believes	2029	0.12414000376310667	0.11753926354359309
107	believes	2030	0.1307142333332416	0.12376392987689491
107	justified	2026	0.09657770977164842	0.09193030365839967
107	justified	2027	0.09144785248044361	0.08704729970624804
107	justified	2028	0.11232769995483748	0.10692239017174579
107	justified	2029	0.09022276089494792	0.08588116062788038
107	justified	2030	0.0924159712819462	0.0879688317617293
107	knows	2026	0.11851377273345648	0.10890256177766368
107	knows	2027	0.1073367247284304	0.09863194822123904
107	knows	2028	0.12148787311942562	0.11163546904696826
107	knows	2029	0.10666461989018215	0.09801434963349503
107	knows	2030	0.10871906806759833	0.09990218650173198
107	true	2026	0.09659506456053082	0.09244594552350185
107	true	2027	0.10585094740823536	0.10130425360998394
107	true	2028	0.10047637987845923	0.09616054384250701
107	true	2029	0.08676982955030368	0.08304274107777287
107	true	2030	0.0975686341959761	0.09337769670448802
107	lucky_guessed	2026	0.2051323663514894	0.17914107105490296
107	lucky_guessed	2027	0.1956562895459916	0.17086566050644428
107	lucky_guessed	2028	0.16756644290561856	0.14633493772278516
107	lucky_guessed	2029	0.25419816165975023	0.2219899850513492
107	lucky_guessed	2030	0.16890620576521656	0.14750494593697755
108	believes	2026	0.11042406686218581	0.10031131522526138
108	believes	2027	0.13801152620335488	0.12537228616097096
108	believes	2028	0.1185729527009947	0.10771391756856766
108	believes	2029	0.12419769349473099	0.11282353871234464
108	believes	2030	0.11401595545742214	0.10357425490289933
108	justified	2026	0.1112135897027547	0.10829523251555292
108	justified	2027	0.08818826492443614	0.08587411557041427
108	justified	2028	0.09184063385337511	0.08943064264097451
108	justified	2029	0.0876176916636776	0.08531851472967032
108	justified	2030	0.10076500447312758	0.09812082874057061
108	knows	2026	0.13455936917834085	0.12751133657391864
108	knows	2027	0.08689239333895186	0.082341090630944
108	knows	2028	0.10422964908136342	0.09877024503125005
108	knows	2029	0.09261996747836657	0.08776866240318547
108	knows	2030	0.10085094963084154	0.09556851715865122
108	true	2026	0.11302089345362024	0.11034671911697008
108	true	2027	0.08728123937536876	0.08521608802789325
108	true	2028	0.0927960081973822	0.09060037254027382
108	true	2029	0.10041625008939783	0.09804031276696012
108	true	2030	0.09612385850850007	0.09384948296864729
108	lucky_guessed	2026	0.11992752379666573	0.11117923235147034
108	lucky_guessed	2027	0.17072698416749055	0.15827305059350316
108	lucky_guessed	2028	0.15903359257346567	0.14743265082661525
108	lucky_guessed	2029	0.16410195154574983	0.15213129082168123
108	lucky_guessed	2030	0.19356404963974425	0.17944423238718601
109	believes	2026	0.11005380409258747	0.1055659104651015
109	believes	2027	0.1173459338522729	0.11256067383251064
109	believes	2028	0.09473009230257494	0.09086708564795519
109	believes	2029	0.1321138356875307	0.12672635411727995
109	believes	2030	0.13851493329314002	0.13286642080814726
109	justified	2026	0.06384217930306019	0.06149985000235349
109	justified	2027	0.09260056564479213	0.08920310928381522
109	justified	2028	0.07640083474677313	0.07359773629713673
109	justified	2029	0.07520595070173818	0.07244669179423813
109	justified	2030	0.06822636979569834	0.06572318731042165
109	knows	2026	0.08863952120836402	0.08316674316483008
109	knows	2027	0.13207303851814156	0.12391858985358026
109	knows	2028	0.1056486729855543	0.09912571652142034
109	knows	2029	0.09315249255473537	0.08740107480107191
109	knows	2030	0.09284099248013433	0.08710880735256807
109	true	2026	0.08220385711706621	0.07989029873086932
109	true	2027	0.10370213125923722	0.10078352203753575
109	true	2028	0.10515126670121162	0.1021918727819048
109	true	2029	0.10297153079043446	0.10007348370414657
109	true	2030	0.09578575367274246	0.09308994423679136
109	lucky_guessed	2026	0.19399967471603163	0.16487444442209614
109	lucky_guessed	2027	0.17677817871644946	0.15023841686584052
109	lucky_guessed	2028	0.18932951994120628	0.16090542140702355
109	lucky_guessed	2029	0.1971602698582935	0.16756053845233804
109	lucky_guessed	2030	0.23954537152153219	0.20358235188439458
110	believes	2026	0.11410739150155692	0.10913698473252069
110	believes	2027	0.09686120812916588	0.09264202830034941
110	believes	2028	0.10691196314952629	0.10225498222711071
110	believes	2029	0.11265144030653157	0.10774445335263538
110	believes	2030	0.11477068868399384	0.10977138933611513
110	justified	2026	0.09549652434481905	0.09125275650788942
110	justified	2027	0.11141326048167098	0.10646216917564241
110	justified	2028	0.07597569522206873	0.07259941305909097
110	justified	2029	0.10984923088969858	0.10496764345853832
110	justified	2030	0.08880884036247455	0.08486226635937853
110	knows	2026	0.09920303485023498	0.09182764493344116
110	knows	2027	0.13516269325254981	0.1251138316784405
110	knows	2028	0.08675104779036773	0.0803014184608789
110	knows	2029	0.1214982371090789	0.11246527885094348
110	knows	2030	0.10676912328574749	0.09883122182441177
110	true	2026	0.1024016438325301	0.09814531574732965
110	true	2027	0.11589442931334751	0.11107727310429868
110	true	2028	0.08808990332556452	0.08442844325993921
110	true	2029	0.12636470623027096	0.12111235257679231
110	true	2030	0.09732061197974708	0.09327547717003902
110	lucky_guessed	2026	0.15742407208187678	0.1391875997550966
110	lucky_guessed	2027	0.17444495972025026	0.15423673718850148
110	lucky_guessed	2028	0.19771447268565398	0.17481064062202542
110	lucky_guessed	2029	0.16498138890876657	0.14586945454269545
110	lucky_guessed	2030	0.1632704880137195	0.14435674949161154
111	believes	2026	0.10832564472865633	0.10680200663145312
111	believes	2027	0.08787158413534543	0.0866356395574426
111	believes	2028	0.08394420893823422	0.08276350426670184
111	believes	2029	0.08928939994866666	0.08803351329524327
111	believes	2030	0.09524245082981575	0.0939028324327242
111	justified	2026	0.09115471863877911	0.08685635611181447
111	justified	2027	0.08489919358933812	0.08089580772250181
111	justified	2028	0.11410574913196606	0.10872514038779715
111	justified	2029	0.07958340460879183	0.07583068254188208
111	justified	2030	0.09459842404344217	0.09013767503241664
111	knows	2026	0.10935294249179718	0.10041241722984384
111	knows	2027	0.10956864436682796	0.10061048365749825
111	knows	2028	0.1498770795790214	0.13762336435535885
111	knows	2029	0.09772127198255438	0.08973173387885153
111	knows	2030	0.11836814568860561	0.10869055153681646
111	true	2026	0.11792436875816752	0.1128117356520739
111	true	2027	0.11560551534685143	0.11059341656494984
111	true	2028	0.1397076351077015	0.13365058440692165
111	true	2029	0.10529633323950167	0.10073119097976618
111	true	2030	0.1173188622310002	0.11223248097386157
111	lucky_guessed	2026	0.21641380699930096	0.1924688659718134
111	lucky_guessed	2027	0.20537239635099538	0.18264912380436774
111	lucky_guessed	2028	0.14740284456296396	0.1310935689706008
111	lucky_guessed	2029	0.19031403763535432	0.1692568857323968
111	lucky_guessed	2030	0.1530361170941753	0.1361035523483985
112	believes	2026	0.09998748905035706	0.09647971380677098
112	believes	2027	0.09238985026681364	0.08914861646243905
112	believes	2028	0.08387770527802187	0.08093509574899496
112	believes	2029	0.08674784438275995	0.08370454422740702
112	believes	2030	0.12407635284646687	0.1197234886735293
112	justified	2026	0.10148426516680467	0.09511524999369854
112	justified	2027	0.0936963329832103	0.08781607789683196
112	justified	2028	0.08828377072341669	0.08274320072123682
112	justified	2029	0.09133800965498429	0.08560575974986112
112	justified	2030	0.08654655064306362	0.08111500622265852
112	knows	2026	0.13161167454530837	0.11874957804963225
112	knows	2027	0.10429338141016677	0.09410103684656865
112	knows	2028	0.09912547167141421	0.08943817465751426
112	knows	2029	0.1029199269299315	0.0928618068119856
112	knows	2030	0.08921097982442401	0.08049260256085883
112	true	2026	0.12071285032905814	0.11303030233511775
112	true	2027	0.10161271942389316	0.09514576423527112
112	true	2028	0.11764132245718872	0.11015425622203406
112	true	2029	0.10224982773228697	0.09574232495371712
112	true	2030	0.10974987121901769	0.1027650419264406
112	lucky_guessed	2026	0.17097872113262091	0.15421772079441362
112	lucky_guessed	2027	0.17412027109708808	0.15705130541870208
112	lucky_guessed	2028	0.19030862586627506	0.17165271990687653
112	lucky_guessed	2029	0.1446949213925876	0.13051051522594603
112	lucky_guessed	2030	0.17106888176283833	0.1542990430010918
113	believes	2026	0.07512553334092886	0.07062897559506685
113	believes	2027	0.14116794045677863	0.13271848568555386
113	believes	2028	0.14253477763302994	0.13400351229728893
113	believes	2029	0.1112609441934039	0.10460154041713535
113	believes	2030	0.09066441180484959	0.08523779125328522
113	justified	2026	0.10059934156807358	0.09917800537284123
113	justified	2027	0.08492944356052093	0.08372950238504288
113	justified	2028	0.07234245042620012	0.07132034688516468
113	justified	2029	0.10676641759764868	0.10525794874088043
113	justified	2030	0.08672782654302642	0.08550247658468675
113	knows	2026	0.11620446199746777	0.11089196440918865
113	knows	2027	0.09628982118579786	0.09188775749536464
113	knows	2028	0.08084841071109733	0.07715227908640752
113	knows	2029	0.12416938906467369	0.11849276039994526
113	knows	2030	0.10327627073941596	0.09855480884545216
113	true	2026	0.12079318695212447	0.11914444564237654
113	true	2027	0.10104050622545487	0.09966137499483524
113	true	2028	0.09500890953656259	0.09371210532185865
113	true	2029	0.12089967450264037	0.11924947971337146
113	true	2030	0.09942068514447144	0.09806366332248656
113	lucky_guessed	2026	0.1724110659401694	0.14611640407338228
113	lucky_guessed	2027	0.15853783995862955	0.1343590039188964
113	lucky_guessed	2028	0.16302993862443912	0.1381660060983198
113	lucky_guessed	2029	0.2081615325855073	0.17641451517011966
113	lucky_guessed	2030	0.18087097954446632	0.15328608397699311
114	believes	2026	0.0925981202481991	0.09430411442934908
114	believes	2027	0.06944765774649131	0.07072713620342375
114	believes	2028	0.10149029634974144	0.10336011675810132
114	believes	2029	0.09495376400256278	0.09670315770982663
114	believes	2030	0.11674835578793742	0.11889928514912954
114	justified	2026	0.08500975566689996	0.08171289083568589
114	justified	2027	0.11877320859826117	0.11416692298732008
114	justified	2028	0.07713394091949463	0.0741425174632637
114	justified	2029	0.10865397540263522	0.10444013585602863
114	justified	2030	0.09499656360786786	0.09131238845422822
114	knows	2026	0.09948777154649374	0.09219603251343181
114	knows	2027	0.14846061601617577	0.13757951925573958
114	knows	2028	0.08930586832161098	0.0827603896582573
114	knows	2029	0.1025862256821597	0.09506739221716923
114	knows	2030	0.10157299590018086	0.09412842490017347
114	true	2026	0.09092336524452563	0.08782339315343823
114	true	2027	0.12066098884216342	0.11654713211361217
114	true	2028	0.09927621079315208	0.09589145394940767
114	true	2029	0.12827886456841095	0.12390528139791346
114	true	2030	0.12808053156532576	0.12371371042758686
114	lucky_guessed	2026	0.19111499702783893	0.17039472438745473
114	lucky_guessed	2027	0.1813539044166702	0.16169190822406262
114	lucky_guessed	2028	0.18823709593875906	0.16782883908010396
114	lucky_guessed	2029	0.22091475727166682	0.1969636593874623
114	lucky_guessed	2030	0.21961530742063404	0.1958050930652715
115	believes	2026	0.06625290836756255	0.06396717968517446
115	believes	2027	0.12817608197604774	0.1237540006789764
115	believes	2028	0.09492216545800918	0.09164734595909663
115	believes	2029	0.10107746440961402	0.09759028678622034
115	believes	2030	0.06726803521125523	0.06494728460152747
115	justified	2026	0.10332817497636633	0.09799784322636652
115	justified	2027	0.0926589463784979	0.0878790020514467
115	justified	2028	0.10794968607766724	0.10238094706496416
115	justified	2029	0.09907098159075887	0.09396026325282586
115	justified	2030	0.14551930304478175	0.1380124815855345
115	knows	2026	0.12761607544066156	0.11636884882856205
115	knows	2027	0.11422286224470539	0.10415602378792979
115	knows	2028	0.1314536044596756	0.11986816372871746
115	knows	2029	0.11548624775152463	0.10530806295343137
115	knows	2030	0.13969962262924757	0.12738743305665318
115	true	2026	0.11437722525697856	0.10853270829874087
115	true	2027	0.1073715031218918	0.10188496881038488
115	true	2028	0.1061361901675033	0.10071277862798558
115	true	2029	0.09993248331776966	0.09482607256058202
115	true	2030	0.13038860273182756	0.12372592667796353
115	lucky_guessed	2026	0.18428442506373183	0.17268988321915954
115	lucky_guessed	2027	0.1441665636180613	0.13509609955752158
115	lucky_guessed	2028	0.2269773619471959	0.21269672743368637
115	lucky_guessed	2029	0.1637719937469171	0.15346802349109667
115	lucky_guessed	2030	0.1648943072497297	0.15451972489054466
116	believes	2026	0.09067872181980823	0.08846060094187326
116	believes	2027	0.09052538589946986	0.08831101581995172
116	believes	2028	0.10365599345590061	0.10112043143436585
116	believes	2029	0.08811387656041644	0.08595849517311784
116	believes	2030	0.10557754639109615	0.10299498065581161
116	justified	2026	0.12297401511584406	0.11515606622410267
116	justified	2027	0.10961249124540128	0.10264398774776612
116	justified	2028	0.08301701705080752	0.07773929398194095
116	justified	2029	0.11940961476749544	0.11181826903030538
116	justified	2030	0.09289395275740013	0.08698831346990463
116	knows	2026	0.13725554423490577	0.12425158886212997
116	knows	2027	0.12827368577789075	0.11612069556787526
116	knows	2028	0.09801727485927836	0.0887308575044375
116	knows	2029	0.13094513837263286	0.1185390476374899
116	knows	2030	0.09935275638583531	0.08993981195866876
116	true	2026	0.12030696963891284	0.11307595012214343
116	true	2027	0.10662069326844749	0.10021228387845435
116	true	2028	0.09842530206243287	0.09250947455639971
116	true	2029	0.11634114993373575	0.10934849499197138
116	true	2030	0.10740242857696948	0.10094703318699783
116	lucky_guessed	2026	0.16289296493824085	0.1460998026335325
116	lucky_guessed	2027	0.16888913753743387	0.15147781041693087
116	lucky_guessed	2028	0.16002532388603735	0.14352779596701018
116	lucky_guessed	2029	0.1489372323687034	0.13358281164629857
116	lucky_guessed	2030	0.15998859609809604	0.1434948545654498
117	believes	2026	0.09928632310873953	0.09328612050398137
117	believes	2027	0.10347006812823621	0.09721702790216605
117	believes	2028	0.08668181392488968	0.08144334371658457
117	believes	2029	0.11266480060490518	0.1058560921253522
117	believes	2030	0.12215597514373741	0.11477368343129801
117	justified	2026	0.12065596458262509	0.11501519535637784
117	justified	2027	0.11007617000243416	0.10493001519408492
117	justified	2028	0.10408916726981453	0.09922290994426643
117	justified	2029	0.11343570949334472	0.10813249334915316
117	justified	2030	0.07923530908487053	0.07553099082207916
117	knows	2026	0.138163711478817	0.12682536639968106
117	knows	2027	0.128597751107363	0.11804443241861548
117	knows	2028	0.11494534264444846	0.10551240293696171
117	knows	2029	0.12484760336104486	0.11460203892115464
117	knows	2030	0.10052457232431693	0.09227506688076627
117	true	2026	0.11951760360014625	0.11441444903834547
117	true	2027	0.10157208561089952	0.09723516756348773
117	true	2028	0.09955143259312059	0.09530079225171095
117	true	2029	0.1122585679330314	0.10746535918559652
117	true	2030	0.08179111967276959	0.07829880797223296
117	lucky_guessed	2026	0.16636704618785148	0.15527127070277183
117	lucky_guessed	2027	0.1528369996323907	0.1426436045304583
117	lucky_guessed	2028	0.19240495662065804	0.1795725943842766
117	lucky_guessed	2029	0.1793923368619979	0.16742784546075637
117	lucky_guessed	2030	0.1185582001126798	0.11065101416144242
118	believes	2026	0.09722305352056188	0.09663738365561057
118	believes	2027	0.09208931348756598	0.09153456917702738
118	believes	2028	0.0890110242234545	0.08847482347015165
118	believes	2029	0.11045795051360091	0.1097925538754834
118	believes	2030	0.09751030579257622	0.09692290552528444
118	justified	2026	0.09566291512607357	0.09100246100600753
118	justified	2027	0.13641050023000595	0.12976492731411302
118	justified	2028	0.12175234187232106	0.11582087718134079
118	justified	2029	0.09282220052395342	0.08830013880029237
118	justified	2030	0.10377710582881582	0.09872134895802596
118	knows	2026	0.10238940965441097	0.09409033642862857
118	knows	2027	0.16281721717831163	0.14962022725189583
118	knows	2028	0.14621962901135196	0.1343679403229636
118	knows	2029	0.10674225930626118	0.09809037011910685
118	knows	2030	0.12409354061607923	0.1140352603320589
118	true	2026	0.09593715581955216	0.09110372321816014
118	true	2027	0.12983290091342883	0.12329175873918508
118	true	2028	0.1248185000528014	0.11852998959761539
118	true	2029	0.1047778333661311	0.09949899649246315
118	true	2030	0.10800463016314224	0.1025632232747234
118	lucky_guessed	2026	0.1776558041088092	0.16735671508279332
118	lucky_guessed	2027	0.1691006989746461	0.1592975677916383
118	lucky_guessed	2028	0.13392372654531012	0.12615988010468843
118	lucky_guessed	2029	0.2203877076110903	0.20761135824095658
118	lucky_guessed	2030	0.17920117467738636	0.16881249719607738
119	believes	2026	0.09781155578058058	0.10494290734845224
119	believes	2027	0.07812783951777239	0.08382406923616431
119	believes	2028	0.0744105402892839	0.07983574510198065
119	believes	2029	0.09327283362343304	0.10007327108700279
119	believes	2030	0.09668400216805996	0.1037331448276044
119	justified	2026	0.10562059007927528	0.09896146408729156
119	justified	2027	0.11421748955720384	0.10701634958176315
119	justified	2028	0.13745481366492626	0.12878861589314358
119	justified	2029	0.09144318748956035	0.08567791287648985
119	justified	2030	0.10753689560080286	0.10075695112165288
119	knows	2026	0.10570738877578398	0.09549093848311176
119	knows	2027	0.13907344867796953	0.12563222198696958
119	knows	2028	0.14641819578686027	0.13226711101858443
119	knows	2029	0.11759059726074199	0.10622565384748436
119	knows	2030	0.12398359346204532	0.11200077717662364
119	true	2026	0.10811898280441334	0.10183728671584372
119	true	2027	0.10774311627656068	0.10148325797481253
119	true	2028	0.1385746789364804	0.1305235116384604
119	true	2029	0.09747079902830895	0.09180776076135172
119	true	2030	0.11025649179777393	0.10385060676907004
119	lucky_guessed	2026	0.19245708990107507	0.18172733278539055
119	lucky_guessed	2027	0.20682418624939483	0.1952934430315389
119	lucky_guessed	2028	0.12127148671332677	0.11451042845269946
119	lucky_guessed	2029	0.24050581303046395	0.2270972711053338
119	lucky_guessed	2030	0.24860080152971567	0.23474095245608878
120	believes	2026	0.11347783508511781	0.1101475506989736
120	believes	2027	0.0818849552778245	0.0794818411558701
120	believes	2028	0.08523986160789579	0.08273828956101156
120	believes	2029	0.11803814233562523	0.11457402458879877
120	believes	2030	0.08450503421817472	0.0820250274768029
120	justified	2026	0.10096303892289327	0.09810627214702819
120	justified	2027	0.0922435289115615	0.08963348219055944
120	justified	2028	0.10259097590521829	0.09968814636882299
120	justified	2029	0.08097692791989078	0.07868567163678863
120	justified	2030	0.08205523851218688	0.07973347124301498
120	knows	2026	0.10795151320409876	0.1020558324274272
120	knows	2027	0.12098632843480717	0.11437876222640611
120	knows	2028	0.11243842786271045	0.10629769802915974
120	knows	2029	0.09661801201535958	0.0913413008400173
120	knows	2030	0.12077741296297037	0.11418125649672763
120	true	2026	0.13031406207953267	0.12686343582660065
120	true	2027	0.12707071793577898	0.12370597319303195
120	true	2028	0.1211826944034909	0.11797386045236662
120	true	2029	0.10794621828708117	0.10508787707062212
120	true	2030	0.1058355410238702	0.10303308908182773
120	lucky_guessed	2026	0.23667670744874872	0.20937897045217338
120	lucky_guessed	2027	0.19505208179184028	0.17255523160838424
120	lucky_guessed	2028	0.1454852683349904	0.1287053383000724
120	lucky_guessed	2029	0.24730761692530853	0.21878373573375207
120	lucky_guessed	2030	0.17521303514597242	0.15500437412755688
121	believes	2026	0.09995171243715102	0.09291633754186691
121	believes	2027	0.1163848881391172	0.10819281918662918
121	believes	2028	0.15265836406353578	0.1419130872103446
121	believes	2029	0.12555142120623594	0.11671414073065621
121	believes	2030	0.09416196758934152	0.08753411973445696
121	justified	2026	0.10080108134252663	0.0981804626659545
121	justified	2027	0.09423975656553692	0.09178971870044642
121	justified	2028	0.0817386677731813	0.07961363224269287
121	justified	2029	0.0948058033726161	0.09234104946663903
121	justified	2030	0.0891967471939371	0.08687781709445117
121	knows	2026	0.11116107462943407	0.10409311675948121
121	knows	2027	0.10899589435537321	0.10206560520631867
121	knows	2028	0.09303666029602564	0.08712110759445697
121	knows	2029	0.10279540569447078	0.09625936239788277
121	knows	2030	0.11174583342575525	0.10464069482009737
121	true	2026	0.11178184523148255	0.10818016168997967
121	true	2027	0.10941554145747602	0.10589010175806922
121	true	2028	0.09694778272726921	0.0938240622992255
121	true	2029	0.11148210301030771	0.10789007735754753
121	true	2030	0.09249222417997344	0.08951206473765837
121	lucky_guessed	2026	0.25034844103600457	0.22799345935182
121	lucky_guessed	2027	0.15165652246249245	0.13811428202390086
121	lucky_guessed	2028	0.18511460407253855	0.1685847085142054
121	lucky_guessed	2029	0.18200085512513256	0.16574900324224776
121	lucky_guessed	2030	0.1365021652967309	0.12431314030247863
122	believes	2026	0.11360182076918487	0.1104922851904809
122	believes	2027	0.08062327699099801	0.07841643781731447
122	believes	2028	0.10270646458114754	0.099895159237487
122	believes	2029	0.11915678596969846	0.11589519858572848
122	believes	2030	0.09775313599583368	0.0950774143194485
122	justified	2026	0.08552775859337296	0.08377991755284131
122	justified	2027	0.08312208755869335	0.08142340869233282
122	justified	2028	0.08510729695469464	0.08336804844739591
122	justified	2029	0.099241007827528	0.0972129235045265
122	justified	2030	0.09429544725560328	0.09236843016361788
122	knows	2026	0.10645910600751628	0.09952526929315922
122	knows	2027	0.1095236861885541	0.10239024890107302
122	knows	2028	0.10933362766753071	0.10221256916849124
122	knows	2029	0.11018689646044777	0.1030102633214792
122	knows	2030	0.10816915142640374	0.10112393696190981
122	true	2026	0.11813680124010068	0.11429291994006349
122	true	2027	0.11942588775215401	0.1155400627437567
122	true	2028	0.11781357965708174	0.11398021519333683
122	true	2029	0.11897819573838696	0.1151069375283271
122	true	2030	0.12314613732388549	0.11913926453350883
122	lucky_guessed	2026	0.16443572505236742	0.15433181498420664
122	lucky_guessed	2027	0.19662943787215653	0.1845473543931524
122	lucky_guessed	2028	0.20837692905718738	0.19557300977016606
122	lucky_guessed	2029	0.23628844125287668	0.2217694724594187
122	lucky_guessed	2030	0.2578112219798899	0.2419697653826823
123	believes	2026	0.07931215201952874	0.08183621811069501
123	believes	2027	0.09106930328532274	0.09396753431947778
123	believes	2028	0.10824088122202995	0.11168558838245615
123	believes	2029	0.0793419549144527	0.08186696946653677
123	believes	2030	0.08795728197466957	0.09075647462359365
123	justified	2026	0.09788620535081358	0.09133931064251588
123	justified	2027	0.0974078242277819	0.09089292494551691
123	justified	2028	0.11348080200592438	0.1058908984083406
123	justified	2029	0.13280780556052768	0.12392525958452696
123	justified	2030	0.09833944650086453	0.09176223779606225
123	knows	2026	0.12449715707429652	0.11118440470611761
123	knows	2027	0.11094336164658136	0.09907994616623554
123	knows	2028	0.13040649820260078	0.11646184710718217
123	knows	2029	0.16483354055489624	0.14720753078129187
123	knows	2030	0.13065603481548427	0.11668470022614355
123	true	2026	0.08778483741895565	0.08186869061382786
123	true	2027	0.09956881697036173	0.09285850393989799
123	true	2028	0.09677020447506683	0.09024850035315311
123	true	2029	0.12453938649895183	0.11614621388268345
123	true	2030	0.09702554652411606	0.09048663395149362
123	lucky_guessed	2026	0.1447995362957538	0.12731195779248836
123	lucky_guessed	2027	0.1601362983620908	0.14079648443402978
123	lucky_guessed	2028	0.1644954690070257	0.14462919387050663
123	lucky_guessed	2029	0.17013978961987875	0.14959184448399407
123	lucky_guessed	2030	0.166846377509869	0.14669618090475145
124	believes	2026	0.06147562502055096	0.06145059266211187
124	believes	2027	0.07202245582346069	0.07199312888405611
124	believes	2028	0.09852537022713427	0.09848525152346846
124	believes	2029	0.08724982077990227	0.08721429338531655
124	believes	2030	0.08272090636597873	0.08268722310732349
124	justified	2026	0.07984518891483845	0.07711155992803591
124	justified	2027	0.09716201479052837	0.09383551630442903
124	justified	2028	0.10180778391497032	0.09832223002030889
124	justified	2029	0.08027742124353326	0.07752899408493337
124	justified	2030	0.09441233754194073	0.09117997869698002
124	knows	2026	0.09656349767755201	0.09027834247160173
124	knows	2027	0.11985611980964132	0.11205488711297515
124	knows	2028	0.11777589254350757	0.11011005833121443
124	knows	2029	0.09414722914194956	0.08801934477985611
124	knows	2030	0.11883695688300283	0.11110205978237586
124	true	2026	0.09612595187632955	0.0933473665949971
124	true	2027	0.11192396682928481	0.10868872930195925
124	true	2028	0.12435548057794993	0.12076090178583083
124	true	2029	0.10360756347104629	0.10061271717536807
124	true	2030	0.11438271766436887	0.11107640829070552
124	lucky_guessed	2026	0.19181422236843673	0.16761273733286766
124	lucky_guessed	2027	0.179918101241569	0.1572175674591359
124	lucky_guessed	2028	0.20274843169493395	0.1771673612452932
124	lucky_guessed	2029	0.19883340637401034	0.17374630047792708
124	lucky_guessed	2030	0.18293922920885303	0.15985751522826797
125	believes	2026	0.06402481957132333	0.0645830706497739
125	believes	2027	0.07994471818871292	0.08064177950718424
125	believes	2028	0.07800932644122797	0.07868951251448202
125	believes	2029	0.08906599365493634	0.08984258603495467
125	believes	2030	0.09705302827754132	0.09789926194232304
125	justified	2026	0.09569171740042298	0.0888177696703195
125	justified	2027	0.13145510318697218	0.12201211760044102
125	justified	2028	0.1070006316710202	0.09931431597750129
125	justified	2029	0.0826783753155445	0.0767392319312664
125	justified	2030	0.10952060065204952	0.10165326474562553
125	knows	2026	0.12008437557063492	0.10710218024503117
125	knows	2027	0.1441394592798921	0.1285566941982035
125	knows	2028	0.15362730121245893	0.1370188155355495
125	knows	2029	0.10128905383209048	0.09033880093744706
125	knows	2030	0.13534611294897744	0.12071398727471506
125	true	2026	0.09848458903404718	0.09205623123682105
125	true	2027	0.10569443087079328	0.09879546702806707
125	true	2028	0.10771034466677167	0.10067979663106646
125	true	2029	0.08956933352825398	0.08372289877916197
125	true	2030	0.11938736171259276	0.1115946229188097
125	lucky_guessed	2026	0.17587486630652582	0.1505773991568349
125	lucky_guessed	2027	0.18215495338656315	0.15595417185238508
125	lucky_guessed	2028	0.25689407252723556	0.21994297486793962
125	lucky_guessed	2029	0.20194489159496665	0.17289756738965464
125	lucky_guessed	2030	0.19867304875403696	0.17009633947242372
126	believes	2026	0.09897351243989555	0.09500543502642908
126	believes	2027	0.09207329344574335	0.08838186179803463
126	believes	2028	0.09410292874766199	0.09033012431848299
126	believes	2029	0.12126130425773393	0.11639965763440323
126	believes	2030	0.08257304109180837	0.07926249657095365
126	justified	2026	0.09697761471133576	0.09140402293091844
126	justified	2027	0.0859686123735134	0.0810277406813693
126	justified	2028	0.0970689924115113	0.09149014888304752
126	justified	2029	0.1045390010868402	0.09853083395543577
126	justified	2030	0.11194555648424807	0.10551171259839805
126	knows	2026	0.11337527753472515	0.10313446835978211
126	knows	2027	0.10220526689198961	0.09297340737487036
126	knows	2028	0.11363345305374235	0.10336932374868466
126	knows	2029	0.11160231833151923	0.10152165462452824
126	knows	2030	0.12814120324052541	0.11656663744127624
126	true	2026	0.10267032105448952	0.09701923749470687
126	true	2027	0.09120807900536237	0.0861878894267887
126	true	2028	0.11235965002187634	0.10617525550065367
126	true	2029	0.1236715387472193	0.11686452585148165
126	true	2030	0.11723558758451293	0.11078281627907703
126	lucky_guessed	2026	0.2256747997351623	0.19178121461712674
126	lucky_guessed	2027	0.29179063883266637	0.24796726614981904
126	lucky_guessed	2028	0.22319010790027202	0.1896696930001641
126	lucky_guessed	2029	0.27482675139547513	0.23355114640073463
126	lucky_guessed	2030	0.20305347121392833	0.17255733199865755
127	believes	2026	0.11438905017790883	0.11086110428665528
127	believes	2027	0.09450641722581098	0.09159168433983686
127	believes	2028	0.12023489381038575	0.11652665251505259
127	believes	2029	0.10585200759394249	0.10258735809566293
127	believes	2030	0.09458830502294158	0.0916710465830182
127	justified	2026	0.07972642297205883	0.07518718298790746
127	justified	2027	0.12148462983276817	0.11456787791239174
127	justified	2028	0.1120815058483466	0.10570012268997997
127	justified	2029	0.0884122053379385	0.08337843858161956
127	justified	2030	0.10255896183000497	0.09671974663738349
127	knows	2026	0.08527087570706238	0.07805105030011177
127	knows	2027	0.12705032862808507	0.11629306616321164
127	knows	2028	0.1247569145748576	0.11419383387383789
127	knows	2029	0.11123022357368081	0.10181243833904949
127	knows	2030	0.11870320400934321	0.10865268674788961
127	true	2026	0.06917947162474937	0.06545193261141134
127	true	2027	0.10959371266728445	0.10368856725363094
127	true	2028	0.10710843978606728	0.10133720623103247
127	true	2029	0.09847105576376318	0.093165223073467
127	true	2030	0.10495303564246204	0.09929793990759415
127	lucky_guessed	2026	0.17388651287353796	0.15634444367296477
127	lucky_guessed	2027	0.13442530063508723	0.12086416879639468
127	lucky_guessed	2028	0.12009530689530734	0.10797981760630362
127	lucky_guessed	2029	0.18610537905166163	0.167330642679224
127	lucky_guessed	2030	0.13614925455538487	0.12241420630150461
128	believes	2026	0.12479820445428577	0.11730053873847343
128	believes	2027	0.09603089948734599	0.09026152495272569
128	believes	2028	0.11741804015632244	0.11036376226869131
128	believes	2029	0.09709075630086356	0.09125770735578895
128	believes	2030	0.09182297920490015	0.08630640942636209
128	justified	2026	0.09012053744020279	0.08877277207965698
128	justified	2027	0.0829786242350863	0.08173766719481118
128	justified	2028	0.07027657488895542	0.06922557878991434
128	justified	2029	0.12349525225568324	0.12164836332326295
128	justified	2030	0.1085214754416809	0.10689852145549691
128	knows	2026	0.08752676582453527	0.08305627278760899
128	knows	2027	0.09358371940791047	0.08880386307434705
128	knows	2028	0.07897009325825274	0.07493663847775547
128	knows	2029	0.11333398991905806	0.1075453741966867
128	knows	2030	0.1178524147301777	0.11183301718391857
128	true	2026	0.0862763087458967	0.08483590711277048
128	true	2027	0.0805408988206662	0.07919625109661461
128	true	2028	0.08507204050144769	0.08365174438710457
128	true	2029	0.10116782381988623	0.09947880512207459
128	true	2030	0.10056420080236685	0.0988852597213757
128	lucky_guessed	2026	0.18049610357397503	0.15808060571578073
128	lucky_guessed	2027	0.1840898628112824	0.16122806223025002
128	lucky_guessed	2028	0.20292796759935283	0.17772669547756018
128	lucky_guessed	2029	0.13650875327298842	0.11955596811016987
128	lucky_guessed	2030	0.140085185001906	0.12268824898944501
129	believes	2026	0.09850511622344273	0.09521040328349609
129	believes	2027	0.11060598306242822	0.10690653091615912
129	believes	2028	0.09739821009245578	0.09414051998028587
129	believes	2029	0.10072155823823932	0.09735271168506768
129	believes	2030	0.10438512713820597	0.10089374473792435
129	justified	2026	0.10450675137676747	0.09863504937006469
129	justified	2027	0.11275332977861564	0.10641829453924932
129	justified	2028	0.1088308011561796	0.10271615281890606
129	justified	2029	0.10019972231424941	0.09457001033073797
129	justified	2030	0.10553163844041274	0.09960235325033692
129	knows	2026	0.14321304001730475	0.1310791400716416
129	knows	2027	0.14042631146965834	0.12852852050798694
129	knows	2028	0.12980064423397664	0.1188031259226037
129	knows	2029	0.13874438026135671	0.1269890929780833
129	knows	2030	0.15460811751281292	0.1415087556917027
129	true	2026	0.1123776208399116	0.10662163145330195
129	true	2027	0.12438753101290999	0.11801639320997649
129	true	2028	0.10728090967281853	0.1017859741790137
129	true	2029	0.10359099093570585	0.09828505333071136
129	true	2030	0.1237389579675974	0.11740104012017957
129	lucky_guessed	2026	0.14011316919678687	0.12428102247140202
129	lucky_guessed	2027	0.2087783335397939	0.1851873375710926
129	lucky_guessed	2028	0.16691220627193915	0.14805189103459285
129	lucky_guessed	2029	0.20292178264060645	0.17999255011407242
129	lucky_guessed	2030	0.17687458462983166	0.15688856624266626
130	believes	2026	0.12062980935739503	0.11956441175772319
130	believes	2027	0.09902931688246044	0.09815469395910714
130	believes	2028	0.08661381370663049	0.08584884400541781
130	believes	2029	0.11095493765829499	0.10997498813435387
130	believes	2030	0.12611166832036586	0.12499785516394232
130	justified	2026	0.0747622435741175	0.07056663441050452
130	justified	2027	0.09526509877308273	0.08991888252438772
130	justified	2028	0.07963921098745684	0.07516990954025471
130	justified	2029	0.10870034945653952	0.10260015555564811
130	justified	2030	0.07198094288082299	0.06794141852844204
130	knows	2026	0.09155235257704308	0.08347660779997226
130	knows	2027	0.09922594311492065	0.09047331831277898
130	knows	2028	0.08309659472522522	0.0757667241980873
130	knows	2029	0.12263225288150607	0.11181498005528509
130	knows	2030	0.07668325600793462	0.06991909990748126
130	true	2026	0.09761448561166376	0.09240962295667356
130	true	2027	0.1016273318608354	0.09620850184791
130	true	2028	0.09853411074771184	0.0932802131313917
130	true	2029	0.1218541283889857	0.11535679350847047
130	true	2030	0.10191602838866445	0.09648180490450464
130	lucky_guessed	2026	0.17071129379283476	0.15754550188601377
130	lucky_guessed	2027	0.21370072686229188	0.19721945466468516
130	lucky_guessed	2028	0.1659933766669025	0.15319144536785728
130	lucky_guessed	2029	0.16511647359802728	0.15238217182173222
130	lucky_guessed	2030	0.19842564678378297	0.18312243680576043
131	believes	2026	0.09561527575311465	0.09192001801555126
131	believes	2027	0.1040642780185343	0.10004249043780443
131	believes	2028	0.13970366003775858	0.13430451197638163
131	believes	2029	0.13192565553148097	0.12682710516339352
131	believes	2030	0.09102223148210828	0.08750448180743257
131	justified	2026	0.10108604163576916	0.09721260511953939
131	justified	2027	0.10063613237976533	0.09677993558242252
131	justified	2028	0.08785249376147679	0.08448614315687322
131	justified	2029	0.11491253309962829	0.11050929013276686
131	justified	2030	0.10486123178105164	0.10084313672316943
131	knows	2026	0.11312963007357019	0.10437312503503449
131	knows	2027	0.10583114802182757	0.09763956302075849
131	knows	2028	0.10744917577267375	0.09913235153813807
131	knows	2029	0.12340322112011869	0.1138515154634562
131	knows	2030	0.12257307269855484	0.11308562252324972
131	true	2026	0.10665753466497674	0.10290347275264178
131	true	2027	0.09800985748426164	0.09456017083839299
131	true	2028	0.09814825705292216	0.09469369910985893
131	true	2029	0.10352355242416204	0.09987979836209883
131	true	2030	0.10927760573244802	0.10543132427807225
131	lucky_guessed	2026	0.2240073111870723	0.1981830107762251
131	lucky_guessed	2027	0.22032811154240034	0.19492796138089988
131	lucky_guessed	2028	0.1669144827517674	0.14767203158952347
131	lucky_guessed	2029	0.2145627271724063	0.18982722950445943
131	lucky_guessed	2030	0.1603033597610315	0.1418230606252598
132	believes	2026	0.09711363044465424	0.10136013175343343
132	believes	2027	0.08183523661519736	0.08541365745889902
132	believes	2028	0.07205808602442537	0.07520898003600529
132	believes	2029	0.10523493953107502	0.10983656245879256
132	believes	2030	0.09381413670382573	0.09791636058806026
132	justified	2026	0.11204945784756846	0.10568436033216537
132	justified	2027	0.12522976790022944	0.11811594780838548
132	justified	2028	0.1216124090175179	0.11470407713131961
132	justified	2029	0.10359670357553959	0.09771177442729091
132	justified	2030	0.11108900613128085	0.10477846817333071
132	knows	2026	0.14456773774821738	0.13085599593322814
132	knows	2027	0.13862690864176938	0.12547863358736858
132	knows	2028	0.12738400668156621	0.11530208136280305
132	knows	2029	0.12096693446228085	0.109493645889513
132	knows	2030	0.12993331068262695	0.11760959283937023
132	true	2026	0.12289925964816789	0.11682570618481944
132	true	2027	0.11853943460352692	0.11268133915494012
132	true	2028	0.11821048367742829	0.11236864464114371
132	true	2029	0.1154641756722494	0.10975805631844318
132	true	2030	0.1109165528405936	0.10543517227267003
132	lucky_guessed	2026	0.19822951293082589	0.1746813993494215
132	lucky_guessed	2027	0.15156937117351846	0.13356411698565418
132	lucky_guessed	2028	0.2628896501937263	0.23166041873061013
132	lucky_guessed	2029	0.22082469244437006	0.19459244850462276
132	lucky_guessed	2030	0.21142267847072016	0.186307320153462
133	believes	2026	0.10183396001828689	0.099573813574602
133	believes	2027	0.1232540032230446	0.12051845118319007
133	believes	2028	0.08049366520526084	0.07870715438784627
133	believes	2029	0.1330391582314008	0.1300864302780389
133	believes	2030	0.10481325599430331	0.10248698578204782
133	justified	2026	0.10389539505814474	0.095818312887945
133	justified	2027	0.10726281026721629	0.0989239370009855
133	justified	2028	0.117897826814018	0.10873216134509257
133	justified	2029	0.11997293748190323	0.11064594783333166
133	justified	2030	0.15295759564268596	0.14106629797861966
133	knows	2026	0.11880887819755832	0.10524326536050276
133	knows	2027	0.11194152200728105	0.09916002477425087
133	knows	2028	0.13131231302805735	0.11631905641035885
133	knows	2029	0.13079950287776693	0.11586479898830973
133	knows	2030	0.18303281459690393	0.16213410452601631
133	true	2026	0.11135281396098957	0.10297882749189065
133	true	2027	0.10959320800611841	0.1013515479321315
133	true	2028	0.13596774814262486	0.12574266228553035
133	true	2029	0.14113830738522665	0.13052438363894875
133	true	2030	0.16829011856136772	0.15563431647081927
133	lucky_guessed	2026	0.1553468806698478	0.14087248262121163
133	lucky_guessed	2027	0.1337847807816775	0.12131942478911661
133	lucky_guessed	2028	0.1790991816468819	0.1624116702262221
133	lucky_guessed	2029	0.1823121261043936	0.16532524956751354
133	lucky_guessed	2030	0.1814936265320833	0.1645830134422784
134	believes	2026	0.12271955802898395	0.11662775432291202
134	believes	2027	0.09632734859001474	0.09154565520257488
134	believes	2028	0.1090162414560753	0.10360467092575035
134	believes	2029	0.10823438301196765	0.10286162396567942
134	believes	2030	0.13267871184826954	0.12609253535337667
134	justified	2026	0.09363334324943631	0.09246130378983874
134	justified	2027	0.0791733440798362	0.07818230520212933
134	justified	2028	0.08512309732482798	0.08405758342213539
134	justified	2029	0.08855738968095968	0.0874488876074137
134	justified	2030	0.08048365725681174	0.07947621675662137
134	knows	2026	0.1049187121764117	0.10063867538880766
134	knows	2027	0.09793006862824981	0.09393512542272568
134	knows	2028	0.09893213311372506	0.0948963118534439
134	knows	2029	0.10384423769050229	0.0996080328393721
134	knows	2030	0.09277564332041463	0.08899096889801661
134	true	2026	0.10321991814021876	0.1017437892066153
134	true	2027	0.0933000196472504	0.09196575334488821
134	true	2028	0.09103453382052527	0.08973266581141646
134	true	2029	0.0971014531237997	0.09571282322529243
134	true	2030	0.09494884871123535	0.09359100280978253
134	lucky_guessed	2026	0.1624786810970628	0.1431991434780816
134	lucky_guessed	2027	0.1791667419035025	0.1579070177521516
134	lucky_guessed	2028	0.26868042894886635	0.23679911133582407
134	lucky_guessed	2029	0.1702886865434596	0.15008242245924874
134	lucky_guessed	2030	0.20641285358732753	0.1819201364572518
135	believes	2026	0.09810147367950885	0.09564604744585452
135	believes	2027	0.08607203342364783	0.08391769750059286
135	believes	2028	0.09773430610253257	0.09528806987252283
135	believes	2029	0.07130071672213463	0.06951609877755778
135	believes	2030	0.09832147029848431	0.09586053766977508
135	justified	2026	0.09569745555190948	0.0909791419292283
135	justified	2027	0.09518762366104701	0.09049444703644023
135	justified	2028	0.09125178520166881	0.08675266305962331
135	justified	2029	0.11820817674570694	0.11237998364031102
135	justified	2030	0.0767123246521357	0.07293006310352662
135	knows	2026	0.11943995243507907	0.10970918438988744
135	knows	2027	0.1067504925358239	0.09805353427019939
135	knows	2028	0.09552620727662785	0.0877436910725042
135	knows	2029	0.12546600672086783	0.11524429627920617
135	knows	2030	0.0800196868227677	0.07350048620650439
135	true	2026	0.10292123499173735	0.0980860329713246
135	true	2027	0.09775297133839898	0.09316057245633423
135	true	2028	0.08389031146386143	0.07994917527835332
135	true	2029	0.10087158195668841	0.09613267188707676
135	true	2030	0.09136338828307143	0.08707116967868404
135	lucky_guessed	2026	0.15951964785551795	0.13952254536185454
135	lucky_guessed	2027	0.1594336760969269	0.13944735087171423
135	lucky_guessed	2028	0.18856753290002545	0.1649290386263019
135	lucky_guessed	2029	0.24213873854177848	0.21178465214928635
135	lucky_guessed	2030	0.2067011441044781	0.18078945222337192
136	believes	2026	0.090446551432018	0.08548672638110937
136	believes	2027	0.09150687256484577	0.08648890259593482
136	believes	2028	0.09786194633326288	0.09249548265643362
136	believes	2029	0.10165655705630405	0.0960820079961782
136	believes	2030	0.08790787890932836	0.08308726725433956
136	justified	2026	0.16317614211793055	0.15338817179472036
136	justified	2027	0.11216687301040815	0.10543864662863907
136	justified	2028	0.09252038612625776	0.08697063613252845
136	justified	2029	0.10688304961754373	0.10047176850664069
136	justified	2030	0.0961836640123421	0.0904141756747025
136	knows	2026	0.18004681729198707	0.16286276055365392
136	knows	2027	0.1243288580676808	0.1124626435831314
136	knows	2028	0.1130384379882111	0.10224980555794806
136	knows	2029	0.1156322960101897	0.10459610017341237
136	knows	2030	0.10858486591023349	0.09822129200878693
136	true	2026	0.1793535462806316	0.1692135647218562
136	true	2027	0.11234589581507014	0.10599427726392954
136	true	2028	0.12116389319193793	0.11431373790906824
136	true	2029	0.11668862859508025	0.11009148810575009
136	true	2030	0.11622140026608711	0.1096506751264279
136	lucky_guessed	2026	0.13068087289639327	0.12019258877982113
136	lucky_guessed	2027	0.1993642036650553	0.18336348095507585
136	lucky_guessed	2028	0.15901774372637606	0.14625517764602258
136	lucky_guessed	2029	0.20247850471310266	0.18622783207937
136	lucky_guessed	2030	0.15977783044445162	0.14695426075067167
137	believes	2026	0.10288714455146745	0.0978356513908829
137	believes	2027	0.1338470296930937	0.1272754861051482
137	believes	2028	0.10445062676706934	0.09932237066634061
137	believes	2029	0.12643947451383367	0.12023162276015775
137	believes	2030	0.10992380037092227	0.10452682557703626
137	justified	2026	0.10850323111722286	0.1015469347558993
137	justified	2027	0.09423734910549277	0.08819565871587577
137	justified	2028	0.11020979727835147	0.10314409053491504
137	justified	2029	0.09170376019669908	0.08582450179298574
137	justified	2030	0.118638715670629	0.1110326189891386
137	knows	2026	0.12121053433246123	0.10924400613031643
137	knows	2027	0.10569409562821361	0.09525943016699152
137	knows	2028	0.13732546742066173	0.12376799002967254
137	knows	2029	0.10235778690844308	0.0922524990265384
137	knows	2030	0.12530775267933056	0.11293672598067989
137	true	2026	0.13929197765359305	0.1310828984473005
137	true	2027	0.10123348606552607	0.09526735851503838
137	true	2028	0.13283952013827385	0.12501071218457432
137	true	2029	0.10520857582526418	0.0990081790279792
137	true	2030	0.12558402060276552	0.11818281064409432
137	lucky_guessed	2026	0.175977741878749	0.15543143743494003
137	lucky_guessed	2027	0.19208986116054552	0.16966238410669787
137	lucky_guessed	2028	0.15635710646695256	0.13810161189630077
137	lucky_guessed	2029	0.18417171331412946	0.162668720655562
137	lucky_guessed	2030	0.20166670608328385	0.17812108323842302
138	believes	2026	0.10165575136494713	0.09963498796059919
138	believes	2027	0.14960602674498383	0.1466320840033594
138	believes	2028	0.10757493522187962	0.10543650734738523
138	believes	2029	0.11396343833496628	0.11169801662956562
138	believes	2030	0.10001265834161994	0.0980245571546763
138	justified	2026	0.10093659398331466	0.09738947474208161
138	justified	2027	0.10470964297894038	0.10102993104597542
138	justified	2028	0.10117942668919232	0.09762377380788459
138	justified	2029	0.09756878206155227	0.09414001464889898
138	justified	2030	0.09532195517118222	0.09197214587054796
138	knows	2026	0.10681323688007227	0.09922459979358585
138	knows	2027	0.10896512805346077	0.10122360803184906
138	knows	2028	0.1014786325883066	0.0942689969922036
138	knows	2029	0.1099173865813129	0.10210821254423032
138	knows	2030	0.11287525255758747	0.1048559344213272
138	true	2026	0.09623252578943854	0.0931928538534461
138	true	2027	0.10960081279265428	0.10613888022801658
138	true	2028	0.10242566610626994	0.09919037304673009
138	true	2029	0.09986589907401254	0.09671146071455254
138	true	2030	0.11439547532251745	0.1107820949909733
138	lucky_guessed	2026	0.17155685802375212	0.151218459820072
138	lucky_guessed	2027	0.20720081955230546	0.1826367605882493
138	lucky_guessed	2028	0.18460141400361693	0.16271655839237603
138	lucky_guessed	2029	0.19064901693462744	0.16804720626833647
138	lucky_guessed	2030	0.1787448769772871	0.15755432518757925
139	believes	2026	0.1531103993418567	0.15379528267399173
139	believes	2027	0.08971727121955733	0.09011858859530084
139	believes	2028	0.0821754726966521	0.08254305459704668
139	believes	2029	0.1063233672075543	0.10679896587576977
139	believes	2030	0.10186491425529338	0.10232056966604733
139	justified	2026	0.07959034327638295	0.0774665532718592
139	justified	2027	0.08726869678109729	0.08494001746773008
139	justified	2028	0.09317426882526707	0.09068800513216112
139	justified	2029	0.08177020108349446	0.07958824371806425
139	justified	2030	0.08513172352612892	0.08286006724158665
139	knows	2026	0.09667529333933379	0.09145156186686187
139	knows	2027	0.10507919472429897	0.09940136869840166
139	knows	2028	0.11183214846064396	0.10578943482234632
139	knows	2029	0.08867828922349313	0.08388666610717355
139	knows	2030	0.11120803682666003	0.10519904629870594
139	true	2026	0.09719038599666235	0.09500798702408567
139	true	2027	0.09867874797750563	0.09646292800732198
139	true	2028	0.10534697931308454	0.1029814249729173
139	true	2029	0.07636360956657152	0.07464887347049247
139	true	2030	0.10393176647954383	0.10159799058126902
139	lucky_guessed	2026	0.21252153711022292	0.1850200954171705
139	lucky_guessed	2027	0.15120851744345284	0.1316413136555033
139	lucky_guessed	2028	0.1246309166514622	0.10850299882229558
139	lucky_guessed	2029	0.28523992590745734	0.24832832956978346
139	lucky_guessed	2030	0.1345964274438899	0.11717891836799098
140	believes	2026	0.0892175444908525	0.08271813669952548
140	believes	2027	0.1248816861350444	0.11578418173171058
140	believes	2028	0.13416062999766085	0.12438716392804111
140	believes	2029	0.14642146790351146	0.1357548122054588
140	believes	2030	0.11366440047552688	0.10538406397598449
140	justified	2026	0.08781429988710492	0.08422037389822969
140	justified	2027	0.07254632476832357	0.06957726252769245
140	justified	2028	0.09776609187400667	0.09376487454529742
140	justified	2029	0.08024073036862357	0.07695676355901661
140	justified	2030	0.08807237799546914	0.08446788979039448
140	knows	2026	0.10426028052097604	0.09712353272477267
140	knows	2027	0.09377491457540901	0.08735590331252868
140	knows	2028	0.12053072396571211	0.11228024377959728
140	knows	2029	0.09500443436677318	0.08850126092230692
140	knows	2030	0.10943172614735011	0.10194098637076086
140	true	2026	0.10295136385587843	0.09907752519509168
140	true	2027	0.09374899331071314	0.09022142008492004
140	true	2028	0.11562642526521645	0.11127565127228511
140	true	2029	0.10654805773528866	0.10253888321027207
140	true	2030	0.11327499511421972	0.10901270038650554
140	lucky_guessed	2026	0.17348197749228914	0.15511236851254911
140	lucky_guessed	2027	0.18747067503094128	0.16761983493062382
140	lucky_guessed	2028	0.2413170840172469	0.2157645710841676
140	lucky_guessed	2029	0.1952913102966233	0.17461236105274866
140	lucky_guessed	2030	0.2585088678488821	0.23113595632906545
141	believes	2026	0.07232226702948456	0.06819084995674338
141	believes	2027	0.12708583739193166	0.11982604563110946
141	believes	2028	0.1059374913244111	0.09988580104591624
141	believes	2029	0.1333501587780946	0.12573251700251306
141	believes	2030	0.10951870769809843	0.1032624400594746
141	justified	2026	0.12273063483099222	0.11602770134355299
141	justified	2027	0.09055588595197112	0.08561017633946842
141	justified	2028	0.09860789797357952	0.09322242773329857
141	justified	2029	0.0885955186951247	0.08375687453821662
141	justified	2030	0.0969643123171786	0.0916686065057294
141	knows	2026	0.1396919402705983	0.12754148802991455
141	knows	2027	0.11749994175617542	0.10727975705671484
141	knows	2028	0.10377003424048713	0.09474408154335409
141	knows	2029	0.10037410330136741	0.091643529826604
141	knows	2030	0.10741789263850457	0.09807464798336717
141	true	2026	0.12010241395374098	0.11445284087782086
141	true	2027	0.10975709118119954	0.10459415825740796
141	true	2028	0.11923849090340345	0.11362955644784224
141	true	2029	0.11254285178824325	0.1072488777171224
141	true	2030	0.12725320576012886	0.12126726208572569
141	lucky_guessed	2026	0.1540002425927132	0.13930682956694687
141	lucky_guessed	2027	0.17468878116992795	0.1580214411093941
141	lucky_guessed	2028	0.14755081881150248	0.1334727557735031
141	lucky_guessed	2029	0.2686371320585697	0.24300602739964325
141	lucky_guessed	2030	0.15586455622534376	0.1409932660108625
142	believes	2026	0.11529676088275562	0.10739720198422888
142	believes	2027	0.1321667408261327	0.12311133505767359
142	believes	2028	0.09513648972154097	0.08861821203359596
142	believes	2029	0.10668069342892372	0.09937146449113572
142	believes	2030	0.10244230953057365	0.09542347351434945
142	justified	2026	0.08635688179079352	0.08261116405001621
142	justified	2027	0.09164597812684738	0.08767084656787974
142	justified	2028	0.10063262985913865	0.09626770353077002
142	justified	2029	0.09246518233112593	0.08845451790369831
142	justified	2030	0.09628225670614735	0.09210602720842201
142	knows	2026	0.10116501535667227	0.09390802273223614
142	knows	2027	0.10152174655223492	0.09423916409670968
142	knows	2028	0.11132660050395668	0.10334067457973868
142	knows	2029	0.10234309076047722	0.09500158982567015
142	knows	2030	0.10136144498203267	0.09409036163327415
142	true	2026	0.11925669542535801	0.11451289008574754
142	true	2027	0.1208501434234755	0.1160429537422572
142	true	2028	0.12098998127142101	0.11617722910561937
142	true	2029	0.1035857733126313	0.09946532755656305
142	true	2030	0.1147042337263771	0.11014151668574197
142	lucky_guessed	2026	0.20127361009168804	0.18378521707487708
142	lucky_guessed	2027	0.18714186516944445	0.17088136044410365
142	lucky_guessed	2028	0.16059698365986458	0.1466429279529159
142	lucky_guessed	2029	0.11683182344461152	0.10668046359003702
142	lucky_guessed	2030	0.16487222726574877	0.15054670139742002
143	believes	2026	0.10563064060763291	0.1022585653621465
143	believes	2027	0.10806417681436321	0.10461441514044559
143	believes	2028	0.10793908896081413	0.10449332049996456
143	believes	2029	0.09714848384769667	0.09404718676538322
143	believes	2030	0.09881943625544298	0.09566479691165941
143	justified	2026	0.09016485511361351	0.0866657334834477
143	justified	2027	0.11674852186224277	0.1122177401333385
143	justified	2028	0.10183863053936024	0.09788647252327157
143	justified	2029	0.09018709059526946	0.08668710604956162
143	justified	2030	0.11443431386101399	0.10999334201716525
143	knows	2026	0.10461681425890242	0.09739271191221469
143	knows	2027	0.13445979942889918	0.12517495014849955
143	knows	2028	0.13105835220349404	0.12200838297614566
143	knows	2029	0.1103423954162296	0.10272292465225824
143	knows	2030	0.12679694620683518	0.11804123974478634
143	true	2026	0.09265830697378348	0.09027219554645838
143	true	2027	0.12157909791318658	0.11844822617238719
143	true	2028	0.12571633316588	0.12247892047223567
143	true	2029	0.11508959742277323	0.11212584152709919
143	true	2030	0.112710062109703	0.10980758335784561
143	lucky_guessed	2026	0.14182166812407357	0.12466354918940777
143	lucky_guessed	2027	0.16983393543894557	0.1492867870239768
143	lucky_guessed	2028	0.21756331689930228	0.1912416883600526
143	lucky_guessed	2029	0.19563225566576523	0.1719639294179486
143	lucky_guessed	2030	0.16331988731680022	0.1435608329491256
144	believes	2026	0.08705386911779307	0.08525729126685676
144	believes	2027	0.1087613887380404	0.10651682104651777
144	believes	2028	0.1029532982414632	0.10082859525955233
144	believes	2029	0.13086340796689774	0.12816270893267964
144	believes	2030	0.0991792591343646	0.09713244304176828
144	justified	2026	0.08591782159802364	0.08270238962943084
144	justified	2027	0.08661695374587917	0.08337535710252304
144	justified	2028	0.09196181562966749	0.08852019017448634
144	justified	2029	0.08942803247537562	0.08608123260124692
144	justified	2030	0.0743569262006808	0.07157415502300159
144	knows	2026	0.10936752821943316	0.10204519522263018
144	knows	2027	0.09553560972922988	0.08913934605865959
144	knows	2028	0.10037273093204145	0.09365261416933747
144	knows	2029	0.09398956928347207	0.08769681552260414
144	knows	2030	0.08969903776848188	0.08369354203563668
144	true	2026	0.0891671016112703	0.08591320789845153
144	true	2027	0.10441002474338239	0.10059988493925531
144	true	2028	0.0971110468573119	0.09356726199603167
144	true	2029	0.09005235026223865	0.0867661519778053
144	true	2030	0.09038626696351387	0.08708788336145494
144	lucky_guessed	2026	0.17300313629877212	0.1561901424103245
144	lucky_guessed	2027	0.23866364873917797	0.21546955784872926
144	lucky_guessed	2028	0.21166306765760967	0.1910929789351041
144	lucky_guessed	2029	0.23703415374395556	0.21399842234907468
144	lucky_guessed	2030	0.1666810106928311	0.15048242103686582
145	believes	2026	0.08443655481492623	0.081539669400085
145	believes	2027	0.12753878901670995	0.12316313372690285
145	believes	2028	0.10838360125131755	0.10466513033121545
145	believes	2029	0.116377931578671	0.11238518775653619
145	believes	2030	0.09204835738039356	0.08889032298948521
145	justified	2026	0.08588041535172918	0.08245349316863493
145	justified	2027	0.09405179641788886	0.0902988081936902
145	justified	2028	0.08158235004599647	0.07832693536295655
145	justified	2029	0.08061050249590176	0.07739386785269241
145	justified	2030	0.10935111128194085	0.10498762808890635
145	knows	2026	0.10550913345442338	0.09815213906181783
145	knows	2027	0.1072881790337691	0.09980713444832325
145	knows	2028	0.09676693059019048	0.09001951695467612
145	knows	2029	0.09373170008712438	0.08719592854419692
145	knows	2030	0.12594726288023997	0.11716514822877046
145	true	2026	0.10335235567680653	0.09959002712229223
145	true	2027	0.09725364843004718	0.0937133306876701
145	true	2028	0.1022373895864881	0.09851564906435534
145	true	2029	0.10592006724887229	0.10206426647010071
145	true	2030	0.1237224384221354	0.11921857917421119
145	lucky_guessed	2026	0.1916323835035996	0.17521292795750257
145	lucky_guessed	2027	0.18333435924995112	0.16762589543636916
145	lucky_guessed	2028	0.16908179527319	0.15459452036492652
145	lucky_guessed	2029	0.21457504034185473	0.19618981091569734
145	lucky_guessed	2030	0.1577359938235778	0.144220850447213
146	believes	2026	0.1039134324202136	0.10775560471227894
146	believes	2027	0.08955134756838157	0.09286248548703836
146	believes	2028	0.10211990680449425	0.10589576395071819
146	believes	2029	0.07884036203796586	0.08175546403646118
146	believes	2030	0.12230775607558654	0.12683005372809766
146	justified	2026	0.09887121364469689	0.09184199323136703
146	justified	2027	0.12360088614284395	0.11481351679686709
146	justified	2028	0.10718058926042379	0.0995606161846457
146	justified	2029	0.13044536933923237	0.1211713934347921
146	justified	2030	0.09312734640216293	0.08650648457354478
146	knows	2026	0.11043948923965288	0.09846953157441388
146	knows	2027	0.15408665818680414	0.1373860125393778
146	knows	2028	0.12327574961101606	0.10991453693108041
146	knows	2029	0.13153710764807683	0.11728048965033486
146	knows	2030	0.1261994328597844	0.11252133746918733
146	true	2026	0.1331415426637193	0.12442838692944118
146	true	2027	0.12008759157039753	0.11222872298457948
146	true	2028	0.11479530759182406	0.10728278090330402
146	true	2029	0.12472661226497161	0.11656415316219182
146	true	2030	0.11892215958173757	0.11113956013184617
146	lucky_guessed	2026	0.19490086333488824	0.18503734439643832
146	lucky_guessed	2027	0.1486837221568026	0.1411591546190336
146	lucky_guessed	2028	0.17984819827242288	0.17074646275749047
146	lucky_guessed	2029	0.1709800646817331	0.1623271265816699
146	lucky_guessed	2030	0.19604944090616444	0.18612779489514686
147	believes	2026	0.10162525126634443	0.09844752290709906
147	believes	2027	0.10352353345007786	0.10028644754874591
147	believes	2028	0.09191948587081956	0.08904524788981402
147	believes	2029	0.10834076987420019	0.10495305341001725
147	believes	2030	0.09984049953798203	0.09671857872765544
147	justified	2026	0.12382774443804355	0.11634931043951097
147	justified	2027	0.1168150493012402	0.10976013894815893
147	justified	2028	0.09994435856061051	0.09390833414287454
147	justified	2029	0.1064110169442726	0.09998444614185731
147	justified	2030	0.09175720555699197	0.08621563481481402
147	knows	2026	0.13684231794230547	0.12456236697972839
147	knows	2027	0.12588423020439288	0.11458763572165792
147	knows	2028	0.12204880381527754	0.1110963926866916
147	knows	2029	0.12630725003751578	0.11497269461634409
147	knows	2030	0.10660281818906078	0.09703649835818717
147	true	2026	0.12698625498642768	0.12046698819675711
147	true	2027	0.12922861012918643	0.12259422449130354
147	true	2028	0.1462689366948214	0.13875972854109728
147	true	2029	0.13525793619801346	0.12831401481385002
147	true	2030	0.1229399892956201	0.11662845117345837
147	lucky_guessed	2026	0.18513388174397585	0.16984691367053914
147	lucky_guessed	2027	0.16307839163118631	0.14961260058932332
147	lucky_guessed	2028	0.16067497496787805	0.14740764005653562
147	lucky_guessed	2029	0.1744211430175004	0.16001875259861303
147	lucky_guessed	2030	0.18083238902113782	0.16590060597003584
148	believes	2026	0.13220801813823263	0.12629366395888128
148	believes	2027	0.08167093515194732	0.07801736826962395
148	believes	2028	0.1114361158960532	0.10645099723939658
148	believes	2029	0.10087422071429017	0.0963615907144472
148	believes	2030	0.09282719036428753	0.08867454600111103
148	justified	2026	0.09976648294508024	0.09412160139502439
148	justified	2027	0.0950104195110817	0.08963464050866453
148	justified	2028	0.1268583327064466	0.1196805687858755
148	justified	2029	0.09508631154085352	0.08970623849592821
148	justified	2030	0.10178883361867065	0.09602952556315826
148	knows	2026	0.1147195133196154	0.10467384210076341
148	knows	2027	0.11512670800340423	0.10504537986972545
148	knows	2028	0.14503016559633952	0.1323302741982876
148	knows	2029	0.1125339631471221	0.10267967452596302
148	knows	2030	0.1130958018384096	0.10319231455341919
148	true	2026	0.11154518484186046	0.10583329502967413
148	true	2027	0.11080084827103324	0.10512707367181442
148	true	2028	0.12849901709349293	0.12191897307229342
148	true	2029	0.11377860906514191	0.1079523523882152
148	true	2030	0.11946270614015937	0.11334538413199223
148	lucky_guessed	2026	0.1839531247033246	0.16771410849461013
148	lucky_guessed	2027	0.165720843239225	0.15109133659820537
148	lucky_guessed	2028	0.1786069023942523	0.1628398400643993
148	lucky_guessed	2029	0.20095191643392726	0.18321228067940726
148	lucky_guessed	2030	0.24455426693041943	0.2229655023416242
149	believes	2026	0.10301545687271678	0.09765058184513295
149	believes	2027	0.10056185664165626	0.09532476106588376
149	believes	2028	0.11692393266978995	0.11083472717044335
149	believes	2029	0.09955072617559468	0.09436628860621928
149	believes	2030	0.09739247069592599	0.09232043151100204
149	justified	2026	0.10102460878863247	0.0966412843180585
149	justified	2027	0.11000322523027027	0.10523033043982634
149	justified	2028	0.10206337060240986	0.09763497562741104
149	justified	2029	0.12019213805552402	0.11497715978214454
149	justified	2030	0.09182846084168703	0.08784414509595953
149	knows	2026	0.1159049478595235	0.10741842625383308
149	knows	2027	0.10818228875217155	0.10026121766932986
149	knows	2028	0.10692426198144861	0.09909530319896545
149	knows	2029	0.12363441825571936	0.1145819474068839
149	knows	2030	0.11068500436280532	0.10258068527808985
149	true	2026	0.09713447802629994	0.09315697198680274
149	true	2027	0.10612477442664864	0.10177912971017647
149	true	2028	0.10267345525947365	0.0984691367035019
149	true	2029	0.12789984389489661	0.12266254389720722
149	true	2030	0.10514917540680423	0.10084347995523166
149	lucky_guessed	2026	0.24903727956182414	0.21590324883919254
149	lucky_guessed	2027	0.17686262706017702	0.15333132391950632
149	lucky_guessed	2028	0.19888387573976926	0.172422679004115
149	lucky_guessed	2029	0.19380624585331527	0.16802062004002227
149	lucky_guessed	2030	0.23136402489692912	0.20058139378830653
150	believes	2026	0.10513800460371643	0.10214623751063752
150	believes	2027	0.13307255710294869	0.12928589500266385
150	believes	2028	0.10672726628884754	0.1036902757693798
150	believes	2029	0.09177733450759275	0.08916575356400115
150	believes	2030	0.10210259756919304	0.09919720486484462
150	justified	2026	0.08648470663785518	0.08306928945602943
150	justified	2027	0.0924746272517397	0.08882265867744524
150	justified	2028	0.10295877229082662	0.09889276832813464
150	justified	2029	0.07569178059024743	0.07270259304483048
150	justified	2030	0.09680111794397357	0.09297828944285828
150	knows	2026	0.10549686898973971	0.0984454581604738
150	knows	2027	0.10183314678334694	0.09502661915003723
150	knows	2028	0.10730117223666433	0.1001291617765612
150	knows	2029	0.07748310250321572	0.07230413185405424
150	knows	2030	0.12355375213491238	0.11529541921808154
150	true	2026	0.10592456894430971	0.10202340417367974
150	true	2027	0.0985447448389113	0.09491537640505532
150	true	2028	0.11673688922651373	0.11243751048726353
150	true	2029	0.09618289582915934	0.09264051346701668
150	true	2030	0.10876949063286334	0.10476354839297201
150	lucky_guessed	2026	0.18461112702524404	0.16187114319800622
150	lucky_guessed	2027	0.18970957235849398	0.16634157349072018
150	lucky_guessed	2028	0.16785218383134942	0.14717652897133932
150	lucky_guessed	2029	0.22252923010331777	0.1951185795364905
150	lucky_guessed	2030	0.1376613196194607	0.12070450757771041
151	believes	2026	0.09833014492624556	0.09438509633809329
151	believes	2027	0.11694271799766404	0.11225092480568394
151	believes	2028	0.14767389786161805	0.14174915624038992
151	believes	2029	0.0802442184189731	0.07702478514326094
151	believes	2030	0.12472258872250823	0.11971866370114789
151	justified	2026	0.0769337065854291	0.07319372505872003
151	justified	2027	0.0884104478807427	0.08411254704484722
151	justified	2028	0.113414050357003	0.10790064833816955
151	justified	2029	0.10150581398276831	0.09657130756161243
151	justified	2030	0.08714435969048114	0.0829080072532385
151	knows	2026	0.09417674619963391	0.08723302311662384
151	knows	2027	0.08793767805526839	0.08145396620898836
151	knows	2028	0.11892300148222917	0.11015471818708805
151	knows	2029	0.1139096249247227	0.10551098169393874
151	knows	2030	0.1097905549301566	0.10169561386106309
151	true	2026	0.10080272425845595	0.09606764377347612
151	true	2027	0.08986241716258202	0.08564124376702306
151	true	2028	0.1148579705669972	0.1094626626626024
151	true	2029	0.11107030997571164	0.10585292263726842
151	true	2030	0.09815102580282263	0.09354050549914433
151	lucky_guessed	2026	0.17326740056514503	0.1563740843024552
151	lucky_guessed	2027	0.182542281240099	0.16474467777722232
151	lucky_guessed	2028	0.1938434026048069	0.17494395645995806
151	lucky_guessed	2029	0.16843216455215634	0.15201027667648995
151	lucky_guessed	2030	0.1418467951220027	0.12801694159485863
152	believes	2026	0.11640562340682255	0.10809486435991703
152	believes	2027	0.10624418176005629	0.09865889705557428
152	believes	2028	0.10021813385911896	0.09306307778658864
152	believes	2029	0.1056628343298712	0.09811905482310564
152	believes	2030	0.11190240895792541	0.1039131561160125
152	justified	2026	0.08975151080000403	0.0848690102237082
152	justified	2027	0.11670172063664731	0.11035312312353313
152	justified	2028	0.10997758113180331	0.10399477818543075
152	justified	2029	0.08757206766512861	0.08280812924190609
152	justified	2030	0.09298138567503844	0.08792317924378648
152	knows	2026	0.10714939370758746	0.09781796592035226
152	knows	2027	0.13150174928159894	0.12004952323667029
152	knows	2028	0.1139335959436771	0.1040113454642218
152	knows	2029	0.09354189583324632	0.08539551799716524
152	knows	2030	0.10770459813457677	0.09832481869701172
152	true	2026	0.1038534943248384	0.09896778246337379
152	true	2027	0.1113500231074214	0.10611164251939167
152	true	2028	0.11191669365872585	0.10665165446809398
152	true	2029	0.09667121420161132	0.09212338746783104
152	true	2030	0.11257133858000978	0.10727550209673258
152	lucky_guessed	2026	0.19716264223558397	0.1777402551956652
152	lucky_guessed	2027	0.18414965540462133	0.16600917077740368
152	lucky_guessed	2028	0.17023454380567782	0.15346482942232523
152	lucky_guessed	2029	0.2316805524416363	0.20885782442317638
152	lucky_guessed	2030	0.16979020088947916	0.15306425849050959
153	believes	2026	0.10220207332887742	0.09564225424065463
153	believes	2027	0.1374675432765052	0.1286442172418707
153	believes	2028	0.12539126945391937	0.11734305657458342
153	believes	2029	0.13175633433162312	0.12329958107025231
153	believes	2030	0.08684589353320246	0.08127170769159393
153	justified	2026	0.08238705173365334	0.08417896705997846
153	justified	2027	0.0950560617078404	0.09712352753226448
153	justified	2028	0.10178338255113474	0.10399716735494381
153	justified	2029	0.07829435962306633	0.07999725904744369
153	justified	2030	0.09572735633824453	0.09780942279603744
153	knows	2026	0.1043640734044105	0.10404156193132508
153	knows	2027	0.11875171019649135	0.11838473727432036
153	knows	2028	0.10777138445443996	0.10743834352547801
153	knows	2029	0.10229556808303955	0.10197944881635734
153	knows	2030	0.12262250787272613	0.12224357320337667
153	true	2026	0.1004549792824263	0.10274829046970517
153	true	2027	0.10758959645336243	0.11004578555363213
153	true	2028	0.10245222138891201	0.10479112810265682
153	true	2029	0.09931282970886769	0.10158006648536774
153	true	2030	0.09929012353351652	0.10155684194520952
153	lucky_guessed	2026	0.16120775383440888	0.14964343943839087
153	lucky_guessed	2027	0.13968724920734665	0.12966671837972907
153	lucky_guessed	2028	0.15949862932643716	0.14805691978460267
153	lucky_guessed	2029	0.1838176281921008	0.17063138377530104
153	lucky_guessed	2030	0.17385520787817624	0.1613836223900893
154	believes	2026	0.0814316189442203	0.08002992125884868
154	believes	2027	0.14010827324429634	0.1376965633353669
154	believes	2028	0.08926237060069678	0.08772588072263744
154	believes	2029	0.09654962729533798	0.0948877005050077
154	believes	2030	0.08239001485467731	0.08097182012126987
154	justified	2026	0.09786270538874152	0.09453118665909974
154	justified	2027	0.08762055575654551	0.08463770829238644
154	justified	2028	0.09915757660615669	0.09578197685815192
154	justified	2029	0.0798474575802831	0.07712922800154519
154	justified	2030	0.10443684779800368	0.10088152697255034
154	knows	2026	0.11356670224002323	0.10684740593420775
154	knows	2027	0.09738577896249777	0.09162384441729388
154	knows	2028	0.11875029707199426	0.11172430779263717
154	knows	2029	0.09619307666396655	0.09050170963538842
154	knows	2030	0.1212614033489642	0.11408684176102062
154	true	2026	0.10813284027320817	0.10516120287587305
154	true	2027	0.0994089635429558	0.09667707013344028
154	true	2028	0.11389920413930224	0.1107690992267531
154	true	2029	0.10170837624254671	0.09891329184727007
154	true	2030	0.1188711476863651	0.1156044070085428
154	lucky_guessed	2026	0.2084918371638886	0.18064437193163688
154	lucky_guessed	2027	0.17475798246359728	0.15141622046987457
154	lucky_guessed	2028	0.21402582811671567	0.18543920866744149
154	lucky_guessed	2029	0.20421165112598755	0.1769358741358243
154	lucky_guessed	2030	0.19538075144844955	0.16928448428986995
155	believes	2026	0.13728954414876254	0.1299853256740973
155	believes	2027	0.09570346211533949	0.09061174882860273
155	believes	2028	0.10625940175766746	0.10060608059444597
155	believes	2029	0.09835484909610487	0.09312207401264883
155	believes	2030	0.10825814764415155	0.10249848716193283
155	justified	2026	0.12124216218637615	0.12340034040862338
155	justified	2027	0.09541397849317057	0.0971124006160405
155	justified	2028	0.08399568217614478	0.0854908522454206
155	justified	2029	0.09849625454589657	0.10024954290450487
155	justified	2030	0.09125890813990138	0.0928833676891367
155	knows	2026	0.12283077564451639	0.12156820789646061
155	knows	2027	0.10246203626905995	0.10140883716879674
155	knows	2028	0.10029121192531855	0.09926032655537839
155	knows	2029	0.11031188739861274	0.10917800030455313
155	knows	2030	0.10150366372077423	0.10046031565551214
155	true	2026	0.13588719085564624	0.13940081196805668
155	true	2027	0.09529239017192606	0.09775635569988973
155	true	2028	0.09712322408620877	0.09963452929831806
155	true	2029	0.10483995746824598	0.1075507934614336
155	true	2030	0.096081266272668	0.09856562968880045
155	lucky_guessed	2026	0.15086663687130056	0.14301342009616258
155	lucky_guessed	2027	0.19201540283044852	0.18202022686666453
155	lucky_guessed	2028	0.205956349028402	0.19523549060218956
155	lucky_guessed	2029	0.18435393019231142	0.17475756477201032
155	lucky_guessed	2030	0.17780000159733955	0.16854479458722424
156	believes	2026	0.10355523430024063	0.09835060862591215
156	believes	2027	0.1231772294249125	0.11698641372071726
156	believes	2028	0.13066986322619673	0.12410247211744545
156	believes	2029	0.11298565147563218	0.10730705853463358
156	believes	2030	0.09197083963902858	0.08734843888343759
156	justified	2026	0.09873875429076015	0.0960608611204335
156	justified	2027	0.09411487432570073	0.09156238537652094
156	justified	2028	0.09479259651780388	0.09222172706906594
156	justified	2029	0.08764273185895502	0.08526577384728372
156	justified	2030	0.08852251834882778	0.0861216996529753
156	knows	2026	0.11578324422988057	0.1098200758958407
156	knows	2027	0.0879775617485291	0.08344646561441789
156	knows	2028	0.10534747350634985	0.09992177722134243
156	knows	2029	0.10192549554592827	0.09667604091617155
156	knows	2030	0.10028990721623245	0.09512469006487807
156	true	2026	0.10732951252292372	0.10444055641690783
156	true	2027	0.1232647768229953	0.11994689601566917
156	true	2028	0.10060832591646103	0.09790028196247105
156	true	2029	0.09044190356958137	0.08800750613857435
156	true	2030	0.09975107646712447	0.09706610683792012
156	lucky_guessed	2026	0.17954975822166455	0.15066764981775307
156	lucky_guessed	2027	0.23709221790515583	0.19895391458977843
156	lucky_guessed	2028	0.2560811593249838	0.2148883229932717
156	lucky_guessed	2029	0.19092102408544293	0.16020975068225654
156	lucky_guessed	2030	0.1745422291236478	0.14646562444013736
157	believes	2026	0.07741191810145887	0.07666502098841896
157	believes	2027	0.09887244447679554	0.09791848874039161
157	believes	2028	0.10067134781960867	0.09970003563801728
157	believes	2029	0.11161963047261218	0.11054268545170068
157	believes	2030	0.11604760919860402	0.11492794149870256
157	justified	2026	0.10157775166684765	0.09921264676348376
157	justified	2027	0.07475095181422918	0.07301047380830919
157	justified	2028	0.11889620378083414	0.11612786140330561
157	justified	2029	0.08238111557815503	0.08046297920280471
157	justified	2030	0.0806370734273192	0.07875954478914486
157	knows	2026	0.11520860923253685	0.1078845784564222
157	knows	2027	0.1024234733564402	0.09591221802529545
157	knows	2028	0.146064503493909	0.13677890473515608
157	knows	2029	0.10664780949278706	0.09986800506555167
157	knows	2030	0.09613469631508095	0.09002323052138364
157	true	2026	0.1172607554947962	0.11513647217653515
157	true	2027	0.11450913164823577	0.11243469645359215
157	true	2028	0.1271181048456984	0.12481524683976769
157	true	2029	0.10433292997985172	0.10244284576739471
157	true	2030	0.09968342851207403	0.09787757417144884
157	lucky_guessed	2026	0.17443123056070658	0.15294145117636954
157	lucky_guessed	2027	0.18552572313459387	0.1626691116925593
157	lucky_guessed	2028	0.18890013209687884	0.16562779633805227
157	lucky_guessed	2029	0.19151905430874053	0.1679240695588088
157	lucky_guessed	2030	0.2073463197615822	0.1818014293568799
158	believes	2026	0.09245838101716229	0.09031843643758682
158	believes	2027	0.0683557088955742	0.0667736194503029
158	believes	2028	0.12588336486286747	0.1229698007128851
158	believes	2029	0.09569084025250299	0.09347608056646266
158	believes	2030	0.10658915974692018	0.10412215900417966
158	justified	2026	0.08324282422940715	0.07956387978887743
158	justified	2027	0.08562747851133982	0.08184314347775523
158	justified	2028	0.10111673605401747	0.09664784810608766
158	justified	2029	0.08368093157900351	0.07998262483772206
158	justified	2030	0.07991235102653992	0.07638059796241348
158	knows	2026	0.1034196730716747	0.09585784080146664
158	knows	2027	0.11475226024389278	0.10636181267411367
158	knows	2028	0.11420323827501926	0.1058529340543533
158	knows	2029	0.11440569540859191	0.1060405879416913
158	knows	2030	0.09328879581026817	0.08646771230018942
158	true	2026	0.09419520766171739	0.09075680369368871
158	true	2027	0.09241018451631829	0.08903693917810236
158	true	2028	0.11272635527227055	0.10861150955037815
158	true	2029	0.0926149767950644	0.08923425593233568
158	true	2030	0.10171631962607751	0.09800337280322423
158	lucky_guessed	2026	0.20378283882629836	0.1832579850382252
158	lucky_guessed	2027	0.1998559510584371	0.1797266104438075
158	lucky_guessed	2028	0.16476434850198732	0.1481694076229225
158	lucky_guessed	2029	0.21232524262661912	0.19094000437236572
158	lucky_guessed	2030	0.20703014243805254	0.18617822268004486
159	believes	2026	0.12091967199890923	0.11119493556793435
159	believes	2027	0.14479629842153638	0.13315132936850319
159	believes	2028	0.09665329562102581	0.0888801367167571
159	believes	2029	0.10526827143393132	0.09680226935737478
159	believes	2030	0.12835232442820033	0.11802983095188255
159	justified	2026	0.06905871451541899	0.06791116322850413
159	justified	2027	0.0917479678894147	0.090223388415816
159	justified	2028	0.09584106181853445	0.09424846724736576
159	justified	2029	0.09753896686597377	0.09591815814202334
159	justified	2030	0.08745746939726093	0.08600418530036777
159	knows	2026	0.09133852650924325	0.0870115513902008
159	knows	2027	0.08994879906756649	0.08568765943210584
159	knows	2028	0.10929311228112985	0.10411557553298331
159	knows	2029	0.11427087310050733	0.10885752515595606
159	knows	2030	0.11596575142908926	0.11047211210435202
159	true	2026	0.09769101519523975	0.09620457917805597
159	true	2027	0.09858005783532757	0.09708009442262643
159	true	2028	0.10851690462732558	0.10686574525316019
159	true	2029	0.11779136916535263	0.11599909243150103
159	true	2030	0.09864734830201209	0.09714636101855792
159	lucky_guessed	2026	0.17970376498564355	0.16345186852186833
159	lucky_guessed	2027	0.20223152440198086	0.1839422815663898
159	lucky_guessed	2028	0.15576911267118845	0.14168179796418423
159	lucky_guessed	2029	0.17191203915412015	0.15636480417308105
159	lucky_guessed	2030	0.15645932946982852	0.14230959352223452
160	believes	2026	0.08097475031139659	0.07789483138507297
160	believes	2027	0.09522979241608086	0.09160767516491004
160	believes	2028	0.08990861367326183	0.0864888903665902
160	believes	2029	0.11700143129994768	0.1125512178533871
160	believes	2030	0.10624020742218555	0.10219930301287507
160	justified	2026	0.0958415110867801	0.09016596803124909
160	justified	2027	0.09204650457573477	0.0865956942336723
160	justified	2028	0.09635512002087147	0.09064916206905924
160	justified	2029	0.08900195220709924	0.08373143418156091
160	justified	2030	0.10691333845258223	0.10058214387188778
160	knows	2026	0.11545330134214693	0.10539912665202943
160	knows	2027	0.10703903312747588	0.09771760944175883
160	knows	2028	0.1249765775517972	0.11409307462661854
160	knows	2029	0.11638623693747431	0.10625081816562845
160	knows	2030	0.11024944186836953	0.10064844185237526
160	true	2026	0.11424527537027918	0.10813260772572202
160	true	2027	0.11348208189357209	0.10741024874353985
160	true	2028	0.11591222565405446	0.10971036821121731
160	true	2029	0.11405185002460805	0.10794953155946588
160	true	2030	0.11416713940612347	0.10805865240867336
160	lucky_guessed	2026	0.16418630111114496	0.15010196265217973
160	lucky_guessed	2027	0.20701074932654268	0.1892528155742905
160	lucky_guessed	2028	0.15231093511519445	0.13924529719871742
160	lucky_guessed	2029	0.20081691980084107	0.1835903092516012
160	lucky_guessed	2030	0.21593485127301154	0.19741138427343144
161	believes	2026	0.11353331553161006	0.10844510478373853
161	believes	2027	0.12238061964224005	0.11689590018981245
161	believes	2028	0.10423889910270329	0.0995672352454719
161	believes	2029	0.10362278977474174	0.09897873802493201
161	believes	2030	0.10544448327299365	0.10071878887588052
161	justified	2026	0.1042785108552324	0.09852444781008915
161	justified	2027	0.14122116663651343	0.13342861676721882
161	justified	2028	0.10897553602749707	0.10296229226770633
161	justified	2029	0.09804010177825766	0.09263027263937089
161	justified	2030	0.1027791029583179	0.09710777687881092
161	knows	2026	0.143903343515634	0.13162503018550664
161	knows	2027	0.15556647343230606	0.14229302294950147
161	knows	2028	0.13327975253191332	0.12190787942480322
161	knows	2029	0.1324267800250905	0.12112768537777774
161	knows	2030	0.12340449081463263	0.11287520798110162
161	true	2026	0.10193547788766075	0.09681922346952222
161	true	2027	0.1066622769548339	0.10130877926171188
161	true	2028	0.10636579344313218	0.10102717658549631
161	true	2029	0.0934975545062796	0.08880480879849884
161	true	2030	0.1045348656774306	0.09928814511012149
161	lucky_guessed	2026	0.143938900732213	0.12733049137380856
161	lucky_guessed	2027	0.18723542867711696	0.16563124363716578
161	lucky_guessed	2028	0.1922713265640407	0.17008607377126045
161	lucky_guessed	2029	0.30313540321524424	0.2681580840748804
161	lucky_guessed	2030	0.16579941905147189	0.14666863085603152
162	believes	2026	0.09159765240861335	0.09133428806454336
162	believes	2027	0.12384483968072259	0.12348875724726162
162	believes	2028	0.09855157528855292	0.09826821681483186
162	believes	2029	0.08016064948895463	0.07993016916202762
162	believes	2030	0.08980659857994999	0.0895483839280869
162	justified	2026	0.11699185830037213	0.10858214367701031
162	justified	2027	0.0855582675563957	0.07940809074690197
162	justified	2028	0.09649702778177963	0.08956054111136658
162	justified	2029	0.09462123887906625	0.08781958936394471
162	justified	2030	0.12119631874613081	0.11248437529242372
162	knows	2026	0.14980168050154857	0.13300347228745052
162	knows	2027	0.10775124636239383	0.09566841881557367
162	knows	2028	0.12557433469971988	0.11149289173078786
162	knows	2029	0.1346546750549676	0.11955499619287582
162	knows	2030	0.16176486038072047	0.14362514527671166
162	true	2026	0.12614682015385326	0.1179316392104792
162	true	2027	0.10319671676814293	0.096476137525809
162	true	2028	0.10603696208798477	0.09913141481238917
162	true	2029	0.10152710849991867	0.09491526076592786
162	true	2030	0.11077160395558859	0.10355771803461929
162	lucky_guessed	2026	0.12567767161134985	0.11221017757441554
162	lucky_guessed	2027	0.14441345796001553	0.12893825573042605
162	lucky_guessed	2028	0.17579129358561385	0.15695367376217798
162	lucky_guessed	2029	0.28429811330877264	0.2538330108239188
162	lucky_guessed	2030	0.137231481501761	0.12252589271173346
163	believes	2026	0.10289580092235051	0.1018896948082978
163	believes	2027	0.0912221388793825	0.09033017680861956
163	believes	2028	0.09598910644052043	0.09505053337916544
163	believes	2029	0.08944347661347991	0.08856890614630544
163	believes	2030	0.09035467875489286	0.08947119863312221
163	justified	2026	0.08749029296051493	0.08045944656654838
163	justified	2027	0.14867268108881973	0.136725129556601
163	justified	2028	0.11021453660606802	0.10135753714889181
163	justified	2029	0.12929993863179118	0.1189092086832733
163	justified	2030	0.12111205616277641	0.11137931628359657
163	knows	2026	0.11077587597841884	0.09773103092099508
163	knows	2027	0.15461871032523272	0.13641098141894725
163	knows	2028	0.12496055918580264	0.11024534146831513
163	knows	2029	0.13763293328409895	0.12142543076035825
163	knows	2030	0.13947767656302842	0.12305293910404741
163	true	2026	0.11333146547397326	0.10530824748250314
163	true	2027	0.13102415582322835	0.12174839679265684
163	true	2028	0.11618777348929081	0.10796234526642703
163	true	2029	0.1295276907032552	0.1203578728234838
163	true	2030	0.13948536308758272	0.12961059909339395
163	lucky_guessed	2026	0.2329797613241499	0.21121881768748482
163	lucky_guessed	2027	0.19046661161840034	0.1726765118409011
163	lucky_guessed	2028	0.1996071483343438	0.18096329755652582
163	lucky_guessed	2029	0.18067659411149467	0.16380090860740232
163	lucky_guessed	2030	0.2037279656346959	0.18469921930843927
164	believes	2026	0.09707407559827905	0.09508656150755437
164	believes	2027	0.09446455506939866	0.09253046882528719
164	believes	2028	0.08696924228765393	0.08518861658052203
164	believes	2029	0.12302105677048532	0.12050229898391603
164	believes	2030	0.07359231000112736	0.07208556628819714
164	justified	2026	0.11739296626627276	0.11264427434802331
164	justified	2027	0.0879754717851207	0.08441675421321274
164	justified	2028	0.07879875957814239	0.07561125146178678
164	justified	2029	0.08342159347580204	0.08004708596188939
164	justified	2030	0.08689462704847749	0.08337963099438293
164	knows	2026	0.13605767984273545	0.1269070701843738
164	knows	2027	0.09296644235583061	0.08671394983715705
164	knows	2028	0.09411997651742121	0.08778990263140035
164	knows	2029	0.10174233301099021	0.09489961471540609
164	knows	2030	0.11978742705323084	0.11173107927329982
164	true	2026	0.1211404816501831	0.11677365530120189
164	true	2027	0.09993808598953144	0.09633555559489373
164	true	2028	0.09823516252482037	0.09469401847234263
164	true	2029	0.08986416953530041	0.08662477987785083
164	true	2030	0.09853591411729735	0.0949839286849552
164	lucky_guessed	2026	0.16620532169075214	0.15068442256183048
164	lucky_guessed	2027	0.16918774977280301	0.15338833991420145
164	lucky_guessed	2028	0.19331671403819675	0.1752640476855261
164	lucky_guessed	2029	0.2243614959606527	0.2034097471730986
164	lucky_guessed	2030	0.14317706532585156	0.12980663430781023
165	believes	2026	0.12745308185256646	0.12266524504331539
165	believes	2027	0.12940827325367965	0.12454698873156579
165	believes	2028	0.10989158412054444	0.10576345348743912
165	believes	2029	0.16797900355721895	0.16166879085210045
165	believes	2030	0.10375207737503057	0.09985458028926326
165	justified	2026	0.08732551623388447	0.0832937390083855
165	justified	2027	0.08114848107334671	0.07740189460028099
165	justified	2028	0.09697417619820009	0.09249692496718226
165	justified	2029	0.10028118001509867	0.09565124600304924
165	justified	2030	0.07669859584220136	0.07315745843722891
165	knows	2026	0.10475168028170058	0.09731318977644343
165	knows	2027	0.09426793890149524	0.08757390624652284
165	knows	2028	0.11851130215343712	0.11009573121974585
165	knows	2029	0.1323748891150469	0.12297485511875446
165	knows	2030	0.09285706556470519	0.086263220017869
165	true	2026	0.10559893697889072	0.10122446533626121
165	true	2027	0.10483858260957338	0.10049560890359066
165	true	2028	0.11356882407514692	0.10886419716680201
165	true	2029	0.1097706907167233	0.10522340276601079
165	true	2030	0.1017821812019004	0.09756581995688432
165	lucky_guessed	2026	0.15953553136732052	0.14780376368073805
165	lucky_guessed	2027	0.18387974272678434	0.17035777426339366
165	lucky_guessed	2028	0.1681028559200905	0.1557410727097735
165	lucky_guessed	2029	0.15867507220060093	0.14700658011764872
165	lucky_guessed	2030	0.1293459041263843	0.11983419168580038
166	believes	2026	0.1109173663181146	0.10899453256871246
166	believes	2027	0.12138509717111134	0.11928079764378881
166	believes	2028	0.09023631986301169	0.08867200719481495
166	believes	2029	0.07966151223120894	0.07828052159528574
166	believes	2030	0.09375409567174613	0.09212879978448822
166	justified	2026	0.10439588064291912	0.09760142501553881
166	justified	2027	0.11935290702174058	0.1115849948611848
166	justified	2028	0.10839367933007216	0.10133903272944868
166	justified	2029	0.11986473371238171	0.11206351004837337
166	justified	2030	0.1096310897751681	0.10249590809681662
166	knows	2026	0.12196418950403379	0.11006481642273538
166	knows	2027	0.12548936266987434	0.11324605789151719
166	knows	2028	0.1313370022598078	0.11852317554867228
166	knows	2029	0.1456103422860562	0.13140394453600157
166	knows	2030	0.15314042986744303	0.13819936301631747
166	true	2026	0.1137493835703493	0.10688732245916645
166	true	2027	0.12860680328881452	0.12084845141224435
166	true	2028	0.13168338915908198	0.1237394387360149
166	true	2029	0.13624534164798302	0.12802618624549036
166	true	2030	0.128190827387275	0.12045756973071332
166	lucky_guessed	2026	0.18386317896414747	0.16290194248623646
166	lucky_guessed	2027	0.15731420075756397	0.13937966823185438
166	lucky_guessed	2028	0.1705527382412519	0.15110895238716718
166	lucky_guessed	2029	0.20816448559061856	0.18443278991696496
166	lucky_guessed	2030	0.19992213562689964	0.17713010523966488
167	believes	2026	0.10122071005876934	0.1015889643906689
167	believes	2027	0.10233308235583499	0.10270538364528743
167	believes	2028	0.08787301964169376	0.08819271331032504
167	believes	2029	0.0828741576488371	0.08317566479632692
167	believes	2030	0.0864968398515902	0.08681152679611447
167	justified	2026	0.09413466626440276	0.08903006072416964
167	justified	2027	0.10404142955894935	0.09839961364972125
167	justified	2028	0.10301805736744832	0.09743173548147178
167	justified	2029	0.12903637487063152	0.12203916735723637
167	justified	2030	0.11211052299738222	0.10603114735904441
167	knows	2026	0.10254367536870453	0.09340782438690029
167	knows	2027	0.09683555972647345	0.08820825784539946
167	knows	2028	0.10414659736759337	0.09486793839236925
167	knows	2029	0.14893467596547655	0.1356657444516452
167	knows	2030	0.11200357070474673	0.10202491597339089
167	true	2026	0.0916249531061849	0.08734453968363179
167	true	2027	0.11769546446950875	0.11219712336471094
167	true	2028	0.11237688781958483	0.10712701294706796
167	true	2029	0.1270790559087779	0.12114234458509604
167	true	2030	0.10504114426388735	0.10013397096027417
167	lucky_guessed	2026	0.16184964367732407	0.14124473412346364
167	lucky_guessed	2027	0.19906329078204618	0.1737207505770439
167	lucky_guessed	2028	0.18589289263018532	0.1622270620956007
167	lucky_guessed	2029	0.14812321255892805	0.12926580065329057
167	lucky_guessed	2030	0.15697719886879707	0.13699259518836837
168	believes	2026	0.10817001562723234	0.10255147208347822
168	believes	2027	0.11963962946146608	0.11342533371795484
168	believes	2028	0.09983459600499099	0.09464900902347329
168	believes	2029	0.09297896531633064	0.08814947202048712
168	believes	2030	0.11079372815231824	0.10503890430035663
168	justified	2026	0.09655079810732221	0.10013656507199527
168	justified	2027	0.10377008208809224	0.10762396356361652
168	justified	2028	0.07481263649032557	0.0775910773289908
168	justified	2029	0.07409283602968902	0.07684454444600762
168	justified	2030	0.09555504621686646	0.09910383229371882
168	knows	2026	0.11679248150810993	0.11624610714042727
168	knows	2027	0.12516752585965352	0.12458197166204686
168	knows	2028	0.09491305738494084	0.09446903854876323
168	knows	2029	0.09795750177931195	0.09749924053335385
168	knows	2030	0.10220717000192345	0.10172902811161215
168	true	2026	0.10194068480535251	0.10374775288446898
168	true	2027	0.10757116120577023	0.10947803883779327
168	true	2028	0.079391471001318	0.08079881678553084
168	true	2029	0.09191920508434236	0.09354862577817857
168	true	2030	0.09695601949782127	0.09867472609908895
168	lucky_guessed	2026	0.1440512595137609	0.1356656293842065
168	lucky_guessed	2027	0.16527719399507343	0.1556559423491557
168	lucky_guessed	2028	0.21247719389396244	0.20010829712086498
168	lucky_guessed	2029	0.16120879679037317	0.15182437802112647
168	lucky_guessed	2030	0.23989810691458843	0.22593296145069985
169	believes	2026	0.07965902768714495	0.0788816173560018
169	believes	2027	0.09273836616161509	0.09183331163056399
169	believes	2028	0.08460458640839684	0.08377891125963281
169	believes	2029	0.09027670347137513	0.08939567285905298
169	believes	2030	0.12380926872560415	0.1226009862823815
169	justified	2026	0.09576870093728454	0.09109524715268169
169	justified	2027	0.07952917519424516	0.07564820029158582
169	justified	2028	0.09629452376794814	0.0915954101521693
169	justified	2029	0.08046939456695376	0.07654253753638901
169	justified	2030	0.08531725468728382	0.08115382506040267
169	knows	2026	0.08878192030551212	0.08187216945138671
169	knows	2027	0.09664297275126184	0.08912140911290709
169	knows	2028	0.11869216555078016	0.10945454949708035
169	knows	2029	0.0839364055360436	0.07740377312790132
169	knows	2030	0.10643821032585374	0.09815429945548945
169	true	2026	0.09799048414866436	0.09396714210737417
169	true	2027	0.08950618600715594	0.08583119649927894
169	true	2028	0.08621067266667354	0.08267099198480742
169	true	2029	0.07887438148605555	0.0756359178967527
169	true	2030	0.10602521562780105	0.10167197958474793
169	lucky_guessed	2026	0.15551533941607526	0.14120679960785262
169	lucky_guessed	2027	0.1480429768966261	0.13442194866746995
169	lucky_guessed	2028	0.12245367489275921	0.11118704815069595
169	lucky_guessed	2029	0.13734132595460766	0.12470492727448847
169	lucky_guessed	2030	0.14232835968026858	0.1292331177062563
170	believes	2026	0.09218044703784946	0.08935408569578149
170	believes	2027	0.0928294271030506	0.08998316726594384
170	believes	2028	0.08311982867590963	0.0805712765905369
170	believes	2029	0.1078123817614921	0.10450672684443753
170	believes	2030	0.10181350885673056	0.09869178646570329
170	justified	2026	0.10718872985363981	0.102695910990974
170	justified	2027	0.10118113586671541	0.09694012548821157
170	justified	2028	0.11616117934954223	0.11129227999413666
170	justified	2029	0.10311138044428472	0.09878946380577106
170	justified	2030	0.10632693327067695	0.10187023663792284
170	knows	2026	0.12788675463228513	0.11905483367620695
170	knows	2027	0.11026078979007194	0.10264612646719154
170	knows	2028	0.14051813809565786	0.13081388770534555
170	knows	2029	0.10654431991508997	0.09918631779426967
170	knows	2030	0.1116738773641731	0.10396162553187778
170	true	2026	0.12492732667165643	0.1202880001192292
170	true	2027	0.1158054261900024	0.11150485238479725
170	true	2028	0.12911910297106705	0.12432410976342669
170	true	2029	0.10693239079591317	0.1029613278335408
170	true	2030	0.11370159718058957	0.10947915159636838
170	lucky_guessed	2026	0.15367249506569947	0.13906760957235986
170	lucky_guessed	2027	0.15494827656896112	0.14022214203387406
170	lucky_guessed	2028	0.1807526316092549	0.16357407609647856
170	lucky_guessed	2029	0.22187609156268698	0.20078920213854262
170	lucky_guessed	2030	0.15445810875283275	0.13977855929352007
171	believes	2026	0.0824892308769671	0.07892292724909851
171	believes	2027	0.10536380343073243	0.1008085504549652
171	believes	2028	0.11282802201152596	0.1079500642472562
171	believes	2029	0.09833838790182368	0.0940868686937455
171	believes	2030	0.12947641731902274	0.12387869005330286
171	justified	2026	0.10673977274262655	0.10148534613875973
171	justified	2027	0.09895258904406752	0.09408149832469397
171	justified	2028	0.08228904057363659	0.07823823820740555
171	justified	2029	0.11358601348015217	0.10799457033087378
171	justified	2030	0.12417959561100411	0.11806666737375567
171	knows	2026	0.11854194813727681	0.10979374756962489
171	knows	2027	0.10279778089314989	0.0952114739419482
171	knows	2028	0.10135656503376167	0.09387661743971012
171	knows	2029	0.1269848403320105	0.11761356822342976
171	knows	2030	0.1290359224736071	0.11951328388052558
171	true	2026	0.12729100284317157	0.12104622466430623
171	true	2027	0.12487928831243839	0.11875282660479868
171	true	2028	0.1132504385099537	0.10769447735514041
171	true	2029	0.11749935144294112	0.11173494257245926
171	true	2030	0.11569950830593764	0.11002339806533766
171	lucky_guessed	2026	0.21973847909145433	0.20152303013008113
171	lucky_guessed	2027	0.14989020129304512	0.13746489771056664
171	lucky_guessed	2028	0.1807567143354175	0.16577269916421958
171	lucky_guessed	2029	0.22238565672594834	0.20395076723102734
171	lucky_guessed	2030	0.14896778648111028	0.1366189474304584
172	believes	2026	0.10389845128905491	0.10078612879880551
172	believes	2027	0.11002315779355565	0.10672736710369755
172	believes	2028	0.08574979975777934	0.08318112787663617
172	believes	2029	0.09055750044838204	0.08784481183936559
172	believes	2030	0.10586107932749288	0.10268996547598411
172	justified	2026	0.11202816308386195	0.1060010199901464
172	justified	2027	0.10395666541277591	0.09836377090535389
172	justified	2028	0.1233128494258538	0.11667858739455496
172	justified	2029	0.10507892330431516	0.09942565104263777
172	justified	2030	0.11969820408890612	0.11325841087758168
172	knows	2026	0.12297996686563199	0.11194138811930189
172	knows	2027	0.1116961069399363	0.10167035800261438
172	knows	2028	0.1334508392468628	0.1214724037720846
172	knows	2029	0.11661570893495082	0.10614838064607561
172	knows	2030	0.11645901907294216	0.10600575513474632
172	true	2026	0.10666780318341565	0.10116157091800258
172	true	2027	0.11050053767293934	0.10479645820639202
172	true	2028	0.12255425715287395	0.1162279601367205
172	true	2029	0.09560611539794414	0.09067089163159575
172	true	2030	0.11414278585596549	0.10825069216333032
172	lucky_guessed	2026	0.18067084382706616	0.16157311342421823
172	lucky_guessed	2027	0.22384778013116324	0.20018605106815598
172	lucky_guessed	2028	0.17352004795732479	0.15517818922028276
172	lucky_guessed	2029	0.27866674066569685	0.24921039799998249
172	lucky_guessed	2030	0.1537602934180875	0.13750713066000492
173	believes	2026	0.11520329927112602	0.1114284235223797
173	believes	2027	0.11554740010158956	0.11176124917332791
173	believes	2028	0.10061231418507396	0.09731554241512108
173	believes	2029	0.10337401355479671	0.09998674896005452
173	believes	2030	0.10665976565182318	0.10316483655453695
173	justified	2026	0.10877383834726638	0.10385656267734583
173	justified	2027	0.08545672721156121	0.08159353462836956
173	justified	2028	0.08573909437569902	0.08186313698428421
173	justified	2029	0.10408247300645666	0.09937727716197561
173	justified	2030	0.08189591578963111	0.07819369473816322
173	knows	2026	0.13854366540258092	0.12791491033398808
173	knows	2027	0.09720252623905151	0.08974536938932302
173	knows	2028	0.11035842158318433	0.10189197434898024
173	knows	2029	0.12064302074803447	0.1113875624451236
173	knows	2030	0.0961405394892534	0.08876485584883329
173	true	2026	0.10527942599271337	0.10140920189682105
173	true	2027	0.11078301654216956	0.10671047249100026
173	true	2028	0.09857055083564581	0.09494695470190645
173	true	2029	0.10867356004793464	0.10467856267102049
173	true	2030	0.10008301607469033	0.0964038195294066
173	lucky_guessed	2026	0.1464275177739919	0.1284029246010819
173	lucky_guessed	2027	0.17383033086333205	0.15243257009708064
173	lucky_guessed	2028	0.1894098307804834	0.1660943010585534
173	lucky_guessed	2029	0.1934971690239782	0.16967850566897807
173	lucky_guessed	2030	0.20553888840176324	0.18023794155123918
174	believes	2026	0.08567127804911986	0.08187921829202982
174	believes	2027	0.12318843316278962	0.11773575508242114
174	believes	2028	0.09208907678210015	0.08801294660072528
174	believes	2029	0.10328699205381717	0.0987152095974659
174	believes	2030	0.08376787687603741	0.08006006718681617
174	justified	2026	0.11351650712719119	0.11026965300437015
174	justified	2027	0.08944898576540865	0.08689052254658215
174	justified	2028	0.07980923429834665	0.07752649192035548
174	justified	2029	0.0654029062882465	0.06353222068224443
174	justified	2030	0.08364893804155475	0.08125637059719612
174	knows	2026	0.13563202214152503	0.12735521850341838
174	knows	2027	0.1182922628494412	0.11107360005836003
174	knows	2028	0.10880837023326913	0.10216845216389564
174	knows	2029	0.1021527559656866	0.09591898986185912
174	knows	2030	0.11115908488942085	0.1043757168934667
174	true	2026	0.1379376101404104	0.1335816123033856
174	true	2027	0.10916448441864736	0.10571712689575344
174	true	2028	0.1045063512801967	0.1012060951740593
174	true	2029	0.0805729176740735	0.07802846692743687
174	true	2030	0.10091439420885273	0.09772757023494913
174	lucky_guessed	2026	0.1673705491851061	0.1451825332435779
174	lucky_guessed	2027	0.2181535832733776	0.18923335084934528
174	lucky_guessed	2028	0.1606962595717024	0.13939304233019395
174	lucky_guessed	2029	0.21912318643431974	0.19007441544423334
174	lucky_guessed	2030	0.142924727755414	0.1239774508699899
175	believes	2026	0.0856544605561254	0.08216577445758921
175	believes	2027	0.11289931561106191	0.10830095295313034
175	believes	2028	0.09708098905170397	0.09312690312625589
175	believes	2029	0.11195987227953536	0.10739977292826382
175	believes	2030	0.0887823893163285	0.08516630341266739
175	justified	2026	0.09286057496802096	0.08830348464303116
175	justified	2027	0.0855288294559052	0.08133154119492433
175	justified	2028	0.10705439688034651	0.10180075122459807
175	justified	2029	0.09850816537519613	0.09367392212914262
175	justified	2030	0.0937492911409839	0.0891485874755117
175	knows	2026	0.12251431065176567	0.11345131748358649
175	knows	2027	0.09636671324776985	0.08923798796532602
175	knows	2028	0.11480837983965178	0.10631543271697629
175	knows	2029	0.11950481582101344	0.1106644499601723
175	knows	2030	0.11072179636498763	0.10253115415604053
175	true	2026	0.10059952361846068	0.09669609974163823
175	true	2027	0.09005795996556686	0.08656356577180543
175	true	2028	0.11381651202847912	0.10940024767007527
175	true	2029	0.11875630095824931	0.11414836481690484
175	true	2030	0.10070522049680722	0.09679769541051773
175	lucky_guessed	2026	0.18953983266479935	0.1670481195023419
175	lucky_guessed	2027	0.18243983351278137	0.16079064058544143
175	lucky_guessed	2028	0.16811358255191858	0.14816441184563311
175	lucky_guessed	2029	0.17608594767496435	0.15519073756865978
175	lucky_guessed	2030	0.14819475784325103	0.13060925120473396
176	believes	2026	0.10019333415674037	0.09799241829112865
176	believes	2027	0.1035708696267638	0.10129576048806455
176	believes	2028	0.09352876394752434	0.09147424662663017
176	believes	2029	0.13695408736823458	0.1339456594494912
176	believes	2030	0.09355093997790416	0.09149593552303535
176	justified	2026	0.0835270870316666	0.08267564130380398
176	justified	2027	0.09528951284896381	0.09431816509210261
176	justified	2028	0.09909814844550069	0.09808797679781676
176	justified	2029	0.11012892713048934	0.10900631160717054
176	justified	2030	0.09662530634085333	0.095640341975268
176	knows	2026	0.08727496198945683	0.08371856235760756
176	knows	2027	0.10420700003656456	0.09996063053816334
176	knows	2028	0.1038830461802766	0.09964987759710901
176	knows	2029	0.11190233575610456	0.10734238618277607
176	knows	2030	0.09665665186299173	0.09271795428850464
176	true	2026	0.08201301496012982	0.08195668844399193
176	true	2027	0.09777774796030925	0.09771059422987889
176	true	2028	0.09698240490267412	0.09691579741363719
176	true	2029	0.10225652547121818	0.10218629571762405
176	true	2030	0.08778417002923657	0.08772387988538309
176	lucky_guessed	2026	0.20505154616731328	0.17908098786357973
176	lucky_guessed	2027	0.15426305673077945	0.13472505380506686
176	lucky_guessed	2028	0.1802604000761816	0.157429734726246
176	lucky_guessed	2029	0.18229577105502356	0.15920731822840822
176	lucky_guessed	2030	0.16476152204646052	0.14389384855411808
177	believes	2026	0.08921816299525263	0.08674832807384131
177	believes	2027	0.07498855594236609	0.07291264059111055
177	believes	2028	0.08738499488513418	0.0849659077314776
177	believes	2029	0.11067341458109015	0.107609631882283
177	believes	2030	0.09113408052979274	0.08861120708041259
177	justified	2026	0.0987157562817878	0.093801145929511
177	justified	2027	0.10896674216191182	0.10354178165657851
177	justified	2028	0.09833377486378861	0.09343818163605186
177	justified	2029	0.08564869987436076	0.08138463907073361
177	justified	2030	0.0980879298573542	0.09320457613888312
177	knows	2026	0.10924966771345922	0.10065647598777695
177	knows	2027	0.13034597771495154	0.1200934250013464
177	knows	2028	0.12988430367428905	0.11966806460473627
177	knows	2029	0.09820834443191509	0.09048362406957282
177	knows	2030	0.13208028417753495	0.12169131706326404
177	true	2026	0.10284933108311754	0.09816269426036577
177	true	2027	0.11002792389127902	0.10501417305586457
177	true	2028	0.10260610539192615	0.09793055187393263
177	true	2029	0.0923567547575249	0.08814824350015298
177	true	2030	0.1076871597371244	0.10278007280863775
177	lucky_guessed	2026	0.21322720360610964	0.18619395219916396
177	lucky_guessed	2027	0.20932998975063685	0.18279083271889227
177	lucky_guessed	2028	0.1766727675900389	0.1542739401315825
177	lucky_guessed	2029	0.1963583775103158	0.1714637801262876
177	lucky_guessed	2030	0.15927513936032134	0.13908200821952307
178	believes	2026	0.09566443948944961	0.09361862500402894
178	believes	2027	0.1192258007497453	0.11667611905494368
178	believes	2028	0.08469613979935561	0.08288488589366744
178	believes	2029	0.08912117822402932	0.08721529346328095
178	believes	2030	0.08418792462938463	0.08238753906685496
178	justified	2026	0.10345546155625306	0.09924176163120715
178	justified	2027	0.08287200167390474	0.07949665790771931
178	justified	2028	0.07922982769207583	0.07600282822790572
178	justified	2029	0.10477051927559272	0.10050325757110998
178	justified	2030	0.09732775519555247	0.09336363432070245
178	knows	2026	0.12757575494512188	0.11895017764565287
178	knows	2027	0.09447359873814917	0.08808610505625439
178	knows	2028	0.09132589111269662	0.08515121839706731
178	knows	2029	0.11387306361984466	0.10617394466889009
178	knows	2030	0.11025856536307187	0.10280382775343094
178	true	2026	0.12081322128219611	0.11631175526133634
178	true	2027	0.1070919259668083	0.10310171147925654
178	true	2028	0.11841551855299623	0.11400339024906073
178	true	2029	0.10146394437503807	0.09768342686959228
178	true	2030	0.11351249286935011	0.10928304989803049
178	lucky_guessed	2026	0.17130404369124613	0.14988479316918077
178	lucky_guessed	2027	0.15163787604927365	0.1326776134323132
178	lucky_guessed	2028	0.21628090432432098	0.18923790654657371
178	lucky_guessed	2029	0.17511859784004777	0.15322238898598628
178	lucky_guessed	2030	0.21989684736026197	0.19240172488019344
179	believes	2026	0.11846164234416649	0.1106302783677495
179	believes	2027	0.08333403292812265	0.0778249151194501
179	believes	2028	0.1113867252000132	0.10402307592147188
179	believes	2029	0.0932586760857153	0.08709345144477923
179	believes	2030	0.08884246248712996	0.08296918868702087
179	justified	2026	0.11483833730711018	0.1087784698198603
179	justified	2027	0.11029164873310053	0.10447170400083279
179	justified	2028	0.08967474053362395	0.08494272283526573
179	justified	2029	0.12222149093763501	0.11577202417815481
179	justified	2030	0.11018667417486608	0.1043722688114829
179	knows	2026	0.12311238130899145	0.11308852304208532
179	knows	2027	0.1305131943474444	0.11988675898659733
179	knows	2028	0.10004381140193476	0.09189820512487673
179	knows	2029	0.13451113307505821	0.12355918397839284
179	knows	2030	0.12598026491270703	0.11572290244042388
179	true	2026	0.10366713720039468	0.09864113019531046
179	true	2027	0.10708402554527006	0.10189236040376275
179	true	2028	0.09259216626075141	0.08810309779787996
179	true	2029	0.13422352488976994	0.12771607812735936
179	true	2030	0.11681380697927649	0.11115042099193619
179	lucky_guessed	2026	0.14920070514776268	0.1336485896990107
179	lucky_guessed	2027	0.1353186402608773	0.12121353858846164
179	lucky_guessed	2028	0.19307669369879188	0.17295111166556268
179	lucky_guessed	2029	0.1746205050697181	0.15641872611784186
179	lucky_guessed	2030	0.21944783631770168	0.1965734264279378
180	believes	2026	0.1165110294030849	0.10954165937632847
180	believes	2027	0.11082098062260062	0.10419197369815869
180	believes	2028	0.11065242005297875	0.10403349595921503
180	believes	2029	0.10861942209885718	0.1021221063633622
180	believes	2030	0.10824061106247618	0.1017659547635709
180	justified	2026	0.07803493627738316	0.07551633773079339
180	justified	2027	0.10376003090347656	0.10041114801211773
180	justified	2028	0.0821180467802666	0.07946766474452817
180	justified	2029	0.10015035264166221	0.09691797308659811
180	justified	2030	0.07775487100330121	0.07524531163872276
180	knows	2026	0.08643788011930173	0.08151842273470697
180	knows	2027	0.12048914760277943	0.11363172321754557
180	knows	2028	0.10622884624170065	0.10018302140912218
180	knows	2029	0.1096171614119107	0.10337849668017669
180	knows	2030	0.1009656715873592	0.09521939092897815
180	true	2026	0.10455468455679791	0.10189621226360211
180	true	2027	0.1311475054599171	0.12781286759969254
180	true	2028	0.09945132222972387	0.09692261119405735
180	true	2029	0.11112392755326682	0.108298421610958
180	true	2030	0.10746770753093458	0.10473516690785943
180	lucky_guessed	2026	0.22341174534815017	0.1954077846779199
180	lucky_guessed	2027	0.18262122815973528	0.15973023071927003
180	lucky_guessed	2028	0.2074080703938643	0.18141012012071756
180	lucky_guessed	2029	0.241304917701635	0.2110581040691677
180	lucky_guessed	2030	0.227633591720225	0.19910043586567217
181	believes	2026	0.10508114376153356	0.09654752789384369
181	believes	2027	0.10505919278287489	0.09652735954918658
181	believes	2028	0.10359045736326943	0.0951778998001108
181	believes	2029	0.19584229670977626	0.17993798818264395
181	believes	2030	0.1593992321706687	0.1464544566547484
181	justified	2026	0.0963395428106373	0.09629869125297132
181	justified	2027	0.05987373291525438	0.05984834422042039
181	justified	2028	0.08987802372021862	0.0898399120875308
181	justified	2029	0.08437122398594755	0.0843354474416392
181	justified	2030	0.09651060227022362	0.09646967817696972
181	knows	2026	0.10944244542048452	0.10572383182889039
181	knows	2027	0.0916058222262233	0.08849325786154005
181	knows	2028	0.11542682729683627	0.11150487757091883
181	knows	2029	0.10411170104169828	0.10057421441984708
181	knows	2030	0.12636645804987054	0.12207280373119699
181	true	2026	0.1209457724352527	0.12134112712917365
181	true	2027	0.09966379069443723	0.09998957758778314
181	true	2028	0.10504725999878245	0.10539064469497995
181	true	2029	0.0873444701240982	0.08762998689377353
181	true	2030	0.11466873382474842	0.11504356976362222
181	lucky_guessed	2026	0.1669059846910409	0.15034293928642858
181	lucky_guessed	2027	0.19368537344008196	0.17446485453277183
181	lucky_guessed	2028	0.2022382136448433	0.18216894697745684
181	lucky_guessed	2029	0.14644875132560867	0.13191579540946868
181	lucky_guessed	2030	0.23090363892213042	0.20798973644801053
182	believes	2026	0.08741474811531687	0.08377531208515678
182	believes	2027	0.1440275979057943	0.13803113574743786
182	believes	2028	0.09993648432680563	0.09577571684044624
182	believes	2029	0.12008305280587804	0.1150835006889195
182	believes	2030	0.13785936056750972	0.13211970753685237
182	justified	2026	0.08725542080805249	0.08321950240619945
182	justified	2027	0.0906502361023392	0.08645729367389594
182	justified	2028	0.10086048117861447	0.09619527335268467
182	justified	2029	0.09733941500437909	0.09283707082216491
182	justified	2030	0.09583362186754997	0.09140092674752623
182	knows	2026	0.09645709963562188	0.08865258937539598
182	knows	2027	0.10099219610306272	0.09282074336742586
182	knows	2028	0.11440253961681181	0.1051460328629474
182	knows	2029	0.1003561011042793	0.09223611591186359
182	knows	2030	0.11998837874910706	0.11027991211893852
182	true	2026	0.0876606758426139	0.08385678351369782
182	true	2027	0.10029060628018029	0.09593865867967971
182	true	2028	0.1104977557737681	0.10570288553679975
182	true	2029	0.10109222621878121	0.09670549362596978
182	true	2030	0.10923222261605482	0.10449226813035511
182	lucky_guessed	2026	0.13482252420318236	0.11763682964270923
182	lucky_guessed	2027	0.1449769702766799	0.12649689846224785
182	lucky_guessed	2028	0.1725285069573329	0.15053646785951275
182	lucky_guessed	2029	0.18097958507165407	0.1579102953583467
182	lucky_guessed	2030	0.16154454494758838	0.14095262068428085
183	believes	2026	0.09693518628805703	0.0976665620339666
183	believes	2027	0.08068374785509518	0.08129250653736503
183	believes	2028	0.11783027809207738	0.11871930725507124
183	believes	2029	0.07338007680401545	0.0739337293058836
183	believes	2030	0.09035683437165089	0.09103857646827421
183	justified	2026	0.14335481946631257	0.13351616701473532
183	justified	2027	0.11178772761895503	0.10411557118578443
183	justified	2028	0.11007415691442445	0.1025196053631535
183	justified	2029	0.1026273220469327	0.09558385774336155
183	justified	2030	0.13091713097215954	0.12193209540525013
183	knows	2026	0.14419977730130115	0.12865575031824503
183	knows	2027	0.135719473324971	0.12108958141410132
183	knows	2028	0.12385108494970642	0.11050054695049384
183	knows	2029	0.11887694169705396	0.10606259188331452
183	knows	2030	0.13411115627237338	0.11965463303190499
183	true	2026	0.12588498550628718	0.1179795721146213
183	true	2027	0.11650596909852552	0.10918954574099576
183	true	2028	0.11972579344321528	0.11220716930382937
183	true	2029	0.1059854675961704	0.09932971805235456
183	true	2030	0.13051533023741121	0.12231913721783151
183	lucky_guessed	2026	0.16499295216111115	0.14801424323377926
183	lucky_guessed	2027	0.20517718059400344	0.18406328704760208
183	lucky_guessed	2028	0.1996710506545606	0.179123769053296
183	lucky_guessed	2029	0.21394003141381435	0.19192439090492505
183	lucky_guessed	2030	0.18003764182004037	0.16151074914743205
184	believes	2026	0.1023648818272134	0.0989950995002411
184	believes	2027	0.14859873781074034	0.14370696837236738
184	believes	2028	0.09595321167097416	0.09279449716719675
184	believes	2029	0.10039265733310124	0.09708779929585067
184	believes	2030	0.10257756080946108	0.09920077723496225
184	justified	2026	0.10543091442033989	0.09918837467224462
184	justified	2027	0.10001429432014675	0.09409247137946695
184	justified	2028	0.11469426227827623	0.10790324187323576
184	justified	2029	0.09534294125188104	0.08969770803221776
184	justified	2030	0.11301158624076603	0.1063201966897789
184	knows	2026	0.11321691768161353	0.10225833709187841
184	knows	2027	0.1052501294895606	0.09506267650364772
184	knows	2028	0.12823354499384565	0.11582146324936361
184	knows	2029	0.1013584092536061	0.09154764670152347
184	knows	2030	0.12078693657017656	0.10909563278186944
184	true	2026	0.0934407137676246	0.08811249333332
184	true	2027	0.0999204052715525	0.0942226968133756
184	true	2028	0.10681892471194117	0.10072784562583716
184	true	2029	0.10080982101386676	0.09506139587190492
184	true	2030	0.10186627233849677	0.09605760573102408
184	lucky_guessed	2026	0.22398992989917763	0.2033027743516129
184	lucky_guessed	2027	0.15365256335625088	0.1394615928967147
184	lucky_guessed	2028	0.15956316577496274	0.14482630670485042
184	lucky_guessed	2029	0.17197900092928775	0.15609544605367182
184	lucky_guessed	2030	0.16518535028774547	0.1499292401710107
185	believes	2026	0.0895375721601075	0.08243080468553647
185	believes	2027	0.15279340951593012	0.14066590586712757
185	believes	2028	0.11945853793250547	0.10997688647092176
185	believes	2029	0.12349178073800776	0.11369000312049102
185	believes	2030	0.09691025838961204	0.08921830678024707
185	justified	2026	0.09946837917244687	0.0943734720884855
185	justified	2027	0.09584056904685516	0.09093148338334842
185	justified	2028	0.07945294915215083	0.07538325990170965
185	justified	2029	0.11899182913267602	0.11289690411001589
185	justified	2030	0.12008928344341689	0.11393814530269214
185	knows	2026	0.11675091056449659	0.10682084846904678
185	knows	2027	0.1153912827205323	0.10557686159826196
185	knows	2028	0.09585647641713868	0.08770355702258398
185	knows	2029	0.12876448844517446	0.11781263068434737
185	knows	2030	0.13487758791467103	0.12340579024901356
185	true	2026	0.1023425418433577	0.09760672650154385
185	true	2027	0.11884067128921627	0.11334141883578061
185	true	2028	0.09804677592197206	0.0935097435475236
185	true	2029	0.11841867331177167	0.11293894846102986
185	true	2030	0.122434901365184	0.11676932892761283
185	lucky_guessed	2026	0.16500467269190303	0.15223365537739844
185	lucky_guessed	2027	0.13675667394242383	0.1261719927797645
185	lucky_guessed	2028	0.1508473857429979	0.1391721128931878
185	lucky_guessed	2029	0.2130480450804822	0.19655857100586283
185	lucky_guessed	2030	0.13204870823030357	0.12182841378860605
186	believes	2026	0.1037156233514263	0.10351127807840635
186	believes	2027	0.10314289134152078	0.10293967449134737
186	believes	2028	0.08821488179250166	0.08804107679069174
186	believes	2029	0.09708334941834329	0.09689207135529429
186	believes	2030	0.10501185198781222	0.10480495282574413
186	justified	2026	0.07859633486532096	0.07591074391930888
186	justified	2027	0.10424460840099337	0.10068263089947238
186	justified	2028	0.09499209098477895	0.0917462666097795
186	justified	2029	0.13361102188674157	0.12904561115504115
186	justified	2030	0.10813785845641673	0.10444285087000282
186	knows	2026	0.10253101323386962	0.09578788217915842
186	knows	2027	0.11380878875738025	0.10632395510984297
186	knows	2028	0.11367861012370357	0.10620233790123876
186	knows	2029	0.15080932564216368	0.14089108710141943
186	knows	2030	0.1128095822120411	0.10539046312708773
186	true	2026	0.08965215009259186	0.0868487799607837
186	true	2027	0.1073814468459079	0.10402369200693011
186	true	2028	0.10874818312278442	0.10534769124233359
186	true	2029	0.12833558394882896	0.12432260553705929
186	true	2030	0.10877849807455216	0.10537705826334624
186	lucky_guessed	2026	0.16739243637295834	0.1505858863526763
186	lucky_guessed	2027	0.17711799364425168	0.15933497737318325
186	lucky_guessed	2028	0.17802577844833092	0.16015161868805836
186	lucky_guessed	2029	0.17210665766818817	0.15482678998958357
186	lucky_guessed	2030	0.18808391855036444	0.1691999005288787
187	believes	2026	0.10726978818453976	0.10538333171841553
187	believes	2027	0.10495193860001431	0.10310624405213596
187	believes	2028	0.12585191496643314	0.12363867149144729
187	believes	2029	0.08937919553974988	0.08780736469887157
187	believes	2030	0.08970802352117513	0.08813040988084973
187	justified	2026	0.11323253589042571	0.10507111503186392
187	justified	2027	0.09076610444269095	0.08422398850204096
187	justified	2028	0.08645757676683365	0.08022600502946338
187	justified	2029	0.11843201546434419	0.10989583358224311
187	justified	2030	0.10878357932338184	0.10094282431090022
187	knows	2026	0.11311177253341777	0.10163154722081505
187	knows	2027	0.10481227896156528	0.09417440678384263
187	knows	2028	0.10638748198344261	0.09558973532758905
187	knows	2029	0.1397640382226928	0.1255787539374369
187	knows	2030	0.11362045321537555	0.1020885995999866
187	true	2026	0.1357575254524185	0.12698069860091984
187	true	2027	0.11654990560623851	0.10901486592681392
187	true	2028	0.11871778720403377	0.11104259233722644
187	true	2029	0.12882143411252178	0.12049303081996453
187	true	2030	0.11891685187856747	0.11122878732976786
187	lucky_guessed	2026	0.15478354718956203	0.13871116391679264
187	lucky_guessed	2027	0.20644098108864606	0.18500460344057648
187	lucky_guessed	2028	0.15454491048686086	0.13849730672469457
187	lucky_guessed	2029	0.16377003226944337	0.1467645121413596
187	lucky_guessed	2030	0.1643234292919152	0.14726044563357468
188	believes	2026	0.07423366398680908	0.07087030437332247
188	believes	2027	0.08843567252914147	0.08442885199245213
188	believes	2028	0.09749760448814572	0.09308020828626364
188	believes	2029	0.10303591028088799	0.09836758595515958
188	believes	2030	0.09043662602903078	0.08633914680962859
188	justified	2026	0.15302364181787426	0.144817679654292
188	justified	2027	0.1141030658339865	0.1079842372016316
188	justified	2028	0.12072278217073952	0.1142489682488717
188	justified	2029	0.09681660294603495	0.09162476872261935
188	justified	2030	0.09362208757882352	0.0886015606901629
188	knows	2026	0.1700623342736239	0.15514934094645097
188	knows	2027	0.11509179646453595	0.10499924304864312
188	knows	2028	0.13037297516772586	0.11894039477287047
188	knows	2029	0.12549584757917262	0.11449094901930157
188	knows	2030	0.10073864760072455	0.09190474098715977
188	true	2026	0.16244247310782686	0.15376397406876796
188	true	2027	0.12856274253655472	0.12169427017082275
188	true	2028	0.12520925693132304	0.1185199447387016
188	true	2029	0.1343653659805147	0.1271868881031762
188	true	2030	0.12742907905621176	0.12062117273110048
188	lucky_guessed	2026	0.2429623759668006	0.21702759842766767
188	lucky_guessed	2027	0.2257212804604292	0.20162688653916877
188	lucky_guessed	2028	0.19824486917091383	0.1770834174862106
188	lucky_guessed	2029	0.18834449195258277	0.1682398462020872
188	lucky_guessed	2030	0.21207788012958181	0.18943983742751683
189	believes	2026	0.09206100393477151	0.09744360016997917
189	believes	2027	0.11839270155920781	0.1253148518992169
189	believes	2028	0.1253863762201926	0.13271743071387743
189	believes	2029	0.1043164977889777	0.11041564470537282
189	believes	2030	0.09789500918055394	0.1036187063524229
189	justified	2026	0.09498717687237795	0.09461974170834309
189	justified	2027	0.07909659359732567	0.0787906273521968
189	justified	2028	0.09537608056652105	0.09500714102160703
189	justified	2029	0.09578110641284814	0.09541060012236714
189	justified	2030	0.10487274497860546	0.10446706985989156
189	knows	2026	0.11398591008574847	0.11006638051528726
189	knows	2027	0.09288154662206165	0.08968771355741817
189	knows	2028	0.10644292731856263	0.10278277141966505
189	knows	2029	0.09962485083847088	0.09619914191953147
189	knows	2030	0.10763920134536568	0.10393791026213785
189	true	2026	0.09982728093391852	0.10055275225922311
189	true	2027	0.09226995330386933	0.09294050352504046
189	true	2028	0.08742930154773966	0.08806467346883085
189	true	2029	0.08324318263999986	0.08384813292480617
189	true	2030	0.08738189068308012	0.08801691805684421
189	lucky_guessed	2026	0.20916442061584387	0.18069997882717054
189	lucky_guessed	2027	0.19780955465570796	0.17089035617461465
189	lucky_guessed	2028	0.1758440016570816	0.1519140171295112
189	lucky_guessed	2029	0.15061632034795985	0.13011948120894268
189	lucky_guessed	2030	0.17985486583854648	0.15537905707528898
190	believes	2026	0.09055796094837065	0.09038451233155963
190	believes	2027	0.10393561245414436	0.10373654118499492
190	believes	2028	0.09841605486300825	0.09822755538257362
190	believes	2029	0.086454949976763	0.08628935999071544
190	believes	2030	0.09056768636921285	0.09039421912498602
190	justified	2026	0.07066947258894797	0.06609108463374183
190	justified	2027	0.07692072492784072	0.07193734373630728
190	justified	2028	0.09763573521121521	0.09131031268133726
190	justified	2029	0.09750388116843839	0.0911870009261873
190	justified	2030	0.09323154315490098	0.08719145033139183
190	knows	2026	0.09996912751401629	0.09052710086680169
190	knows	2027	0.0926619547233029	0.08391008634716098
190	knows	2028	0.12515634491253835	0.11333540005567258
190	knows	2029	0.1261066352149257	0.11419593598507641
190	knows	2030	0.128790410608172	0.11662623033464131
190	true	2026	0.10673762465890478	0.1008603091513928
190	true	2027	0.09591405058947944	0.09063271573947435
190	true	2028	0.1110868698024777	0.10497007092619129
190	true	2029	0.1082580480007769	0.1022970131139577
190	true	2030	0.10629891928825339	0.10044576030367693
190	lucky_guessed	2026	0.1484716135453457	0.13133996952947954
190	lucky_guessed	2027	0.1800672053315412	0.15928985141850063
190	lucky_guessed	2028	0.18912609523688598	0.16730346624848638
190	lucky_guessed	2029	0.20868161697267448	0.18460254159077125
190	lucky_guessed	2030	0.17007302630496823	0.1504488673577909
191	believes	2026	0.10979584474913288	0.10486726710901119
191	believes	2027	0.10468689075292756	0.09998764671361417
191	believes	2028	0.10753375915732251	0.10270672328768686
191	believes	2029	0.11341088192098317	0.10832003045880473
191	believes	2030	0.12471933197306996	0.11912086044386172
191	justified	2026	0.11636316735422443	0.11151913547793724
191	justified	2027	0.10890451681935408	0.10437097787452013
191	justified	2028	0.10586324106164864	0.10145630606761691
191	justified	2029	0.11354118940640988	0.10881463242741367
191	justified	2030	0.08663019609566182	0.08302390519728019
191	knows	2026	0.13888620369016377	0.12924294894317867
191	knows	2027	0.10957434538750738	0.10196629434837669
191	knows	2028	0.10390247938052724	0.09668824174649251
191	knows	2029	0.12268950149674446	0.1141708287540355
191	knows	2030	0.0976224205954872	0.09084422487980805
191	true	2026	0.13604917649653206	0.13129968350990562
191	true	2027	0.12300978171549198	0.1187154955566995
191	true	2028	0.11083579861442301	0.10696650765844462
191	true	2029	0.1199193216135183	0.11573292378567904
191	true	2030	0.10589713544556442	0.10220025381015552
191	lucky_guessed	2026	0.14606230585772084	0.1292692231323186
191	lucky_guessed	2027	0.19397235417670927	0.17167095498270002
191	lucky_guessed	2028	0.2089134168495985	0.18489421305160297
191	lucky_guessed	2029	0.17352742212822464	0.1535766186829904
191	lucky_guessed	2030	0.19398455336265777	0.17168175160323226
192	believes	2026	0.09212445042328198	0.08636934865707077
192	believes	2027	0.08964861209823174	0.0840481782996652
192	believes	2028	0.14994030625893653	0.14057339316027262
192	believes	2029	0.10337358181037039	0.09691573614048632
192	believes	2030	0.09452531831836054	0.08862023205834861
192	justified	2026	0.08738579872434601	0.08274512063371019
192	justified	2027	0.08975054185461574	0.084984282584946
192	justified	2028	0.10430748841167913	0.09876817329151567
192	justified	2029	0.09627616507440692	0.09116335845784668
192	justified	2030	0.09490164782068627	0.08986183581191882
192	knows	2026	0.12563418575314117	0.11507359719790354
192	knows	2027	0.09787321984483333	0.0896461692283035
192	knows	2028	0.10531416670122098	0.09646164318700308
192	knows	2029	0.10178938667912142	0.09323314997042519
192	knows	2030	0.1050765271077815	0.09624397915957458
192	true	2026	0.10748348948088758	0.10179180130354405
192	true	2027	0.09373415996613435	0.08877055474016761
192	true	2028	0.09805266717380122	0.0928603794168117
192	true	2029	0.09325775369630396	0.08831937612108341
192	true	2030	0.10309211695746512	0.09763296982614261
192	lucky_guessed	2026	0.17689144896666006	0.1608305795503487
192	lucky_guessed	2027	0.15912191070532128	0.14467442755087104
192	lucky_guessed	2028	0.1415675614597342	0.12871392646792087
192	lucky_guessed	2029	0.1590009278211635	0.14456442931473
192	lucky_guessed	2030	0.17950056120894825	0.16320279729456658
193	believes	2026	0.08473654839856361	0.08271111034703985
193	believes	2027	0.17802462761191543	0.17376934625235946
193	believes	2028	0.11560660325094398	0.11284328544231063
193	believes	2029	0.09570831719261481	0.09342062349782994
193	believes	2030	0.07822341076147712	0.07635365472738599
193	justified	2026	0.1143011546223075	0.10870106201687225
193	justified	2027	0.09347491782292669	0.08889518984184402
193	justified	2028	0.08079348475713413	0.07683507333031317
193	justified	2029	0.10200337472357719	0.09700580189584426
193	justified	2030	0.0917611242253815	0.08726536217521676
193	knows	2026	0.11543844497206104	0.10658767937562144
193	knows	2027	0.09920049236040107	0.09159470465990141
193	knows	2028	0.10223247785282041	0.0943942251975849
193	knows	2029	0.11415680848657012	0.1054043070699336
193	knows	2030	0.11770333489202359	0.10867891822303029
193	true	2026	0.1098492918375834	0.10488524383724554
193	true	2027	0.09529959284427607	0.09099304024500127
193	true	2028	0.09356601715479293	0.08933780418603243
193	true	2029	0.10060894594378729	0.09606246568366163
193	true	2030	0.09326165096320256	0.08904719218765951
193	lucky_guessed	2026	0.18344158839043836	0.1613231428577413
193	lucky_guessed	2027	0.18890068538301985	0.16612400994429338
193	lucky_guessed	2028	0.2249171327912347	0.19779777891590258
193	lucky_guessed	2029	0.18204844749263438	0.16009797974151793
193	lucky_guessed	2030	0.2047835691817633	0.1800918171059062
194	believes	2026	0.09654860047217734	0.09317798109568555
194	believes	2027	0.09188943737309845	0.08868147457933483
194	believes	2028	0.11413935689336886	0.11015462458152177
194	believes	2029	0.09421027134985992	0.09092128565225888
194	believes	2030	0.09661029835757741	0.09323752503906055
194	justified	2026	0.1319980110167258	0.1278004410273898
194	justified	2027	0.09591953057066842	0.09286926534459909
194	justified	2028	0.08493033779423213	0.0822295316656908
194	justified	2029	0.10900764206812263	0.1055411716006589
194	justified	2030	0.12712648650625816	0.12308383222307522
194	knows	2026	0.15077595205408095	0.14105388684173376
194	knows	2027	0.1079113597438617	0.10095321249099885
194	knows	2028	0.10395171684265717	0.09724888819981584
194	knows	2029	0.1248477823871596	0.11679757102752887
194	knows	2030	0.13103827438251178	0.12258889879240922
194	true	2026	0.14108181613906542	0.13639455256540087
194	true	2027	0.11168608793657375	0.1079754599761697
194	true	2028	0.10394262022640557	0.10048925911388461
194	true	2029	0.10864650539209285	0.10503686368866927
194	true	2030	0.11052485220659689	0.10685280482366565
194	lucky_guessed	2026	0.21785745338682486	0.20085909427330692
194	lucky_guessed	2027	0.1394271802748737	0.1285483544938282
194	lucky_guessed	2028	0.2665139551761885	0.24571916551707623
194	lucky_guessed	2029	0.15863005938955851	0.14625292620552827
194	lucky_guessed	2030	0.17843946377227088	0.1645166989640411
195	believes	2026	0.10537594677161612	0.10317831698249155
195	believes	2027	0.13188744499419522	0.12913691428191656
195	believes	2028	0.09468442229776738	0.0927097657145283
195	believes	2029	0.08869383799721095	0.08684411586928638
195	believes	2030	0.11988533671647167	0.11738511161464309
195	justified	2026	0.10217555080769317	0.09655921544017354
195	justified	2027	0.09697556543129661	0.09164506029957388
195	justified	2028	0.09454708267538213	0.08935006518804825
195	justified	2029	0.09674707558705054	0.0914291299725823
195	justified	2030	0.10192369527664849	0.0963212037799505
195	knows	2026	0.10972823219583172	0.09998928439339368
195	knows	2027	0.1155700615883823	0.10531262123041618
195	knows	2028	0.1103062308832261	0.10051598270955484
195	knows	2029	0.1070090717262378	0.09751146347106018
195	knows	2030	0.11346251048692509	0.10339212618333365
195	true	2026	0.0958546923174068	0.09087176482503193
195	true	2027	0.11504401675908754	0.10906354798825417
195	true	2028	0.10514131539179689	0.09967563042234961
195	true	2029	0.10752926978129362	0.10193944896319579
195	true	2030	0.11664449662554278	0.11058082822269613
195	lucky_guessed	2026	0.14147520828994664	0.1288970289043756
195	lucky_guessed	2027	0.13595280282196862	0.12386560561946479
195	lucky_guessed	2028	0.25076717018095135	0.228472137088767
195	lucky_guessed	2029	0.16870687772703236	0.15370760402190922
195	lucky_guessed	2030	0.1776503016937987	0.16185589227313268
196	believes	2026	0.09477996799785637	0.08850332683493005
196	believes	2027	0.1144969023790586	0.10691454098264823
196	believes	2028	0.12755571864608783	0.11910855949280776
196	believes	2029	0.11393160107849569	0.10638667579319108
196	believes	2030	0.1428840405518801	0.13342178951510564
196	justified	2026	0.07908127721106362	0.08077253490784389
196	justified	2027	0.08703493430777814	0.08889629148014566
196	justified	2028	0.09663016770061914	0.09869673162862277
196	justified	2029	0.07440297366582059	0.07599417965431031
196	justified	2030	0.11339659586742995	0.11582173203509219
196	knows	2026	0.09240219792177481	0.09087218005623951
196	knows	2027	0.08912105389535008	0.08764536600348136
196	knows	2028	0.0982713710324798	0.0966441699838897
196	knows	2029	0.08330476146383549	0.08192538114398934
196	knows	2030	0.11356152788561755	0.11168114873435998
196	true	2026	0.0793890699216963	0.08045114433592529
196	true	2027	0.10203691193361933	0.1034019712998334
196	true	2028	0.11031405776265618	0.1117898495611375
196	true	2029	0.10015445824703859	0.10149433397149364
196	true	2030	0.11802002992313633	0.11959891293904189
196	lucky_guessed	2026	0.23080934446097764	0.22473084242125843
196	lucky_guessed	2027	0.1394029014315657	0.13573164270210028
196	lucky_guessed	2028	0.16007684287374083	0.15586112353970685
196	lucky_guessed	2029	0.20716128505579634	0.20170556879481363
196	lucky_guessed	2030	0.12942339884396506	0.12601495627983206
197	believes	2026	0.11145275552252969	0.10438690276806185
197	believes	2027	0.09007631657958426	0.0843656817313726
197	believes	2028	0.0903791976287303	0.08464936080668363
197	believes	2029	0.11305900766767614	0.10589132215823564
197	believes	2030	0.08468786588173856	0.07931884662685328
197	justified	2026	0.08733762980000198	0.08365384892599355
197	justified	2027	0.13863039561196028	0.13278315655725964
197	justified	2028	0.11686980042549265	0.11194039328973134
197	justified	2029	0.10015238941050958	0.09592809963482495
197	justified	2030	0.1114468604906764	0.1067461854885729
197	knows	2026	0.11663397326190096	0.10773334879458632
197	knows	2027	0.17473956043824473	0.16140475614797117
197	knows	2028	0.1456005718942764	0.13448943526389526
197	knows	2029	0.12277713148039168	0.11340770754739044
197	knows	2030	0.1318778594156139	0.12181393662035815
197	true	2026	0.10447074243218682	0.09990963297213994
197	true	2027	0.13284410729032478	0.12704423930463787
197	true	2028	0.13105090823440946	0.12532932989218892
197	true	2029	0.10765269631899274	0.10295266528495625
197	true	2030	0.11879416935078488	0.11360771047234829
197	lucky_guessed	2026	0.18686852026616177	0.16371696906547856
197	lucky_guessed	2027	0.11837210706797682	0.10370672686582369
197	lucky_guessed	2028	0.15389874842471676	0.1348318946346775
197	lucky_guessed	2029	0.14516221179974476	0.127177746711139
197	lucky_guessed	2030	0.1673721065224077	0.14663600882012717
198	believes	2026	0.06876395503028007	0.06784374858931971
198	believes	2027	0.08964275484464758	0.08844314612003087
198	believes	2028	0.1091791677240859	0.10771812067822947
198	believes	2029	0.08798796209607204	0.08681049798115707
198	believes	2030	0.10096425084574707	0.09961313667708005
198	justified	2026	0.10980843423911574	0.10204466850034345
198	justified	2027	0.10108894336208891	0.0939416701996809
198	justified	2028	0.08126917982579816	0.07552321979712034
198	justified	2029	0.15958172634114445	0.14829884859057388
198	justified	2030	0.08344518783092623	0.07754537790433694
198	knows	2026	0.12770357354000322	0.11396782657001679
198	knows	2027	0.11148235279677192	0.09949135405502145
198	knows	2028	0.10155976678494896	0.09063603755624491
198	knows	2029	0.16867196246368377	0.15052967142899745
198	knows	2030	0.10717646198003125	0.0956486031888681
198	true	2026	0.10055719165547287	0.09406294055396562
198	true	2027	0.10274547119117937	0.09610989517246622
198	true	2028	0.09591239620821274	0.08971811836026448
198	true	2029	0.14271594731218212	0.13349897155165885
198	true	2030	0.09682080684294363	0.09056786141818558
198	lucky_guessed	2026	0.19273906474646432	0.16501659290485585
198	lucky_guessed	2027	0.16154060488037186	0.13830553898460535
198	lucky_guessed	2028	0.2019666229578192	0.172916912535814
198	lucky_guessed	2029	0.16495542125957902	0.14122918793472197
198	lucky_guessed	2030	0.18519276996322742	0.15855571349868303
199	believes	2026	0.08605693994500582	0.08573343001119446
199	believes	2027	0.06672210226105682	0.06647127690170726
199	believes	2028	0.07458196448294295	0.07430159190161695
199	believes	2029	0.08815643994043586	0.08782503745193927
199	believes	2030	0.07709859544920696	0.07680876221174043
199	justified	2026	0.09642185155745145	0.0915749810372419
199	justified	2027	0.11607127709050125	0.11023668210932296
199	justified	2028	0.08287589203757321	0.07870994094386659
199	justified	2029	0.09494808158995773	0.09017529357380338
199	justified	2030	0.08406422623179577	0.07983854073264991
199	knows	2026	0.113266451649643	0.1042539668365397
199	knows	2027	0.13745211007755728	0.12651519948698975
199	knows	2028	0.10788907280555256	0.09930446000981039
199	knows	2029	0.1065970244558523	0.09811521850149939
199	knows	2030	0.10369265758860086	0.09544194885590147
199	true	2026	0.09797455820264372	0.09313699776011809
199	true	2027	0.11073564842541611	0.10526800047448344
199	true	2028	0.09228655964462437	0.08772984799923754
199	true	2029	0.09945116748678799	0.09454069845663425
199	true	2030	0.0993336630799359	0.09442899590978376
199	lucky_guessed	2026	0.17691081234010397	0.15925588027084667
199	lucky_guessed	2027	0.15602259687105158	0.14045221814410308
199	lucky_guessed	2028	0.17960254451423105	0.16167898924408375
199	lucky_guessed	2029	0.18641536718953094	0.16781192175359164
199	lucky_guessed	2030	0.17136924273553034	0.1542673352871635
200	believes	2026	0.08825339908354499	0.09003824065351862
200	believes	2027	0.09663475518925771	0.09858910176352095
200	believes	2028	0.09280360876355344	0.09468047402296353
200	believes	2029	0.13212210916824993	0.13479415393032024
200	believes	2030	0.09543450941261682	0.09736458215064733
200	justified	2026	0.13952065726428883	0.13218448595277166
200	justified	2027	0.11255622460636192	0.10663787701482408
200	justified	2028	0.1074291517782529	0.10178039211248283
200	justified	2029	0.09862655391780499	0.09344064589821312
200	justified	2030	0.144120590014238	0.13654254846402805
200	knows	2026	0.15817914967345706	0.144764070901185
200	knows	2027	0.12920513266783917	0.11824732289266263
200	knows	2028	0.11699988507564323	0.10707719502530022
200	knows	2029	0.1177822831263941	0.10779323836682575
200	knows	2030	0.17145847218404311	0.15691718203758123
200	true	2026	0.16660067867484302	0.15919071782471925
200	true	2027	0.1256119719818022	0.12002508120743378
200	true	2028	0.11843041426848996	0.11316294032916582
200	true	2029	0.1198635355975044	0.11453232018349996
200	true	2030	0.14098506213972364	0.1347144166704662
200	lucky_guessed	2026	0.14159165881844088	0.1261504891184243
200	lucky_guessed	2027	0.1659607591310153	0.14786203589639615
200	lucky_guessed	2028	0.16640775346192033	0.14826028360355198
200	lucky_guessed	2029	0.2839440217096333	0.25297872431068363
200	lucky_guessed	2030	0.1160529937045949	0.10339692353110093
201	believes	2026	0.09264984242033723	0.09218964209337173
201	believes	2027	0.1575548174841277	0.15677222814962852
201	believes	2028	0.09028190853203433	0.08983346995145892
201	believes	2029	0.07844995900663883	0.07806029081247728
201	believes	2030	0.08177845769604213	0.08137225654137949
201	justified	2026	0.0770761872443469	0.07348857481666037
201	justified	2027	0.08961399335645352	0.0854427922662775
201	justified	2028	0.08716982888812363	0.08311239464521124
201	justified	2029	0.09388260032656653	0.08951271131522573
201	justified	2030	0.08635610964180694	0.08233655103059229
201	knows	2026	0.08227997906128906	0.07595023332611138
201	knows	2027	0.09112260142107832	0.0841125984494717
201	knows	2028	0.10475643857087175	0.09669759329840932
201	knows	2029	0.12098372450332817	0.11167652458741152
201	knows	2030	0.09784632640095488	0.09031907160209415
201	true	2026	0.07636779478300439	0.07296491597578474
201	true	2027	0.10024149365333657	0.09577482474759914
201	true	2028	0.0961137824519819	0.09183104056691237
201	true	2029	0.09468668022917008	0.09046752870864544
201	true	2030	0.095168218615911	0.0909276101870684
201	lucky_guessed	2026	0.16305677538295826	0.14215273547623866
201	lucky_guessed	2027	0.16860962407254634	0.14699370347070992
201	lucky_guessed	2028	0.16160086255563258	0.14088347211362637
201	lucky_guessed	2029	0.19364648306286641	0.1688208123709564
201	lucky_guessed	2030	0.16996658686620283	0.14817670229185492
202	believes	2026	0.10267696849453486	0.09852792822604889
202	believes	2027	0.07568756245614669	0.07262912832959946
202	believes	2028	0.1071266233069859	0.10279777838251511
202	believes	2029	0.11665870976960838	0.11194468585947039
202	believes	2030	0.09126475065805398	0.08757686299321947
202	justified	2026	0.08642445608969879	0.08431717335111921
202	justified	2027	0.0906175850786847	0.08840806150760332
202	justified	2028	0.08000727900230063	0.0780564659381457
202	justified	2029	0.10113440904832528	0.09866845433936203
202	justified	2030	0.0777657778610888	0.07586961919543515
202	knows	2026	0.1093632105049196	0.10354991042185642
202	knows	2027	0.124107936235432	0.11751086695870495
202	knows	2028	0.10956569771358422	0.10374163424033238
202	knows	2029	0.10367407310203543	0.09816318424834318
202	knows	2030	0.11379524256808018	0.10774635382369335
202	true	2026	0.10203378828558296	0.09934541599897007
202	true	2027	0.11034224116538374	0.10743495889961602
202	true	2028	0.09263777512438749	0.09019696770635036
202	true	2029	0.10977252538433875	0.10688025391198311
202	true	2030	0.10351476422736985	0.10078737138936963
202	lucky_guessed	2026	0.16977264663771968	0.14927915198017977
202	lucky_guessed	2027	0.15915170334603937	0.13994027767261885
202	lucky_guessed	2028	0.3132943788502028	0.27547617429040283
202	lucky_guessed	2029	0.16936897508865553	0.14892420819084595
202	lucky_guessed	2030	0.19261492940674194	0.16936411070929414
203	believes	2026	0.09353759800915981	0.09250826900791093
203	believes	2027	0.10371927340779304	0.10257790075787047
203	believes	2028	0.09841343463955746	0.09733044978060171
203	believes	2029	0.10190276613808484	0.10078138313567823
203	believes	2030	0.13068073524317883	0.12924266677067903
203	justified	2026	0.10299983309204919	0.09411264765170463
203	justified	2027	0.10880240304241444	0.09941455159484071
203	justified	2028	0.11734957531630057	0.10722424398445642
203	justified	2029	0.08548460964467228	0.07810869887471285
203	justified	2030	0.08489938773935196	0.07757397195992019
203	knows	2026	0.12276331364311029	0.10894143464167742
203	knows	2027	0.11427309938185387	0.1014071306660987
203	knows	2028	0.14918481541285528	0.13238814867019844
203	knows	2029	0.1098804435293632	0.09750904241598286
203	knows	2030	0.10800449660701533	0.09584430770845988
203	true	2026	0.10703966109794034	0.09898248442132224
203	true	2027	0.11959005159176794	0.11058817168522468
203	true	2028	0.13579670540669705	0.12557490503530674
203	true	2029	0.11761157158340964	0.10875861743779451
203	true	2030	0.10995618200467093	0.10167947058751325
203	lucky_guessed	2026	0.14627896217781175	0.1330736606502999
203	lucky_guessed	2027	0.154944412920436	0.14095683970993902
203	lucky_guessed	2028	0.1726456771464764	0.15706012615405557
203	lucky_guessed	2029	0.18543801931654794	0.1686976424142088
203	lucky_guessed	2030	0.16520153170509258	0.15028799932494924
204	believes	2026	0.0739086427646649	0.07292806495918619
204	believes	2027	0.0862808972523429	0.08513617141626133
204	believes	2028	0.11079196381767384	0.10932203910141385
204	believes	2029	0.12748316665196002	0.1257917925566584
204	believes	2030	0.08168715347331812	0.08060337481506674
204	justified	2026	0.1112561647230589	0.10294609178305787
204	justified	2027	0.09993894026684959	0.0924741864239392
204	justified	2028	0.08818938122873285	0.08160223891290184
204	justified	2029	0.10921602160637853	0.10105833337377648
204	justified	2030	0.11254740638320712	0.10414088654153815
204	knows	2026	0.10961084459220263	0.09752707247660819
204	knows	2027	0.11328079175111727	0.10079243553337869
204	knows	2028	0.10138116628686973	0.09020465437528406
204	knows	2029	0.1195836534413794	0.10640045407536847
204	knows	2030	0.12985597182686956	0.11554032653426347
204	true	2026	0.11818859432946971	0.10999225178012921
204	true	2027	0.11864570511598976	0.11041766207464684
204	true	2028	0.10825292618686183	0.10074561915753408
204	true	2029	0.12868249341945293	0.11975840220614284
204	true	2030	0.12662850203904413	0.11784685449420082
204	lucky_guessed	2026	0.15314500609101536	0.14134357779451995
204	lucky_guessed	2027	0.2173349892993763	0.20058704982682263
204	lucky_guessed	2028	0.1636202520342535	0.15101159621501528
204	lucky_guessed	2029	0.19211152914016322	0.17730732171644667
204	lucky_guessed	2030	0.17415012832710586	0.16073003514394074
205	believes	2026	0.10860447121989128	0.10300821425670528
205	believes	2027	0.11051731272961121	0.10482248935844955
205	believes	2028	0.144665493013373	0.13721105524009147
205	believes	2029	0.09797037380390389	0.0929220790106264
205	believes	2030	0.08737413834808842	0.08287185474373429
205	justified	2026	0.08733144709834298	0.0858725870698461
205	justified	2027	0.11000974932385306	0.10817205131968731
205	justified	2028	0.09943263162202538	0.09777162294048736
205	justified	2029	0.09991293401280589	0.09824390194470115
205	justified	2030	0.0854160772965947	0.08398921326193971
205	knows	2026	0.10811437390142027	0.10278719998948208
205	knows	2027	0.11510506940438134	0.10943343943756526
205	knows	2028	0.12335287878026079	0.11727485035455071
205	knows	2029	0.12774567551946753	0.12145119861105258
205	knows	2030	0.12325855924704046	0.11718517827512055
205	true	2026	0.09130840736287628	0.08958835756663151
205	true	2027	0.10759963539197741	0.10557269465040414
205	true	2028	0.10413991067741966	0.10217814354868457
205	true	2029	0.10780878014548527	0.10577789957623297
205	true	2030	0.0873964287002631	0.08575007198766615
205	lucky_guessed	2026	0.13745299617105017	0.1249938749419066
205	lucky_guessed	2027	0.14896305071390942	0.1354606261818311
205	lucky_guessed	2028	0.1790674552732305	0.16283628392308347
205	lucky_guessed	2029	0.14905902557568834	0.1355479016156516
205	lucky_guessed	2030	0.18759959991175823	0.1705950512809609
206	believes	2026	0.09930592270294833	0.09792677899029381
206	believes	2027	0.1126458531243437	0.11108144673382306
206	believes	2028	0.09789508429862841	0.09653553406904045
206	believes	2029	0.07778095378762159	0.07670074517104847
206	believes	2030	0.08638616014536585	0.08518644389096656
206	justified	2026	0.08894833590945321	0.0855449684633348
206	justified	2027	0.09137200678965123	0.0878759041339369
206	justified	2028	0.08253951807631424	0.07938136670712853
206	justified	2029	0.09143339498621227	0.08793494347722693
206	justified	2030	0.10195299379484474	0.09805203829558834
206	knows	2026	0.0903154912412874	0.08463864841075767
206	knows	2027	0.11701269776988797	0.10965778351003765
206	knows	2028	0.08260056888397632	0.0774086528480669
206	knows	2029	0.08888582118432158	0.08329884125661577
206	knows	2030	0.12064642483429176	0.11306311014002923
206	true	2026	0.09039111818909279	0.08708196740207842
206	true	2027	0.09543792672225813	0.09194401607427494
206	true	2028	0.08519540333872566	0.08207646376085052
206	true	2029	0.0775532745789758	0.07471410758170852
206	true	2030	0.09380103676973552	0.09036705143060085
206	lucky_guessed	2026	0.19809051476095485	0.17272290173003307
206	lucky_guessed	2027	0.16206627682931318	0.1413119534790534
206	lucky_guessed	2028	0.16913993849459322	0.1474797569710987
206	lucky_guessed	2029	0.18327390604886806	0.1598037185291696
206	lucky_guessed	2030	0.1631408488347367	0.1422489150247316
207	believes	2026	0.1312035668429963	0.12611247388184094
207	believes	2027	0.15641652348482288	0.15034709198320145
207	believes	2028	0.11462298794944256	0.11017527131202592
207	believes	2029	0.11767507962556184	0.113108932652576
207	believes	2030	0.10174322407170795	0.09779528100597891
207	justified	2026	0.09772077679843252	0.09148751754322822
207	justified	2027	0.09940460983279978	0.0930639448836422
207	justified	2028	0.09529357443122248	0.089215137744108
207	justified	2029	0.0857912339960091	0.08031891765918686
207	justified	2030	0.09992809494640754	0.09355403875194614
207	knows	2026	0.1312462495247035	0.11910663616229991
207	knows	2027	0.1136970434654784	0.10318064278265726
207	knows	2028	0.1263824359976953	0.11469270075294102
207	knows	2029	0.12251220088335586	0.1111804427852235
207	knows	2030	0.11576572551108011	0.10505798221622781
207	true	2026	0.12083204386608196	0.11370929550697022
207	true	2027	0.12273197948219405	0.11549723464549994
207	true	2028	0.10951223147527886	0.10305675789322383
207	true	2029	0.10785787831374173	0.10149992473457425
207	true	2030	0.10734314555069488	0.1010155341872681
207	lucky_guessed	2026	0.1581762101799859	0.1422663439820334
207	lucky_guessed	2027	0.15389359438101557	0.13841448729823802
207	lucky_guessed	2028	0.15120026776490506	0.13599206403757483
207	lucky_guessed	2029	0.1709149999005309	0.15372382572493054
207	lucky_guessed	2030	0.17026091933296192	0.15313553466073163
208	believes	2026	0.11353831326887825	0.10897832485604453
208	believes	2027	0.1134217191638095	0.10886641346778572
208	believes	2028	0.09955356058723897	0.09555523553145724
208	believes	2029	0.11476113542465338	0.1101520353533781
208	believes	2030	0.08470459791808153	0.08130264509793103
208	justified	2026	0.08505025076481663	0.08214368270228319
208	justified	2027	0.06754724505054484	0.06523883721622895
208	justified	2028	0.10049360410796185	0.09705926384955647
208	justified	2029	0.08152077143059655	0.07873482231766013
208	justified	2030	0.08588699958269863	0.0829518358679649
208	knows	2026	0.09902999632444556	0.09311122877495685
208	knows	2027	0.0989461824680395	0.0930324242566494
208	knows	2028	0.13420594412856723	0.12618480087360603
208	knows	2029	0.09828151259382782	0.09240747998708904
208	knows	2030	0.12038801865894418	0.1131927371822962
208	true	2026	0.10124352328839194	0.09800923633042614
208	true	2027	0.09487203095972278	0.09184128526417132
208	true	2028	0.12211617631435467	0.11821509954833646
208	true	2029	0.1064057759941445	0.10300657768128266
208	true	2030	0.11242235023818459	0.10883094874059455
208	lucky_guessed	2026	0.16988307819655218	0.15792216169842405
208	lucky_guessed	2027	0.18106117002230887	0.16831324033631284
208	lucky_guessed	2028	0.12667861448193338	0.11775958413469705
208	lucky_guessed	2029	0.1399862138117532	0.13013023856062034
208	lucky_guessed	2030	0.13107396131206067	0.12184546885138986
209	believes	2026	0.110213235159096	0.10990114789230641
209	believes	2027	0.10481975731872477	0.10452294258935105
209	believes	2028	0.09712687285317188	0.09685184181686475
209	believes	2029	0.09484604887073968	0.09457747637021256
209	believes	2030	0.09968202447073533	0.099399758093923
209	justified	2026	0.1040253349321521	0.09903050124124864
209	justified	2027	0.14717838127900434	0.14011153032520082
209	justified	2028	0.10277742810818007	0.09784251335002071
209	justified	2029	0.09489634784892158	0.0903398474955352
209	justified	2030	0.09534602401081135	0.09076793220910262
209	knows	2026	0.1204843539678095	0.11064191024871826
209	knows	2027	0.18493189979301242	0.16982469495159663
209	knows	2028	0.12794016717772133	0.11748865332228507
209	knows	2029	0.10672406247504224	0.09800570574414233
209	knows	2030	0.12534357007790858	0.11510417389563421
209	true	2026	0.11712770522813835	0.11215745313726677
209	true	2027	0.1494854537334758	0.14314211773516067
209	true	2028	0.12377281854579304	0.11852058459335575
209	true	2029	0.09883479206130334	0.09464079004498503
209	true	2030	0.10162528538541284	0.09731287026391411
209	lucky_guessed	2026	0.17775177975064707	0.15754230059702193
209	lucky_guessed	2027	0.20033510671420066	0.17755801740145544
209	lucky_guessed	2028	0.16529323295093362	0.1465002276136971
209	lucky_guessed	2029	0.20322890251283826	0.1801228032405334
209	lucky_guessed	2030	0.17512003073271537	0.1552097681438418
210	believes	2026	0.11843170181748967	0.11259458662774322
210	believes	2027	0.11063867347057844	0.10518565142008267
210	believes	2028	0.10964873943079917	0.10424450802446172
210	believes	2029	0.08395582749340146	0.0798179165421202
210	believes	2030	0.13970734291283635	0.13282162024803543
210	justified	2026	0.10250170476459115	0.09852619184035735
210	justified	2027	0.08951905671403208	0.08604707380653616
210	justified	2028	0.09812625462253595	0.09432044286209283
210	justified	2029	0.07973015121744052	0.07663782951075271
210	justified	2030	0.1099389441390981	0.10567497902451413
210	knows	2026	0.1162349067364158	0.10782431874537339
210	knows	2027	0.11310717562061082	0.10492290568238408
210	knows	2028	0.10370312807642566	0.09619932127584892
210	knows	2029	0.0978579751169195	0.09077711504265204
210	knows	2030	0.12623444820499966	0.1171003080061655
210	true	2026	0.11985276237953335	0.11521922830527995
210	true	2027	0.10733299710870894	0.10318347990509152
210	true	2028	0.11313333840306161	0.10875957873313728
210	true	2029	0.09891178131699295	0.09508783016244157
210	true	2030	0.11304921795818008	0.10867871040310036
210	lucky_guessed	2026	0.21751386168347553	0.18844919762394527
210	lucky_guessed	2027	0.27286804801641734	0.23640684004192142
210	lucky_guessed	2028	0.15604988487045543	0.13519816790315597
210	lucky_guessed	2029	0.1845752554370807	0.15991191788488696
210	lucky_guessed	2030	0.15804730442953568	0.13692868801950056
211	believes	2026	0.09615733377515442	0.09844835551070774
211	believes	2027	0.13280217950520523	0.135966292608494
211	believes	2028	0.11171198687258138	0.11437361006863822
211	believes	2029	0.09607166050280788	0.09836064100737656
211	believes	2030	0.11392871310239029	0.11664315148970585
211	justified	2026	0.11159107986092459	0.10594809600882207
211	justified	2027	0.10367064225456647	0.09842818236522127
211	justified	2028	0.1084249694826843	0.10294209080888682
211	justified	2029	0.1091879253137731	0.10366646517414459
211	justified	2030	0.09850164256483755	0.09352057078838646
211	knows	2026	0.14379846291292353	0.13263324823791386
211	knows	2027	0.11294257790683115	0.10417316478005537
211	knows	2028	0.11622011055607342	0.10719621379371592
211	knows	2029	0.11170467846861461	0.10303138189756397
211	knows	2030	0.1102688867914492	0.10170707209565234
211	true	2026	0.11603434311733622	0.11085139971798517
211	true	2027	0.09814535766657627	0.09376146734558277
211	true	2028	0.1065473679785834	0.10178818235519946
211	true	2029	0.09284621511425342	0.08869902330144218
211	true	2030	0.11001056288480249	0.10509668561843055
211	lucky_guessed	2026	0.2709093550611943	0.23352036943596546
211	lucky_guessed	2027	0.12941977078324002	0.11155817294974349
211	lucky_guessed	2028	0.26819312085339275	0.2311790105872201
211	lucky_guessed	2029	0.33668076043536677	0.2902144724425968
211	lucky_guessed	2030	0.31556544831231426	0.27201334577195396
212	believes	2026	0.09367177182845013	0.09095859361524024
212	believes	2027	0.09260591091045721	0.08992360507816381
212	believes	2028	0.09696769230228121	0.09415904862015238
212	believes	2029	0.13591596073284723	0.1319791907082212
212	believes	2030	0.09961231036202935	0.09672706601395911
212	justified	2026	0.08878376236927388	0.08347018001926378
212	justified	2027	0.09025261018693417	0.08485111937674518
212	justified	2028	0.1033775224081663	0.09719052420267114
212	justified	2029	0.09026466857027325	0.08486245608293104
212	justified	2030	0.09858383147682118	0.09268372887976233
212	knows	2026	0.09115674982536867	0.08284396281921269
212	knows	2027	0.1146508398751087	0.10419557448023131
212	knows	2028	0.10062034835938138	0.09144455472918797
212	knows	2029	0.10606578002439779	0.09639340535468092
212	knows	2030	0.12024703866158032	0.1092814434376429
212	true	2026	0.11539461831779188	0.10854169461417801
212	true	2027	0.11656263109804432	0.10964034278640451
212	true	2028	0.11173210636610191	0.10509668773624621
212	true	2029	0.12332563941526475	0.11600171729538979
212	true	2030	0.12095926908624162	0.11377587826284905
212	lucky_guessed	2026	0.21916718860572088	0.1840455360235443
212	lucky_guessed	2027	0.18357761514245985	0.15415920966892405
212	lucky_guessed	2028	0.22104088340842587	0.18561897028850965
212	lucky_guessed	2029	0.20673384022536204	0.17360463799593287
212	lucky_guessed	2030	0.18985827297126162	0.1594333889109719
213	believes	2026	0.06707930712145925	0.06958642374316178
213	believes	2027	0.09131108533604529	0.09472387460915425
213	believes	2028	0.07038266511486088	0.07301324609670798
213	believes	2029	0.07252386046227453	0.07523446949861677
213	believes	2030	0.09119456619720473	0.09460300051969972
213	justified	2026	0.08370781883954943	0.07908574990530388
213	justified	2027	0.09856854977156287	0.09312592041974509
213	justified	2028	0.10212482775370284	0.09648583249233607
213	justified	2029	0.09238466965454822	0.08728349371267698
213	justified	2030	0.13834307369701296	0.1307042266685333
213	knows	2026	0.11533671173869	0.1053799855779284
213	knows	2027	0.13634048531459572	0.12457055658645262
213	knows	2028	0.13956678443999698	0.1275183374810142
213	knows	2029	0.11370359547800139	0.10388785210711855
213	knows	2030	0.16275634990570584	0.14870600650240415
213	true	2026	0.10891749593690803	0.10345637851616074
213	true	2027	0.13022252077942065	0.1236931705525841
213	true	2028	0.11787832788762297	0.11196791483214327
213	true	2029	0.11180893029752856	0.10620283651259017
213	true	2030	0.1520188960411095	0.1443966767244464
213	lucky_guessed	2026	0.20491574219307798	0.1853514074418523
213	lucky_guessed	2027	0.15409914646421677	0.1393865272479566
213	lucky_guessed	2028	0.14836499183789897	0.13419984115394348
213	lucky_guessed	2029	0.13478002993967259	0.1219119037757226
213	lucky_guessed	2030	0.179765627566766	0.1626025005329896
214	believes	2026	0.07607008664608728	0.07433272669343857
214	believes	2027	0.11389022503541887	0.11128909330679
214	believes	2028	0.07505596303164172	0.07334176458481553
214	believes	2029	0.11045988873613752	0.1079371022437671
214	believes	2030	0.08391866803076183	0.08200205481859894
214	justified	2026	0.12130234457125946	0.1138046195628543
214	justified	2027	0.10374126825063429	0.09732899729152258
214	justified	2028	0.10342128701827963	0.09702879417060119
214	justified	2029	0.07848745482909003	0.07363612771749875
214	justified	2030	0.0816967222675505	0.07664702961886219
214	knows	2026	0.13927339030767594	0.1259864277346182
214	knows	2027	0.12245831412152906	0.11077554375959564
214	knows	2028	0.11626562685454367	0.10517365135845873
214	knows	2029	0.09756660306556426	0.08825855218485643
214	knows	2030	0.11255911055120867	0.1018207441924474
214	true	2026	0.11853289454414934	0.11167511016201759
214	true	2027	0.11499501953923685	0.10834192081881892
214	true	2028	0.10515798808975278	0.09907401611596706
214	true	2029	0.09118743264270507	0.0859117346701822
214	true	2030	0.09460119667808681	0.08912799355076151
214	lucky_guessed	2026	0.16047296257522622	0.146737427511029
214	lucky_guessed	2027	0.1783057480730684	0.16304383219949906
214	lucky_guessed	2028	0.18647115623312835	0.1705103297873596
214	lucky_guessed	2029	0.24423327336645118	0.22332835183740574
214	lucky_guessed	2030	0.17705568313767456	0.16190076541804396
215	believes	2026	0.10333626029590552	0.09799582640575168
215	believes	2027	0.08905381055182844	0.08445149587006548
215	believes	2028	0.10770138240642924	0.10213535833150436
215	believes	2029	0.10014744409112078	0.09497180871487426
215	believes	2030	0.10602337789037103	0.10054407334796774
215	justified	2026	0.1020766270048604	0.09590735654574953
215	justified	2027	0.1067668928578247	0.10031415379849556
215	justified	2028	0.11702671009673143	0.10995389189426162
215	justified	2029	0.10313482082567986	0.09690159562912959
215	justified	2030	0.10049878265270151	0.09442487338288998
215	knows	2026	0.11355199544667484	0.10289971267133972
215	knows	2027	0.11701416709680086	0.10603709891114499
215	knows	2028	0.12936342722024752	0.11722787819606777
215	knows	2029	0.1154353230819303	0.10460636583733178
215	knows	2030	0.10374588416486061	0.09401351010525869
215	true	2026	0.13674800420195976	0.12847394940983517
215	true	2027	0.11130740629844768	0.10457265661155293
215	true	2028	0.13550957721180654	0.12731045450247447
215	true	2029	0.1143747244331401	0.10745438404267764
215	true	2030	0.10578821579984232	0.09938740944806339
215	lucky_guessed	2026	0.13700394825823886	0.12998952404332692
215	lucky_guessed	2027	0.13844533168657136	0.13135711051214688
215	lucky_guessed	2028	0.19538331088806551	0.1853799391275696
215	lucky_guessed	2029	0.12913158668153005	0.12252021715499926
215	lucky_guessed	2030	0.1369990812025381	0.12998490617455688
216	believes	2026	0.09090744282592117	0.08928498104678434
216	believes	2027	0.12266067969582281	0.12047150509775931
216	believes	2028	0.13205761356725967	0.12970072810225786
216	believes	2029	0.11220644875445436	0.11020385503035866
216	believes	2030	0.09078241997996678	0.08916218953396149
216	justified	2026	0.09443629618745163	0.08940890943585858
216	justified	2027	0.092612963363758	0.08768264309668049
216	justified	2028	0.09056177450895611	0.08574065081237069
216	justified	2029	0.08082803936753029	0.07652509833025188
216	justified	2030	0.1154380193232334	0.10929259015663632
216	knows	2026	0.10617006645909105	0.09764447307545755
216	knows	2027	0.10952563724898737	0.10073058719947077
216	knows	2028	0.12394645951199072	0.11399339881999808
216	knows	2029	0.09474977111898412	0.08714124219276312
216	knows	2030	0.1382615853193407	0.12715900154669663
216	true	2026	0.09908089509800824	0.09432179837113454
216	true	2027	0.1060535359382609	0.10095952628828846
216	true	2028	0.10182469830666306	0.09693381002848597
216	true	2029	0.08994211429871003	0.08562197547332212
216	true	2030	0.11742648393459272	0.11178620389081018
216	lucky_guessed	2026	0.15126499426820658	0.13432816461818023
216	lucky_guessed	2027	0.16708565342362805	0.14837741717445557
216	lucky_guessed	2028	0.1561627194684961	0.13867750162203837
216	lucky_guessed	2029	0.20801563874237708	0.18472455639404312
216	lucky_guessed	2030	0.15433506990042908	0.1370544902093096
217	believes	2026	0.08702485274047378	0.08396866809091932
217	believes	2027	0.12730328456486545	0.12283258071564127
217	believes	2028	0.0837224840188694	0.08078227369476695
217	believes	2029	0.10874459206000012	0.10492564215649437
217	believes	2030	0.11357060421863985	0.10958217187634409
217	justified	2026	0.09205630981523262	0.08858007913924507
217	justified	2027	0.10686849572974011	0.10283292724021441
217	justified	2028	0.08800986043699587	0.08468643179582472
217	justified	2029	0.09000228380890732	0.0866036172697703
217	justified	2030	0.09145981290849957	0.0880061071506787
217	knows	2026	0.11130594121910345	0.1021681871036737
217	knows	2027	0.13297262680851613	0.12205612806145302
217	knows	2028	0.11820153748726146	0.10849768364267467
217	knows	2029	0.12192092927020566	0.11191172885382546
217	knows	2030	0.11587055105106142	0.1063580614828745
217	true	2026	0.08711831378154554	0.08353753991809512
217	true	2027	0.11545091331583736	0.1107056009358312
217	true	2028	0.11072392883397511	0.10617290697396262
217	true	2029	0.1218791681204608	0.11686963888646783
217	true	2030	0.12490086886708358	0.11976714040807108
217	lucky_guessed	2026	0.2115176649486282	0.1794262705422741
217	lucky_guessed	2027	0.20753480137398925	0.17604768579168276
217	lucky_guessed	2028	0.2132462719225088	0.18089261380316482
217	lucky_guessed	2029	0.20964170366860652	0.1778349295247863
217	lucky_guessed	2030	0.17179931325734557	0.14573397482889197
218	believes	2026	0.09312355584431034	0.08868677879796749
218	believes	2027	0.11236455800416097	0.10701106299148336
218	believes	2028	0.12398205038890515	0.11807505177468047
218	believes	2029	0.10415494667732525	0.09919259024139183
218	believes	2030	0.09162903210453736	0.08726346012079893
218	justified	2026	0.11225222726833092	0.10685287919670725
218	justified	2027	0.08636337096086656	0.0822092805538958
218	justified	2028	0.10280821264176686	0.09786312301474787
218	justified	2029	0.09693499359439396	0.09227240663756123
218	justified	2030	0.1046411268278451	0.09960787376819866
218	knows	2026	0.1314792027525857	0.12112407457363408
218	knows	2027	0.10893324423578667	0.10035380594140265
218	knows	2028	0.13179150653874205	0.1214117817264924
218	knows	2029	0.10191932939927353	0.09389229776425312
218	knows	2030	0.1319095786653483	0.1215205546485114
218	true	2026	0.12266145081769737	0.11695072194314164
218	true	2027	0.09854948387411715	0.09396133185585252
218	true	2028	0.11734073872708872	0.11187772536516129
218	true	2029	0.11141258367566353	0.10622556644780541
218	true	2030	0.11894778020463678	0.11340994807848258
218	lucky_guessed	2026	0.17901008653922953	0.15812232191436162
218	lucky_guessed	2027	0.23361425793934124	0.20635501390908506
218	lucky_guessed	2028	0.2436434520918306	0.21521395307268365
218	lucky_guessed	2029	0.19899842575923404	0.17577832482337302
218	lucky_guessed	2030	0.14637620909949337	0.1292963234826534
219	believes	2026	0.09163157058552565	0.0932922720300966
219	believes	2027	0.08811733683878006	0.0897143474285235
219	believes	2028	0.08584897016104255	0.08740486959450587
219	believes	2029	0.10637443501249541	0.10830233144340713
219	believes	2030	0.089481165211564	0.09110289339301035
219	justified	2026	0.10155036097683151	0.09756288155406595
219	justified	2027	0.12425766743396809	0.11937856225651987
219	justified	2028	0.09038698273971904	0.08683784485095541
219	justified	2029	0.10461405329849888	0.10050627484407236
219	justified	2030	0.13578039813370682	0.1304488410780249
219	knows	2026	0.09053017647766735	0.08348615695737696
219	knows	2027	0.13876901880694822	0.12797160610634642
219	knows	2028	0.1144473574254109	0.10554237732798319
219	knows	2029	0.1270464690977248	0.11716117070190085
219	knows	2030	0.14405080736396383	0.13284242648517844
219	true	2026	0.10308080129351507	0.09959459970621551
219	true	2027	0.12128130002087605	0.11717955599738317
219	true	2028	0.09170011923930142	0.08859881330030962
219	true	2029	0.10619730455147786	0.10260570255529132
219	true	2030	0.12413385711902011	0.11993563936852257
219	lucky_guessed	2026	0.1866652449387768	0.1648427567789246
219	lucky_guessed	2027	0.14703543439513772	0.12984595154727815
219	lucky_guessed	2028	0.16964204942613523	0.14980969329455276
219	lucky_guessed	2029	0.1803586252545336	0.1592734255676011
219	lucky_guessed	2030	0.14770210758187705	0.13043468592045374
220	believes	2026	0.09521337419658332	0.09294390023938448
220	believes	2027	0.09251828549626727	0.0903130507666908
220	believes	2028	0.09335097870361465	0.09112589617886911
220	believes	2029	0.08821367446074857	0.08611104299172676
220	believes	2030	0.0913233346803302	0.08914658239641629
220	justified	2026	0.08381131822002809	0.07935187324144061
220	justified	2027	0.11214446876082053	0.10617746933027945
220	justified	2028	0.09371117883995354	0.08872498061767715
220	justified	2029	0.10769983099865493	0.10196932250956518
220	justified	2030	0.10268766218342029	0.09722384191174113
220	knows	2026	0.11336402293169365	0.10403126289781527
220	knows	2027	0.13079070452040337	0.12002328264894863
220	knows	2028	0.1182709437575517	0.10853421857327843
220	knows	2029	0.12564711253454164	0.1153031399062842
220	knows	2030	0.13183669102493342	0.12098315769771871
220	true	2026	0.10378831559147356	0.09870542618264946
220	true	2027	0.11516743060943126	0.10952726475887137
220	true	2028	0.12025504992669882	0.11436572494684294
220	true	2029	0.131139428773846	0.12471705637291472
220	true	2030	0.12084127638998826	0.11492324177875968
220	lucky_guessed	2026	0.17204624757528217	0.14846860647870577
220	lucky_guessed	2027	0.14926567656284842	0.12880994097061157
220	lucky_guessed	2028	0.21150587666632564	0.1825205909066156
220	lucky_guessed	2029	0.19590223543777724	0.1690553110656091
220	lucky_guessed	2030	0.2056762750356214	0.17748989222742512
221	believes	2026	0.09262482462941865	0.09239270299903084
221	believes	2027	0.11418373485807927	0.11389758570956461
221	believes	2028	0.13563118022584994	0.13529128289474668
221	believes	2029	0.12917767912721512	0.1288539545360087
221	believes	2030	0.11225032656686088	0.11196902261925817
221	justified	2026	0.0942188868505747	0.08917259832535787
221	justified	2027	0.09767300294208293	0.09244171471054406
221	justified	2028	0.13470272167066302	0.12748815120179105
221	justified	2029	0.0822543925225511	0.07784891278266072
221	justified	2030	0.08723394294903282	0.08256176245499593
221	knows	2026	0.09929031381235764	0.0904286027461581
221	knows	2027	0.1387092740631185	0.12632940072247592
221	knows	2028	0.16208050821301814	0.14761474032390723
221	knows	2029	0.10989315112526639	0.10008513142994432
221	knows	2030	0.11276943754948487	0.10270470782620152
221	true	2026	0.08083960011253137	0.07680348809580384
221	true	2027	0.09124449736256784	0.08668889575453569
221	true	2028	0.1352948882115525	0.128539964593025
221	true	2029	0.07385599137348886	0.07016855286717621
221	true	2030	0.08080612543259431	0.0767716847200019
221	lucky_guessed	2026	0.1696342203962225	0.15273809027439
221	lucky_guessed	2027	0.15872655414961356	0.14291686370839357
221	lucky_guessed	2028	0.15919504395659698	0.14333869037912383
221	lucky_guessed	2029	0.20353273711781325	0.18326020247024705
221	lucky_guessed	2030	0.14933816213399492	0.13446358662866553
222	believes	2026	0.1099893777397451	0.11068897314462542
222	believes	2027	0.09668218679024096	0.09729714084309758
222	believes	2028	0.11879661448082192	0.11955222895300101
222	believes	2029	0.10210048472141937	0.10274990225077546
222	believes	2030	0.08558959835695114	0.08613399719751698
222	justified	2026	0.13050308508811467	0.12356208120701194
222	justified	2027	0.11574066409370876	0.10958482189171467
222	justified	2028	0.08172987853347356	0.07738295138060305
222	justified	2029	0.11552715034058304	0.10938266419034906
222	justified	2030	0.09547851111584027	0.09040034215324834
222	knows	2026	0.1491960865125668	0.1366791623682764
222	knows	2027	0.13761176265267133	0.12606671455691917
222	knows	2028	0.08760587669334732	0.08025611210637658
222	knows	2029	0.12293188830003127	0.11261841991936926
222	knows	2030	0.12196231477587123	0.11173018953589006
222	true	2026	0.13373009404579644	0.12762010223740106
222	true	2027	0.11389260596120959	0.10868896878122312
222	true	2028	0.10027823430687802	0.09569662390312285
222	true	2029	0.12168629353489055	0.1161265707066275
222	true	2030	0.11081594729227756	0.10575287951365535
222	lucky_guessed	2026	0.17253711024753057	0.15160449709861118
222	lucky_guessed	2027	0.17370793829225256	0.15263327749637243
222	lucky_guessed	2028	0.22282523903452325	0.19579155032933107
222	lucky_guessed	2029	0.21982724295032288	0.1931572782704289
222	lucky_guessed	2030	0.15195819592350465	0.13352226567342126
223	believes	2026	0.11238842805497634	0.11058257674460013
223	believes	2027	0.10743318035501122	0.10570694970226932
223	believes	2028	0.13255052882941443	0.13042071395149332
223	believes	2029	0.12917511063672524	0.12709953179957653
223	believes	2030	0.1028295975522931	0.10117733702423917
223	justified	2026	0.11342034537950287	0.10710790550489917
223	justified	2027	0.08415723410574955	0.07947344057181188
223	justified	2028	0.1069175560901156	0.100967030705096
223	justified	2029	0.11606881283311296	0.10960897178894996
223	justified	2030	0.08908582038570007	0.08412772505471809
223	knows	2026	0.11867880802827566	0.10769843446120943
223	knows	2027	0.10022488081593782	0.09095189728705466
223	knows	2028	0.10076113391772688	0.09143853530185414
223	knows	2029	0.13005611820903254	0.11802309574829584
223	knows	2030	0.10397450699571967	0.09435460140994285
223	true	2026	0.1160776848752815	0.10923326783833662
223	true	2027	0.10133014958998594	0.09535530780230686
223	true	2028	0.10338694797022116	0.09729082890267243
223	true	2029	0.1290307692265644	0.12142258513732035
223	true	2030	0.09949117001782688	0.09362476201850087
223	lucky_guessed	2026	0.1919494793094826	0.17192816891948512
223	lucky_guessed	2027	0.18412250218247092	0.16491758545521762
223	lucky_guessed	2028	0.19904432033807912	0.17828298181717855
223	lucky_guessed	2029	0.20908759731004736	0.18727869374071918
223	lucky_guessed	2030	0.2284432684020238	0.20461546954767976
224	believes	2026	0.09003234516819983	0.08856652799539501
224	believes	2027	0.08501524531669002	0.08363111157783643
224	believes	2028	0.07555600736813001	0.07432587954127105
224	believes	2029	0.09662740271839033	0.09505421137250755
224	believes	2030	0.11621459076235759	0.11432250028585496
224	justified	2026	0.10307047968556858	0.09746545801347786
224	justified	2027	0.0942560967489971	0.08913040541025018
224	justified	2028	0.08894073233036794	0.08410409303496422
224	justified	2029	0.11443536079691244	0.10821231148854658
224	justified	2030	0.09984011282500332	0.09441076003810171
224	knows	2026	0.11651010170620332	0.10641196057022716
224	knows	2027	0.11436619924976567	0.10445387401532795
224	knows	2028	0.1066440175655095	0.09740098777741775
224	knows	2029	0.11702243992687114	0.10687989351113043
224	knows	2030	0.10857972121812814	0.09916892049519628
224	true	2026	0.10445407239142403	0.09869551328424556
224	true	2027	0.09876280037804666	0.09331800142912465
224	true	2028	0.0944737816286366	0.089265436533689
224	true	2029	0.11005912247258876	0.10399155662730888
224	true	2030	0.08726708549560447	0.0824560459790744
224	lucky_guessed	2026	0.17425104412972958	0.15527417619072936
224	lucky_guessed	2027	0.17359561391074357	0.15469012581782146
224	lucky_guessed	2028	0.17680548658494633	0.1575504262404284
224	lucky_guessed	2029	0.1737467559880497	0.1548248077169095
224	lucky_guessed	2030	0.1631990733878864	0.14542582399981727
225	believes	2026	0.08200299422691065	0.0798109977949774
225	believes	2027	0.13941132065323422	0.1356847601742669
225	believes	2028	0.07824361121836733	0.076152105679708
225	believes	2029	0.08009084352509628	0.07794996019647359
225	believes	2030	0.09032627704584544	0.0879117935399574
225	justified	2026	0.10076914600870351	0.09446719068967599
225	justified	2027	0.07727352958377814	0.07244095582416267
225	justified	2028	0.09807668548385831	0.09194311271641413
225	justified	2029	0.09272219721785714	0.08692348633170431
225	justified	2030	0.08613466125591554	0.08074792525432765
225	knows	2026	0.12336688749389658	0.11071255497609989
225	knows	2027	0.08854384836597838	0.07946148175699756
225	knows	2028	0.12278470239504262	0.1101900873912196
225	knows	2029	0.11501803716424412	0.10322008621170306
225	knows	2030	0.10058954827998035	0.09027159653776093
225	true	2026	0.12197139491549916	0.11437376747009405
225	true	2027	0.10676755143891035	0.10011697505046331
225	true	2028	0.10985279600550986	0.10301003899298106
225	true	2029	0.11906433425912824	0.11164778831929746
225	true	2030	0.09623122159717298	0.09023695572181702
225	lucky_guessed	2026	0.19454462100866393	0.1751385978414679
225	lucky_guessed	2027	0.20862854514490858	0.18781763626740125
225	lucky_guessed	2028	0.21441918057156598	0.1930306499399342
225	lucky_guessed	2029	0.19151855429876555	0.1724143843535877
225	lucky_guessed	2030	0.17023262876986306	0.15325175147501602
226	believes	2026	0.1142766512052507	0.10748940444709117
226	believes	2027	0.14970816681637045	0.1408165318307652
226	believes	2028	0.08724218107576237	0.08206059582246587
226	believes	2029	0.10774523725487166	0.10134591154351712
226	believes	2030	0.11285436368480127	0.1061515910187728
226	justified	2026	0.07501185561426472	0.07485686133103038
226	justified	2027	0.10501245078376485	0.10479546735619029
226	justified	2028	0.09657995224510871	0.09638039258416639
226	justified	2029	0.08605900857884842	0.08588118796314298
226	justified	2030	0.07488378027461408	0.07472905062882014
226	knows	2026	0.0962793070081743	0.09298535590627416
226	knows	2027	0.12302827946063868	0.11881918044147104
226	knows	2028	0.10120521346670157	0.09774273502999682
226	knows	2029	0.09743747363962726	0.09410389881825504
226	knows	2030	0.09132378841754003	0.08819937775407201
226	true	2026	0.11101079036771236	0.11148587830148078
226	true	2027	0.12697595266302428	0.1275193659905858
226	true	2028	0.10239457187941182	0.10283278536678685
226	true	2029	0.11364875103882414	0.11413512853534995
226	true	2030	0.10151391320407865	0.10194835777575609
226	lucky_guessed	2026	0.24085345870683864	0.2221006539410974
226	lucky_guessed	2027	0.15001468269116952	0.1383345678545116
226	lucky_guessed	2028	0.1641521251190862	0.15137127168742925
226	lucky_guessed	2029	0.15912689419357334	0.14673730429184395
226	lucky_guessed	2030	0.21944159351269538	0.20235591252342802
227	believes	2026	0.10473598337176865	0.10083572987148914
227	believes	2027	0.12042016462353623	0.11593584936284829
227	believes	2028	0.11289302823746401	0.10868901530546717
227	believes	2029	0.0945467763755442	0.09102595780271494
227	believes	2030	0.09941722550670407	0.09571503673367997
227	justified	2026	0.07416610845064828	0.07246063404579219
227	justified	2027	0.10542011141645471	0.10299594078739335
227	justified	2028	0.06895470341103996	0.06736906700353955
227	justified	2029	0.07776756511812782	0.07597927401579499
227	justified	2030	0.09347400824706407	0.09132454224547717
227	knows	2026	0.0824545262036323	0.07838526047025654
227	knows	2027	0.112595872978874	0.10703908248200157
227	knows	2028	0.08913530486595465	0.08473633177830076
227	knows	2029	0.09720550503369776	0.09240825436789153
227	knows	2030	0.1005265166780584	0.09556536865565148
227	true	2026	0.07842464929390598	0.07673006617514179
227	true	2027	0.12420069592519806	0.12151699374038051
227	true	2028	0.07579571260978088	0.07415793499496638
227	true	2029	0.09049671757285538	0.08854128377387442
227	true	2030	0.09127003576427127	0.08929789227051445
227	lucky_guessed	2026	0.1730629095272644	0.16063690383348847
227	lucky_guessed	2027	0.16398794172336328	0.1522135233738088
227	lucky_guessed	2028	0.14573458121716287	0.13527076351681833
227	lucky_guessed	2029	0.14758656902869827	0.13698977765332537
227	lucky_guessed	2030	0.15813835185298514	0.1467839370572489
228	believes	2026	0.09414006354911546	0.08840154255132256
228	believes	2027	0.15869913697925303	0.14902527129918666
228	believes	2028	0.09258318499184538	0.08693956705609732
228	believes	2029	0.10812695197083053	0.10153582847973334
228	believes	2030	0.10539528881036159	0.09897068004014166
228	justified	2026	0.1414798698593954	0.13593467306141302
228	justified	2027	0.10696129300771025	0.10276902579624149
228	justified	2028	0.08323428674759233	0.07997198165207738
228	justified	2029	0.08562338335670472	0.08226743942140229
228	justified	2030	0.08172647123930012	0.0785232638354698
228	knows	2026	0.1703876894772858	0.1578376787839083
228	knows	2027	0.13938969130810744	0.12912285734944554
228	knows	2028	0.10678880095041746	0.09892320574238242
228	knows	2029	0.09859952951681614	0.0913371201632167
228	knows	2030	0.09093490714651763	0.0842370402959772
228	true	2026	0.15108792259301762	0.14551225901013962
228	true	2027	0.1124260720131007	0.10827716358460905
228	true	2028	0.11745996213990804	0.11312528586592252
228	true	2029	0.1160425749780935	0.1117602051614696
228	true	2030	0.09741131513183185	0.0938165028330101
228	lucky_guessed	2026	0.1427575085408103	0.12702368131056826
228	lucky_guessed	2027	0.19028726248749497	0.16931500720862064
228	lucky_guessed	2028	0.1769438854370534	0.1574422525536351
228	lucky_guessed	2029	0.18137267972192753	0.16138293321962682
228	lucky_guessed	2030	0.14458986343196828	0.12865408566632777
229	believes	2026	0.11287792335977119	0.11250247954017084
229	believes	2027	0.10353542750893546	0.10319105781102726
229	believes	2028	0.09038444354949517	0.09008381540442807
229	believes	2029	0.08967688539324245	0.08937861066086109
229	believes	2030	0.09916762750485358	0.09883778556815832
229	justified	2026	0.10626539077773241	0.10101102131350385
229	justified	2027	0.11421008639434664	0.10856288568238061
229	justified	2028	0.09975650801040008	0.09482397498424994
229	justified	2029	0.10721944238469304	0.10191789914550142
229	justified	2030	0.11255682512053171	0.10699137111358362
229	knows	2026	0.1187633291988648	0.10932983641657029
229	knows	2027	0.1344302242476581	0.12375229395792156
229	knows	2028	0.11885725224686065	0.10941629906074171
229	knows	2029	0.11812967094146612	0.10874651028305139
229	knows	2030	0.138685363006286	0.12766944269018396
229	true	2026	0.10751873234380917	0.1032431841461127
229	true	2027	0.12628449534294534	0.12126271509414176
229	true	2028	0.1247747243564585	0.11981298107497673
229	true	2029	0.1311481662394881	0.1259329791407097
229	true	2030	0.10883752720374547	0.10450953632128498
229	lucky_guessed	2026	0.18119930105097812	0.15951804589572938
229	lucky_guessed	2027	0.18525244188434042	0.1630862114555747
229	lucky_guessed	2028	0.2808817777061876	0.2472730967919362
229	lucky_guessed	2029	0.26139777466203556	0.23012043630261583
229	lucky_guessed	2030	0.20457967966317792	0.18010086430004071
230	believes	2026	0.11699620804007142	0.11172066890002993
230	believes	2027	0.09785407906525675	0.09344168799062752
230	believes	2028	0.11628436088747623	0.11104092003145738
230	believes	2029	0.10976147655772839	0.10481216259833309
230	believes	2030	0.08995058599795785	0.08589457559342094
230	justified	2026	0.09839839912009841	0.09257819205562243
230	justified	2027	0.12283943278379285	0.11557355304512114
230	justified	2028	0.1002927045319268	0.09436045042360874
230	justified	2029	0.14801031604125034	0.13925559345692065
230	justified	2030	0.06797457778556654	0.06395392174471516
230	knows	2026	0.11323981395674634	0.10249765793331436
230	knows	2027	0.1701202186328264	0.15398227326325692
230	knows	2028	0.12963732829484598	0.11733967115160811
230	knows	2029	0.16605046979495663	0.15029858896810425
230	knows	2030	0.08670264177837667	0.07847785516769919
230	true	2026	0.11528240143699224	0.10872441836241356
230	true	2027	0.14144078306333685	0.13339474785048192
230	true	2028	0.13487840755578803	0.12720568125193474
230	true	2029	0.1625613343039314	0.15331383021260855
230	true	2030	0.10888263673376175	0.10268871224992998
230	lucky_guessed	2026	0.26031976187398076	0.23940065469247399
230	lucky_guessed	2027	0.18887696894671022	0.1736989527674119
230	lucky_guessed	2028	0.20392725606167658	0.1875398097299996
230	lucky_guessed	2029	0.21352966707869245	0.1963705779650008
230	lucky_guessed	2030	0.21365961097209565	0.19649007966141474
231	believes	2026	0.100794630620189	0.1020136324830757
231	believes	2027	0.1118704132604372	0.11322336471556227
231	believes	2028	0.10351394443500328	0.10476583345254928
231	believes	2029	0.1343034776822114	0.13592773274896877
231	believes	2030	0.11252464340261442	0.11388550706255798
231	justified	2026	0.07478516504895384	0.07130762682734801
231	justified	2027	0.07606838191180341	0.07253117362482771
231	justified	2028	0.0757143780698392	0.0721936310942776
231	justified	2029	0.08466685864317505	0.08072981796348672
231	justified	2030	0.0841542985585063	0.08024109211498148
231	knows	2026	0.09560698928841148	0.08865170041522577
231	knows	2027	0.10997649608517626	0.1019758435677573
231	knows	2028	0.09493735726128473	0.08803078328041046
231	knows	2029	0.11599581196313995	0.10755726174533534
231	knows	2030	0.10802594325536895	0.10016719101631556
231	true	2026	0.09272206743746668	0.0885953437527504
231	true	2027	0.09876765806953615	0.09437186702319869
231	true	2028	0.09174311730349267	0.08765996314667493
231	true	2029	0.10333601717212047	0.09873690499382444
231	true	2030	0.10408698572455066	0.09945445065354486
231	lucky_guessed	2026	0.1863833738211401	0.16826706829746038
231	lucky_guessed	2027	0.18181734009879563	0.16414484917214536
231	lucky_guessed	2028	0.18327002802131037	0.16545633706326626
231	lucky_guessed	2029	0.20672197392117755	0.1866287737540421
231	lucky_guessed	2030	0.1759672150517936	0.15886335130754922
232	believes	2026	0.08421039970834984	0.08094757209722847
232	believes	2027	0.10071075221868439	0.0968085997029145
232	believes	2028	0.11103399815731355	0.1067318597490457
232	believes	2029	0.1132046107968887	0.1088183695357905
232	believes	2030	0.09416890422001992	0.09052022303738377
232	justified	2026	0.13657766783310837	0.12700440109644862
232	justified	2027	0.1287431481324728	0.11971903374288233
232	justified	2028	0.08821361351632125	0.08203037385939367
232	justified	2029	0.10110403703628217	0.09401725681768756
232	justified	2030	0.10330526914634466	0.09606419589819945
232	knows	2026	0.16134878195364666	0.14430241705051583
232	knows	2027	0.1526794498362907	0.1365489926763081
232	knows	2028	0.12057950230409165	0.10784037795976313
232	knows	2029	0.12491961651335219	0.11172196270486218
232	knows	2030	0.13311403936604563	0.11905065158407141
232	true	2026	0.13721310677420598	0.12793224970374528
232	true	2027	0.14265040825051123	0.1330017815184129
232	true	2028	0.11284354982691008	0.10521100741250106
232	true	2029	0.1056830867737086	0.09853486568776008
232	true	2030	0.1193648035610442	0.11129117483025068
232	lucky_guessed	2026	0.1918716555569911	0.17302375948847923
232	lucky_guessed	2027	0.18629817126267262	0.1679977685298171
232	lucky_guessed	2028	0.17242800934139743	0.1554900974339154
232	lucky_guessed	2029	0.1644857146832216	0.14832798859228571
232	lucky_guessed	2030	0.19576226771951546	0.17653218985625507
233	believes	2026	0.1271636012731002	0.12041644539179626
233	believes	2027	0.10850982471571465	0.10275241697733561
233	believes	2028	0.12862939853966407	0.12180446912451175
233	believes	2029	0.12088885825770812	0.11447463309569901
233	believes	2030	0.08928210099007358	0.0845448943778087
233	justified	2026	0.09073516940820173	0.08844903833220008
233	justified	2027	0.07986364243330316	0.07785142648660592
233	justified	2028	0.0816613243746026	0.07960381467271015
233	justified	2029	0.08804576290076044	0.0858273931551532
233	justified	2030	0.09542335563960239	0.09301910268976071
233	knows	2026	0.10400132179682338	0.0982004764511966
233	knows	2027	0.1121986485844552	0.1059405838100647
233	knows	2028	0.09810838373321198	0.09263622673257711
233	knows	2029	0.11093737129132752	0.10474965633931409
233	knows	2030	0.12958543202180606	0.12235759070962296
233	true	2026	0.08390128759736333	0.08216999818681435
233	true	2027	0.09087400836178386	0.08899883799341111
233	true	2028	0.0827610626595477	0.0810533016049634
233	true	2029	0.10088110309161491	0.09879943795263435
233	true	2030	0.10642898296550163	0.1042328382285112
233	lucky_guessed	2026	0.1778735884503389	0.15561797443007752
233	lucky_guessed	2027	0.1542338099797512	0.13493601442905295
233	lucky_guessed	2028	0.1724600889775521	0.15088181416101892
233	lucky_guessed	2029	0.1851518258399747	0.16198555586734412
233	lucky_guessed	2030	0.14363406152648717	0.12566251071140672
234	believes	2026	0.0842231004695241	0.08050878117287846
234	believes	2027	0.10172619826953895	0.09723997561683966
234	believes	2028	0.06623936789725632	0.06331814840988521
234	believes	2029	0.10859081360503511	0.1038018548495025
234	believes	2030	0.09802982526318471	0.09370661619593362
234	justified	2026	0.10876382399155683	0.10402855224889768
234	justified	2027	0.09915393704723911	0.09483705282009346
234	justified	2028	0.10338285809081581	0.09888185850633278
234	justified	2029	0.11262494052223095	0.10772156659879305
234	justified	2030	0.13792394576659484	0.13191912413513668
234	knows	2026	0.11244098148210072	0.1041483531837391
234	knows	2027	0.12943046479474576	0.11988484609879134
234	knows	2028	0.12693343479798438	0.11757197441637461
234	knows	2029	0.12832161875488143	0.11885777849884725
234	knows	2030	0.14964688022139194	0.13861028184482055
234	true	2026	0.09194103758948415	0.08826683244918998
234	true	2027	0.09104302578192075	0.08740470755008337
234	true	2028	0.09458376446517278	0.09080394902369403
234	true	2029	0.08937975835568229	0.08580790865506221
234	true	2030	0.13177050698630305	0.12650461172558197
234	lucky_guessed	2026	0.14220563654117027	0.126725976611161
234	lucky_guessed	2027	0.20039825565811265	0.17858409326901112
234	lucky_guessed	2028	0.18334652473123614	0.16338851236815452
234	lucky_guessed	2029	0.2011764750345228	0.17927760031199494
234	lucky_guessed	2030	0.1424336721896912	0.12692918965505892
235	believes	2026	0.09114181448057677	0.08806344244504753
235	believes	2027	0.10808551798170295	0.10443486171710252
235	believes	2028	0.12260923728428409	0.11846803327705045
235	believes	2029	0.09290882258312128	0.08977076873896855
235	believes	2030	0.10002920287336926	0.09665065371219053
235	justified	2026	0.12664493029269172	0.12220352326959198
235	justified	2027	0.0845749058263261	0.08160888436895773
235	justified	2028	0.10766330794259563	0.10388758181663645
235	justified	2029	0.12239224613990723	0.11809997971974794
235	justified	2030	0.12290393876576873	0.11859372740918822
235	knows	2026	0.14025244634212	0.13150831256925524
235	knows	2027	0.10609382549787161	0.09947933408026445
235	knows	2028	0.1440161429166389	0.13503735893134372
235	knows	2029	0.12353134080674431	0.11582969568519945
235	knows	2030	0.13677828145614243	0.12825074684645998
235	true	2026	0.11972104308411027	0.11599664309945669
235	true	2027	0.09350228246696847	0.09059352148047758
235	true	2028	0.11310744974805534	0.10958879193106731
235	true	2029	0.10088035760900717	0.097742072202766
235	true	2030	0.12042839716004229	0.1166819921089302
235	lucky_guessed	2026	0.1813015806888091	0.1593499373703118
235	lucky_guessed	2027	0.18127127352845404	0.15932329974207873
235	lucky_guessed	2028	0.23745036477524092	0.20870033571542862
235	lucky_guessed	2029	0.1645457002671581	0.14462282641170707
235	lucky_guessed	2030	0.1830988663019314	0.16092961113156368
236	believes	2026	0.10615389368967232	0.10238967562979488
236	believes	2027	0.085478438818172	0.08244737258078919
236	believes	2028	0.09757806676170258	0.09411794760464089
236	believes	2029	0.08203382557386776	0.07912490535424109
236	believes	2030	0.08545015127992107	0.08242008811890836
236	justified	2026	0.0849595856631974	0.08223248523766218
236	justified	2027	0.07588195005901022	0.0734462308087219
236	justified	2028	0.0816312733683366	0.07901100776084781
236	justified	2029	0.10644528590741008	0.10302852036849736
236	justified	2030	0.07967641443707553	0.07711889744802324
236	knows	2026	0.11536386329012191	0.10822397897106717
236	knows	2027	0.10045617426565978	0.09423892873542077
236	knows	2028	0.1028142752147683	0.09645108651385939
236	knows	2029	0.13399946617376401	0.12570622199824855
236	knows	2030	0.10292995446003617	0.0965596063557771
236	true	2026	0.11090749545408608	0.10760724746487516
236	true	2027	0.09869331143538533	0.09575651801777509
236	true	2028	0.09497405941890212	0.09214793889980528
236	true	2029	0.12838744286186055	0.12456704823109191
236	true	2030	0.10458031545939889	0.10146834386187228
236	lucky_guessed	2026	0.18355999037820192	0.15458071962493294
236	lucky_guessed	2027	0.2246694869079739	0.18920011322970332
236	lucky_guessed	2028	0.22839801905110815	0.1923400086973533
236	lucky_guessed	2029	0.22251465937294543	0.18738547600758307
236	lucky_guessed	2030	0.19914056020314239	0.16770152928908413
237	believes	2026	0.07909414738300223	0.07485551549087477
237	believes	2027	0.08210302883421805	0.07770315187781299
237	believes	2028	0.10046845753414659	0.09508438270247827
237	believes	2029	0.12794237973652423	0.12108598556515905
237	believes	2030	0.13771501773809977	0.13033491079563522
237	justified	2026	0.08210117327780656	0.07837674547795764
237	justified	2027	0.1008300211665407	0.09625598015227504
237	justified	2028	0.09780895732978775	0.09337196349389369
237	justified	2029	0.08567548471309075	0.08178891227701544
237	justified	2030	0.10197327348804597	0.09734737011227607
237	knows	2026	0.11495418773553599	0.10582551988374891
237	knows	2027	0.11301685795114921	0.10404203608330947
237	knows	2028	0.13161234123936214	0.12116082684012817
237	knows	2029	0.11676193958709556	0.10748971571063101
237	knows	2030	0.11364284186375237	0.10461830976498253
237	true	2026	0.09018649328444088	0.08609603261299885
237	true	2027	0.11548626105443562	0.11024831475304024
237	true	2028	0.0997024491172741	0.0951803867539621
237	true	2029	0.10033923505383417	0.09578829089531353
237	true	2030	0.11294348198145636	0.10782086489861019
237	lucky_guessed	2026	0.16695014907868388	0.1482744970482442
237	lucky_guessed	2027	0.12738359954490516	0.11313400592301319
237	lucky_guessed	2028	0.19062493543473052	0.1693009355332617
237	lucky_guessed	2029	0.14026923617848508	0.12457820828841522
237	lucky_guessed	2030	0.17267148465985252	0.15335582318316235
238	believes	2026	0.10819149124831512	0.10315837898460849
238	believes	2027	0.09283133511224838	0.08851278357165304
238	believes	2028	0.12633220255538033	0.12045517700885928
238	believes	2029	0.1269787915570414	0.12107168642666129
238	believes	2030	0.10700944470747482	0.10203132173056266
238	justified	2026	0.08486733999137777	0.08099791444366801
238	justified	2027	0.09143306312305058	0.0872642812289835
238	justified	2028	0.08424895074208287	0.08040771991757162
238	justified	2029	0.09176361732416714	0.08757976420398605
238	justified	2030	0.11266045602865382	0.10752383637239743
238	knows	2026	0.10954901718813274	0.10103899535249325
238	knows	2027	0.11670997024975142	0.107643668965126
238	knows	2028	0.09782347365672328	0.09022431924872737
238	knows	2029	0.131330943196377	0.1211288508090309
238	knows	2030	0.1268516035796341	0.11699747668687807
238	true	2026	0.0930102056362512	0.08882847745288183
238	true	2027	0.09201899505341488	0.08788183158422441
238	true	2028	0.08383305084022584	0.08006392648448123
238	true	2029	0.10257188430648767	0.09796026414618814
238	true	2030	0.10073464854980071	0.09620563029851403
238	lucky_guessed	2026	0.17752702054193825	0.15861805086777878
238	lucky_guessed	2027	0.1508018974646911	0.13473950596360731
238	lucky_guessed	2028	0.1651146581318109	0.14752776880170998
238	lucky_guessed	2029	0.1879905562309582	0.16796708196800897
238	lucky_guessed	2030	0.17973047540385287	0.1605868087183025
239	believes	2026	0.209277428901404	0.19514022495904929
239	believes	2027	0.10383661231130592	0.09682219430820756
239	believes	2028	0.12430749906626452	0.11591022242210341
239	believes	2029	0.12673661031814393	0.11817524124726123
239	believes	2030	0.09557040210229403	0.08911438688619776
239	justified	2026	0.09592398488874646	0.09131542834432403
239	justified	2027	0.0833039649826309	0.0793017226504102
239	justified	2028	0.10117337739263073	0.09631261987671952
239	justified	2029	0.08048051570396877	0.07661392271602953
239	justified	2030	0.08892636761745736	0.08465400347484522
239	knows	2026	0.10568241672040068	0.09709553681336654
239	knows	2027	0.10719044571417778	0.09848103583226477
239	knows	2028	0.1176003867072292	0.10804515103971614
239	knows	2029	0.0799889443893092	0.07348970373342399
239	knows	2030	0.11360719591012804	0.10437641393022601
239	true	2026	0.10164354379595593	0.09699917500412927
239	true	2027	0.0864518297028173	0.08250161147081532
239	true	2028	0.10979733134946702	0.10478039392185241
239	true	2029	0.10149825442458563	0.09686052429761634
239	true	2030	0.0960393804982887	0.09165108110498905
239	lucky_guessed	2026	0.22073229780016845	0.19480997000322778
239	lucky_guessed	2027	0.18332993058767463	0.16180005660436464
239	lucky_guessed	2028	0.1896586084770672	0.1673855081313034
239	lucky_guessed	2029	0.2273386628647103	0.20064049771883602
239	lucky_guessed	2030	0.1816277606573057	0.16029778586111454
240	believes	2026	0.11895631704815132	0.1077651044369648
240	believes	2027	0.13782579667517036	0.12485937478036974
240	believes	2028	0.13920240159574715	0.1261064709978354
240	believes	2029	0.1329036110929082	0.12040026023737418
240	believes	2030	0.10336187086212234	0.09363775783128778
240	justified	2026	0.09054486364959585	0.09452896585897903
240	justified	2027	0.08447157462592754	0.08818844351867491
240	justified	2028	0.08246898825058539	0.08609774050721569
240	justified	2029	0.07968170066706683	0.08318780832330701
240	justified	2030	0.08818205609456872	0.09206219142586637
240	knows	2026	0.11942045163940479	0.11971003232262875
240	knows	2027	0.09992035486402742	0.10016265008425382
240	knows	2028	0.10477866906625483	0.1050327451324476
240	knows	2029	0.10981692313446914	0.11008321637984103
240	knows	2030	0.11118360670611348	0.11145321399993346
240	true	2026	0.10813042443240722	0.11325010291620963
240	true	2027	0.12270983821193206	0.12851981187792108
240	true	2028	0.10073366811352005	0.10550313050990287
240	true	2029	0.10539582160803167	0.11038602416204658
240	true	2030	0.11118056880802522	0.11644466324704386
240	lucky_guessed	2026	0.15840342683858297	0.1459078048946138
240	lucky_guessed	2027	0.17440947889188163	0.16065122280378297
240	lucky_guessed	2028	0.16726165255724515	0.1540672512883341
240	lucky_guessed	2029	0.1317001083958475	0.12131097226831122
240	lucky_guessed	2030	0.15037946774821123	0.13851681417675923
241	believes	2026	0.10492433507730484	0.10891882522856806
241	believes	2027	0.09475952605479929	0.09836703991977054
241	believes	2028	0.10791159302681552	0.11201980867798124
241	believes	2029	0.10084389474751923	0.10468304172983946
241	believes	2030	0.09330381840100825	0.09685591318820405
241	justified	2026	0.1099409835451585	0.10773317687142746
241	justified	2027	0.09364768678853533	0.09176707792727046
241	justified	2028	0.09745724322754991	0.09550013182957125
241	justified	2029	0.09249055141489464	0.09063317984984044
241	justified	2030	0.0897696650941497	0.08796693367132177
241	knows	2026	0.12153697257811222	0.11560815845125662
241	knows	2027	0.10374413443255531	0.09868329017459236
241	knows	2028	0.12169672734665503	0.11576012006592634
241	knows	2029	0.10971240496505956	0.10436041665524633
241	knows	2030	0.10876530795817939	0.10345952091531219
241	true	2026	0.13554003012930707	0.13313610868683873
241	true	2027	0.10334110501525011	0.101508259781281
241	true	2028	0.10298671884310491	0.10116015895906025
241	true	2029	0.10824682759869218	0.10632697506733729
241	true	2030	0.10157479683778783	0.09977327863021644
241	lucky_guessed	2026	0.1882140403050554	0.1555417849180741
241	lucky_guessed	2027	0.2101451895374387	0.17366588496598068
241	lucky_guessed	2028	0.21117610951416438	0.17451784655730365
241	lucky_guessed	2029	0.2131293690942718	0.17613203793753124
241	lucky_guessed	2030	0.21409419697024537	0.17692938041912512
242	believes	2026	0.13312378602448316	0.12696631744469625
242	believes	2027	0.1091000587603206	0.10405377661998219
242	believes	2028	0.09386936825733225	0.08952756201135702
242	believes	2029	0.12467027307670119	0.11890381080705044
242	believes	2030	0.08527525840773274	0.08133096159978097
242	justified	2026	0.07797384610670972	0.07557330754345885
242	justified	2027	0.09119386363072522	0.0883863275489754
242	justified	2028	0.07923875201406098	0.07679927147781414
242	justified	2029	0.0862755378465775	0.08361941959658784
242	justified	2030	0.09650748131334144	0.09353635776227484
242	knows	2026	0.08843970778720753	0.08319285274667094
242	knows	2027	0.1084249131540616	0.10199239753029993
242	knows	2028	0.09038783578322311	0.08502540431834896
242	knows	2029	0.0923946963592628	0.08691320404725893
242	knows	2030	0.09839128040377622	0.09255402925892255
242	true	2026	0.08615955293234827	0.08378624574473649
242	true	2027	0.09320919453881743	0.09064170151196556
242	true	2028	0.08794827604938003	0.08552569760529329
242	true	2029	0.08753326485118425	0.08512211809431147
242	true	2030	0.09223284118729035	0.08969224229287029
242	lucky_guessed	2026	0.14825092554319327	0.13715705054596883
242	lucky_guessed	2027	0.16702522301196013	0.1545264346321307
242	lucky_guessed	2028	0.201966445196027	0.1868529442959216
242	lucky_guessed	2029	0.18890472061565058	0.1747686513181604
242	lucky_guessed	2030	0.23433447821833503	0.2167988210251757
243	believes	2026	0.11050017178863933	0.10314730519683708
243	believes	2027	0.10730939412806069	0.10016884722845958
243	believes	2028	0.11298253152217749	0.10546448455410866
243	believes	2029	0.10121808915940289	0.09448286789938713
243	believes	2030	0.1140926696179124	0.10650075220073667
243	justified	2026	0.09484494270707097	0.0901365167636761
243	justified	2027	0.08888233549773773	0.08446991368143066
243	justified	2028	0.09316926460634042	0.08854402503026326
243	justified	2029	0.10420898806057158	0.09903569901726719
243	justified	2030	0.09442438163388837	0.08973683377435582
243	knows	2026	0.11526327265963918	0.10605240941343323
243	knows	2027	0.10579715383372217	0.09734274252546635
243	knows	2028	0.107861377108345	0.09924201058188768
243	knows	2029	0.13645961118754435	0.1255549163244162
243	knows	2030	0.11460188866699557	0.10544387762053115
243	true	2026	0.11203037902215109	0.10668347460543996
243	true	2027	0.10563812599444128	0.10059630637923597
243	true	2028	0.093990207840557	0.0895043115879798
243	true	2029	0.11378861023651993	0.1083577902396977
243	true	2030	0.10264133204991847	0.09774254123563131
243	lucky_guessed	2026	0.14690059116527435	0.13328450077511397
243	lucky_guessed	2027	0.17499772878069492	0.1587773386907061
243	lucky_guessed	2028	0.1541731432997811	0.13988296626064875
243	lucky_guessed	2029	0.15443781749028646	0.14012310802638117
243	lucky_guessed	2030	0.15693837754538847	0.14239189330463436
244	believes	2026	0.08841742563470827	0.08934905355875253
244	believes	2027	0.10144766431953493	0.10251658796474053
244	believes	2028	0.09650713174372128	0.09752399847735951
244	believes	2029	0.09467468342537858	0.09567224220008812
244	believes	2030	0.0743598052037157	0.07514331219294293
244	justified	2026	0.1011559801018427	0.09666089313703012
244	justified	2027	0.09795201427170587	0.09359930252805425
244	justified	2028	0.09501941171324518	0.09079701657094763
244	justified	2029	0.08553345094812022	0.08173258519579157
244	justified	2030	0.08786540772450614	0.08396091637834226
244	knows	2026	0.127869179451457	0.11897849036277998
244	knows	2027	0.11476078480451829	0.10678151676161292
244	knows	2028	0.12220408980632794	0.11370729196580306
244	knows	2029	0.12448014082763575	0.11582509013785337
244	knows	2030	0.11643396444096209	0.10833836093707275
244	true	2026	0.1267969653682877	0.12199953439629825
244	true	2027	0.11663351607872316	0.11222062464411446
244	true	2028	0.10188724657604475	0.09803228813161427
244	true	2029	0.10759304677010902	0.1035222063249423
244	true	2030	0.10021395292261076	0.09642230443812214
244	lucky_guessed	2026	0.16516035347212682	0.14842967422624956
244	lucky_guessed	2027	0.15622934253627466	0.14040337120708507
244	lucky_guessed	2028	0.16202271885961098	0.14560988077348652
244	lucky_guessed	2029	0.1505474948772075	0.13529709249485863
244	lucky_guessed	2030	0.14975189342143558	0.13458208515555736
245	believes	2026	0.10952689243658628	0.1039485230198516
245	believes	2027	0.11952283933764202	0.11343536130617657
245	believes	2028	0.1335759406317536	0.12677271700826623
245	believes	2029	0.12332983084239615	0.11704845700591474
245	believes	2030	0.12776324026644756	0.12125606621786471
245	justified	2026	0.09916192427208674	0.09402706734155271
245	justified	2027	0.10164188488315799	0.0963786092775661
245	justified	2028	0.08905944463571869	0.08444771982426343
245	justified	2029	0.07654799771161692	0.07258414747924863
245	justified	2030	0.08200368450185999	0.07775732491591325
245	knows	2026	0.12116612791429301	0.11120297047645665
245	knows	2027	0.10800301630156396	0.09912222532725111
245	knows	2028	0.11663387405017839	0.10704339138188122
245	knows	2029	0.11184040208860539	0.10264407343553586
245	knows	2030	0.09506914017327289	0.08725186625909742
245	true	2026	0.09350260108576593	0.08923208258938556
245	true	2027	0.09141514964077606	0.0872399707381889
245	true	2028	0.08328054822459348	0.07947689872766021
245	true	2029	0.0840846847301297	0.08024430812848887
245	true	2030	0.0936151235395827	0.08933946583622089
245	lucky_guessed	2026	0.1648928166077198	0.1489785369392996
245	lucky_guessed	2027	0.24831450357998194	0.22434895712990244
245	lucky_guessed	2028	0.14526246890034966	0.1312427705110317
245	lucky_guessed	2029	0.16279775569714433	0.14708567637886186
245	lucky_guessed	2030	0.23414706021166815	0.21154885444136018
246	believes	2026	0.10647364940739763	0.10060422923119787
246	believes	2027	0.10007773600647837	0.09456089417590234
246	believes	2028	0.09644424404766033	0.09112770051747923
246	believes	2029	0.10111908567966163	0.09554483885905965
246	believes	2030	0.1134975513638166	0.10724093461749733
246	justified	2026	0.10331389039052291	0.10027504367320182
246	justified	2027	0.09510255213655631	0.09230523149286926
246	justified	2028	0.09453437124696208	0.09175376292167346
246	justified	2029	0.08912656162495065	0.08650501714340686
246	justified	2030	0.08543675286828827	0.08292373941955468
246	knows	2026	0.11000717862786288	0.10336308584902681
246	knows	2027	0.10876298621423296	0.102194038802581
246	knows	2028	0.13401403656799332	0.12592000394457545
246	knows	2029	0.11175504800109591	0.10500538932714375
246	knows	2030	0.10894200721446869	0.10236224748902267
246	true	2026	0.10611006094443011	0.10330823444930505
246	true	2027	0.09293139668616084	0.0904775516205113
246	true	2028	0.10157073749721085	0.0988887714242848
246	true	2029	0.10676664504873094	0.10394748151013108
246	true	2030	0.09368520652287358	0.09121145717713985
246	lucky_guessed	2026	0.14912911932208478	0.13720753334643984
246	lucky_guessed	2027	0.19499530666968115	0.17940711488073122
246	lucky_guessed	2028	0.1819562303440524	0.1674104001687539
246	lucky_guessed	2029	0.17843505572999868	0.16417071307429074
246	lucky_guessed	2030	0.17848177388785794	0.16421369651864753
247	believes	2026	0.07653056707655684	0.07866601280781395
247	believes	2027	0.0913794271484985	0.09392920320639418
247	believes	2028	0.07560076627494391	0.07771026761262641
247	believes	2029	0.07441968163071613	0.07649622695803421
247	believes	2030	0.07049158169235611	0.07245852056351229
247	justified	2026	0.09261212103034608	0.08707528051655188
247	justified	2027	0.12015166078334766	0.11296836149353966
247	justified	2028	0.09079912520253028	0.08537067513092776
247	justified	2029	0.12585121329990404	0.11832716473307833
247	justified	2030	0.10052054691115733	0.09451089903338032
247	knows	2026	0.11654958071322903	0.10525935192356582
247	knows	2027	0.1504622076104841	0.13588684202165402
247	knows	2028	0.10890055332605982	0.09835129047287669
247	knows	2029	0.16603651234786587	0.14995245438409174
247	knows	2030	0.11714709607807872	0.10579898561150847
247	true	2026	0.09902266168540881	0.09417852423938596
247	true	2027	0.13380882532590582	0.12726296672811513
247	true	2028	0.10176335708957404	0.09678514624045849
247	true	2029	0.1294838794402897	0.12314959496058418
247	true	2030	0.09564771559592739	0.09096867876881441
247	lucky_guessed	2026	0.16359053526252013	0.1548382194169349
247	lucky_guessed	2027	0.15104158526383335	0.14296065528872473
247	lucky_guessed	2028	0.14807795564755916	0.14015558388249205
247	lucky_guessed	2029	0.143391308289114	0.13571967852371192
247	lucky_guessed	2030	0.15264744858720977	0.14448060274301694
248	believes	2026	0.11693424829112832	0.11010099981628621
248	believes	2027	0.09280982674018157	0.08738632920810037
248	believes	2028	0.11829236583963318	0.11137975349319146
248	believes	2029	0.1195928179597634	0.11260421151752553
248	believes	2030	0.12935863522260405	0.12179934690664557
248	justified	2026	0.0891723703337768	0.08916182240546959
248	justified	2027	0.09332499986585506	0.09331396073563826
248	justified	2028	0.08987577024524293	0.08986513911390086
248	justified	2029	0.07571902276292233	0.07571006619015652
248	justified	2030	0.09881190041064991	0.09880021225166602
248	knows	2026	0.09427347687078108	0.09084293794180047
248	knows	2027	0.09716251122178128	0.09362684256663331
248	knows	2028	0.09605357359506002	0.09255825832269322
248	knows	2029	0.08651788222384384	0.08336956338726716
248	knows	2030	0.10185267240148085	0.09814633240754048
248	true	2026	0.09695152149578583	0.09489890813809548
248	true	2027	0.10031183418558756	0.0981880778215092
248	true	2028	0.09489107998790355	0.09288208935728927
248	true	2029	0.08361289595741085	0.08184268189094245
248	true	2030	0.11140801768141062	0.1090493379854287
248	lucky_guessed	2026	0.158546410345161	0.143912355866098
248	lucky_guessed	2027	0.27485447289282405	0.2494850222608533
248	lucky_guessed	2028	0.1917577496339129	0.1740582422857741
248	lucky_guessed	2029	0.15772171866229703	0.1431637843740929
248	lucky_guessed	2030	0.15619633104939737	0.14177919216223864
249	believes	2026	0.09101289062634632	0.08688245169379123
249	believes	2027	0.10042358292521393	0.09586605844921509
249	believes	2028	0.11146550781797103	0.10640686755327984
249	believes	2029	0.1393041586302995	0.13298211659522477
249	believes	2030	0.1253981342878802	0.11970718949568723
249	justified	2026	0.08920947840877248	0.08549417126427206
249	justified	2027	0.09391401241017922	0.09000277553826933
249	justified	2028	0.08723589831119247	0.08360278485695424
249	justified	2029	0.07953977608825852	0.07622718303599815
249	justified	2030	0.08917055444334418	0.08545686836523074
249	knows	2026	0.1007133951335538	0.09328531272798385
249	knows	2027	0.1101686201487932	0.10204317081915851
249	knows	2028	0.11216568851425342	0.10389294608255892
249	knows	2029	0.12170760572031118	0.11273110241132989
249	knows	2030	0.11957466479161911	0.1107554758196585
249	true	2026	0.09168132146092514	0.08826977452731685
249	true	2027	0.10472591772240555	0.10082896927334269
249	true	2028	0.09979247489675974	0.09607910442711262
249	true	2029	0.10440740709036894	0.1005223107170913
249	true	2030	0.09421684749563713	0.0907109512885785
249	lucky_guessed	2026	0.1917357763134186	0.16367389827442483
249	lucky_guessed	2027	0.18501678142173336	0.15793827549419617
249	lucky_guessed	2028	0.1756859833819894	0.14997310530770042
249	lucky_guessed	2029	0.20359004025033461	0.17379320739364415
249	lucky_guessed	2030	0.18339987339560204	0.15655801331842192
250	believes	2026	0.09984610770079107	0.09416049147917054
250	believes	2027	0.10945736681112503	0.10322444902746794
250	believes	2028	0.09223952739750965	0.08698705872023804
250	believes	2029	0.12054919802889034	0.11368466928961955
250	believes	2030	0.09385541525319167	0.08851093179020485
250	justified	2026	0.08784001418777693	0.08434602941446256
250	justified	2027	0.10467248282281902	0.10050895820878464
250	justified	2028	0.08683799789137822	0.08338387000691573
250	justified	2029	0.08171304633744657	0.07846277204817059
250	justified	2030	0.08536512013976605	0.08196957845300255
250	knows	2026	0.09927324229360365	0.09264174151013685
250	knows	2027	0.11128559756392871	0.10385166561627321
250	knows	2028	0.0941433831472915	0.08785455944540153
250	knows	2029	0.09270254071910138	0.08650996599095939
250	knows	2030	0.1074488050775125	0.10027117273075468
250	true	2026	0.09527217780276656	0.0916107957491168
250	true	2027	0.10394992843378285	0.09995505384160598
250	true	2028	0.08917695749869416	0.0857498193843461
250	true	2029	0.08873438759284283	0.08532425777565078
250	true	2030	0.10109148607243237	0.09720646358823301
250	lucky_guessed	2026	0.1846591561683573	0.1634683164726729
250	lucky_guessed	2027	0.1630891213746142	0.14437358352168175
250	lucky_guessed	2028	0.192122333656531	0.17007504578327487
250	lucky_guessed	2029	0.15695497933145466	0.1389433741911175
250	lucky_guessed	2030	0.1904030708895144	0.16855307960553428
251	believes	2026	0.0756371899866699	0.07360891336338798
251	believes	2027	0.08480428105582682	0.08253018096234004
251	believes	2028	0.11638242471616843	0.11326152940720367
251	believes	2029	0.10343384767901703	0.10066017965485555
251	believes	2030	0.1051211164197603	0.1023022028259968
251	justified	2026	0.12984584794510104	0.12214526722675888
251	justified	2027	0.11233796185198765	0.10567569612177329
251	justified	2028	0.09750702480139585	0.09172431609741015
251	justified	2029	0.08746667858723493	0.08227941823747723
251	justified	2030	0.08591970352582233	0.08082418739829579
251	knows	2026	0.1586311455528922	0.1432848090622566
251	knows	2027	0.1357072797079398	0.12257864994631178
251	knows	2028	0.1106087402269755	0.09990820004987332
251	knows	2029	0.1108002455162121	0.1000811786834641
251	knows	2030	0.09918341462536792	0.0895881863375938
251	true	2026	0.12499397404336425	0.11768770416478923
251	true	2027	0.12013222130141622	0.11311013534360566
251	true	2028	0.11894939872348569	0.11199645226651085
251	true	2029	0.09621667663481606	0.09059252545717879
251	true	2030	0.08863963145605733	0.08345838112529577
251	lucky_guessed	2026	0.14468684110693192	0.1275448652988833
251	lucky_guessed	2027	0.15124141968373442	0.13332288101388093
251	lucky_guessed	2028	0.16769741030453264	0.14782922513634475
251	lucky_guessed	2029	0.1748343163889155	0.15412057629322465
251	lucky_guessed	2030	0.1550953166526392	0.13672018215069584
252	believes	2026	0.06637581230882379	0.06760443266595016
252	believes	2027	0.090955877941064	0.09263947682070944
252	believes	2028	0.11479579919577584	0.11692067648011412
252	believes	2029	0.11842282201687672	0.12061483571610412
252	believes	2030	0.09861081297609109	0.10043610517276529
252	justified	2026	0.1032393143076429	0.09906152182344496
252	justified	2027	0.08486252495962501	0.08142838728306229
252	justified	2028	0.10843093656174273	0.1040430543401281
252	justified	2029	0.10500844792822603	0.1007590637912437
252	justified	2030	0.09035591008454136	0.08669947121156336
252	knows	2026	0.11935030332236575	0.11085293111913591
252	knows	2027	0.1130856972288441	0.10503434559030017
252	knows	2028	0.11497167537582162	0.10678604793038057
252	knows	2029	0.10083339944198855	0.0936543734845827
252	knows	2030	0.1166044889842864	0.10830261026353732
252	true	2026	0.12362013581349583	0.1185322567657741
252	true	2027	0.09285814591856131	0.08903634931624957
252	true	2028	0.10995008972193912	0.10542483375040908
252	true	2029	0.12976457471742722	0.1244238067551804
252	true	2030	0.11223714591897829	0.10761776074083232
252	lucky_guessed	2026	0.17087526388811952	0.14600292744937685
252	lucky_guessed	2027	0.20699918702743975	0.17686870877598426
252	lucky_guessed	2028	0.19425425773077917	0.16597891147526947
252	lucky_guessed	2029	0.284100340513186	0.2427471388219691
252	lucky_guessed	2030	0.14867638968477837	0.12703528669190378
253	believes	2026	0.14644721741308386	0.1320206437027864
253	believes	2027	0.11767969259710817	0.1060870192131641
253	believes	2028	0.12856870402464182	0.11590334978839809
253	believes	2029	0.13266573443619187	0.11959678010245473
253	believes	2030	0.11327452913650722	0.10211581015943325
253	justified	2026	0.0974670468444494	0.09698515622557657
253	justified	2027	0.09764281195723248	0.09716005233122631
253	justified	2028	0.09629144668920588	0.09581536840080475
253	justified	2029	0.09580108366905575	0.0953274298035432
253	justified	2030	0.08562350434092701	0.08520016984139347
253	knows	2026	0.11204523533589708	0.10801662689597652
253	knows	2027	0.10690077378455505	0.1030571354699812
253	knows	2028	0.10192372769280075	0.09825904004784713
253	knows	2029	0.09937866884512929	0.0958054892908418
253	knows	2030	0.09462116731489449	0.09121904466240367
253	true	2026	0.08879536394131057	0.08799593498245178
253	true	2027	0.09377804646434496	0.09293375817359192
253	true	2028	0.07800891896855629	0.0773066008958025
253	true	2029	0.09258515306184824	0.09175160444812855
253	true	2030	0.08310110814224712	0.08235294484392361
253	lucky_guessed	2026	0.19876446978104417	0.17845007160005577
253	lucky_guessed	2027	0.1857476031827817	0.16676357260439953
253	lucky_guessed	2028	0.15133254771108742	0.13586585169980844
253	lucky_guessed	2029	0.21487571027051694	0.19291468905446923
253	lucky_guessed	2030	0.19296467644937215	0.17324303667856047
254	believes	2026	0.11571887407331649	0.1119705689386732
254	believes	2027	0.11986558404950368	0.11598296085810353
254	believes	2028	0.08956893704004357	0.0866676669637462
254	believes	2029	0.08838258835126692	0.08551974586007378
254	believes	2030	0.08553075516385328	0.08276028775896418
254	justified	2026	0.08137530979231278	0.0779052630329894
254	justified	2027	0.08605327150608282	0.08238374475797001
254	justified	2028	0.09487526394977482	0.09082954537679352
254	justified	2029	0.07891350828438887	0.07554843889924041
254	justified	2030	0.0744595282529592	0.07128438771740409
254	knows	2026	0.10271433935818883	0.09555780801624762
254	knows	2027	0.10739982542584889	0.09991683695917745
254	knows	2028	0.12340008062725326	0.11480228843849782
254	knows	2029	0.10773998603500184	0.10023329717677935
254	knows	2030	0.10240443976054599	0.09526950040076856
254	true	2026	0.10869481933990899	0.10430810892905083
254	true	2027	0.10426977742173685	0.1000616530517665
254	true	2028	0.10231310281873059	0.09818394601045079
254	true	2029	0.09480100389092158	0.09097502070926115
254	true	2030	0.09228690562845783	0.08856238653762386
254	lucky_guessed	2026	0.18634088682020847	0.16104707898483364
254	lucky_guessed	2027	0.1649935378088658	0.1425974071977523
254	lucky_guessed	2028	0.15077665869508833	0.13031031930939496
254	lucky_guessed	2029	0.16809907674548824	0.1452814020147313
254	lucky_guessed	2030	0.18616535811156512	0.1608953764450026
255	believes	2026	0.05599826469773927	0.05466352550539818
255	believes	2027	0.10464170534567871	0.10214753189169445
255	believes	2028	0.08163451764226275	0.07968872895161092
255	believes	2029	0.10082764901656321	0.098424384995072
255	believes	2030	0.1192337575330524	0.11639177715940191
255	justified	2026	0.10168888100101682	0.09564453812243859
255	justified	2027	0.09234830796111343	0.0868591646833157
255	justified	2028	0.09250626919157677	0.0870077367669122
255	justified	2029	0.10118808207688423	0.09517350646863963
255	justified	2030	0.09993068621026503	0.09399084966569327
255	knows	2026	0.12616449404178737	0.1141081611701398
255	knows	2027	0.10359188466269086	0.09369259997264917
255	knows	2028	0.12443298462361642	0.11254211553062078
255	knows	2029	0.12269674260822161	0.1109717895428875
255	knows	2030	0.11015920969531748	0.09963234862357664
255	true	2026	0.10760972979336697	0.10139047355660011
255	true	2027	0.10262140371425858	0.09669044555367956
255	true	2028	0.09328035566061373	0.08788925919727272
255	true	2029	0.10700805041069648	0.10082356796492783
255	true	2030	0.10234537658089173	0.09643037128511413
255	lucky_guessed	2026	0.16316626247059868	0.14110601540843165
255	lucky_guessed	2027	0.1692110661343826	0.14633355537905846
255	lucky_guessed	2028	0.2696552936176715	0.23319761965520677
255	lucky_guessed	2029	0.18909335759933518	0.16352774052081873
255	lucky_guessed	2030	0.15919301600969837	0.13766995596915682
256	believes	2026	0.0789772086090275	0.0751903102029785
256	believes	2027	0.09667685150828492	0.09204126839099668
256	believes	2028	0.09373949809449832	0.08924475888846727
256	believes	2029	0.1335203152921028	0.12711811549218446
256	believes	2030	0.12385858730503475	0.11791966017527412
256	justified	2026	0.09554239905375884	0.09014803592369322
256	justified	2027	0.10994108048064999	0.10373376187762122
256	justified	2028	0.10521355315787856	0.0992731526910794
256	justified	2029	0.10735691259135811	0.10129549716976455
256	justified	2030	0.08232439855547952	0.07767632916774485
256	knows	2026	0.1169062504679003	0.10620278659293102
256	knows	2027	0.15791387178585978	0.1434559158147154
256	knows	2028	0.12779335426091812	0.11609311115741988
256	knows	2029	0.10865016659762286	0.09870259639900149
256	knows	2030	0.09593661790146166	0.08715304884604168
256	true	2026	0.11042928358793007	0.10412302099645092
256	true	2027	0.1106628018595741	0.10434320378774907
256	true	2028	0.10551568163686273	0.09949001911057156
256	true	2029	0.10841102398457235	0.10222001773292459
256	true	2030	0.08857623465888698	0.08351792967877143
256	lucky_guessed	2026	0.1455961872656626	0.13562044112599955
256	lucky_guessed	2027	0.12388901262902799	0.11540056686206823
256	lucky_guessed	2028	0.18798970556786856	0.17510930248290854
256	lucky_guessed	2029	0.1879897022299235	0.1751092993736679
256	lucky_guessed	2030	0.17385838724523903	0.16194621311498436
257	believes	2026	0.08054750070504194	0.07610407340689264
257	believes	2027	0.0878305417567526	0.08298534329078995
257	believes	2028	0.10826964994978967	0.10229692188328308
257	believes	2029	0.12383646415627456	0.11700498806425681
257	believes	2030	0.08661343351230676	0.08183537719167244
257	justified	2026	0.09818450729390503	0.09538863122269779
257	justified	2027	0.07599114728647924	0.07382724346725579
257	justified	2028	0.08916798156818562	0.08662885769971136
257	justified	2029	0.08880225981515162	0.0862735501426255
257	justified	2030	0.09617766298408136	0.09343893328086147
257	knows	2026	0.11086671847541202	0.10374735073814934
257	knows	2027	0.08578987112802991	0.08028082703353662
257	knows	2028	0.10984990311903847	0.10279583074311115
257	knows	2029	0.10390418932945143	0.09723192425792243
257	knows	2030	0.12644834418489095	0.11832839372185044
257	true	2026	0.11188157463836242	0.10896349275085929
257	true	2027	0.08287824440528875	0.08071662391819018
257	true	2028	0.09883239548287164	0.09625466072994812
257	true	2029	0.0932392599644974	0.09080740470516588
257	true	2030	0.10749883076729254	0.10469505908277926
257	lucky_guessed	2026	0.14533906483714407	0.1276849701543897
257	lucky_guessed	2027	0.21412946140749925	0.1881195115685412
257	lucky_guessed	2028	0.18527741470212758	0.16277207503042657
257	lucky_guessed	2029	0.16943319882572933	0.1488524297267739
257	lucky_guessed	2030	0.16303926892433343	0.1432351598651314
258	believes	2026	0.08421212320119724	0.08400098210132692
258	believes	2027	0.09878376674298348	0.09853609084589658
258	believes	2028	0.08259470501952994	0.08238761919627352
258	believes	2029	0.10245831179594099	0.10220142288468807
258	believes	2030	0.09181026615695712	0.09158007459024584
258	justified	2026	0.09155639131129724	0.08639207022341061
258	justified	2027	0.09479410015613135	0.08944715317152316
258	justified	2028	0.09809623716485297	0.09256303015464756
258	justified	2029	0.0925856816328135	0.08736330249308764
258	justified	2030	0.08140678107066264	0.07681495793129522
258	knows	2026	0.11127208780767651	0.1013814834175487
258	knows	2027	0.09194585619464511	0.08377309600967732
258	knows	2028	0.11812541843197276	0.10762564436331047
258	knows	2029	0.11044686840346933	0.1006296150110884
258	knows	2030	0.0875773693863252	0.0797929094090363
258	true	2026	0.10444204579532712	0.09913256282716439
258	true	2027	0.12184481249906752	0.11565063129746064
258	true	2028	0.11642439728737404	0.11050577179733619
258	true	2029	0.11653555236529982	0.11061127612427774
258	true	2030	0.11248674733305672	0.10676829874694514
258	lucky_guessed	2026	0.1341110175592008	0.12304676461830386
258	lucky_guessed	2027	0.1788027656882072	0.1640514122042702
258	lucky_guessed	2028	0.18186734992023637	0.16686316608933038
258	lucky_guessed	2029	0.20830675550509029	0.1911213021832668
258	lucky_guessed	2030	0.1563225462328778	0.1434258266093605
259	believes	2026	0.09794222008870175	0.09325156839392544
259	believes	2027	0.12856323259057845	0.122406078461432
259	believes	2028	0.09498747858739112	0.0904383354597904
259	believes	2029	0.10835141190041711	0.10316224288421746
259	believes	2030	0.15335492806344683	0.1460104493231075
259	justified	2026	0.07228337823616812	0.0684526110916424
259	justified	2027	0.08545136749974104	0.08092274281367168
259	justified	2028	0.10750399802821603	0.10180666077585188
259	justified	2029	0.08556207566697928	0.08102758383385567
259	justified	2030	0.09568596292567617	0.09061494034880693
259	knows	2026	0.10366695508880774	0.09508882302465377
259	knows	2027	0.09607369282520624	0.08812388061899668
259	knows	2028	0.1367857767692368	0.1254671607587712
259	knows	2029	0.11031354245226671	0.10118542506124704
259	knows	2030	0.10334949413657259	0.09479763102158523
259	true	2026	0.080086211920159	0.0760350626601354
259	true	2027	0.09235508620082825	0.08768331773842551
259	true	2028	0.10497209080268624	0.0996620930167704
259	true	2029	0.10799508326177738	0.10253216784659579
259	true	2030	0.09485529387182243	0.09005705277182821
259	lucky_guessed	2026	0.13989413897230774	0.1280079690369653
259	lucky_guessed	2027	0.14527294490797354	0.13292976224950906
259	lucky_guessed	2028	0.13444940796673235	0.12302585210843361
259	lucky_guessed	2029	0.1513424410228669	0.13848356083215765
259	lucky_guessed	2030	0.15355123846364283	0.14050468678128508
260	believes	2026	0.10515838659921115	0.10285491242112339
260	believes	2027	0.10954829492028294	0.10714866064703985
260	believes	2028	0.0995516332729238	0.09737097394515544
260	believes	2029	0.10682066880017207	0.10448078265105246
260	believes	2030	0.09458074099536673	0.0925089681042746
260	justified	2026	0.11754515561655045	0.11183704364913609
260	justified	2027	0.10602187239031277	0.10087334274292328
260	justified	2028	0.10436972294140141	0.09930142334681011
260	justified	2029	0.090352760009782	0.085965138350722
260	justified	2030	0.07855804897583368	0.0747431904464147
260	knows	2026	0.1413117000837201	0.13064294635414406
260	knows	2027	0.12827797980192754	0.1185932461625793
260	knows	2028	0.12443486450158298	0.11504027846267724
260	knows	2029	0.11092743728572665	0.10255263527320208
260	knows	2030	0.09527265406429386	0.08807975720739629
260	true	2026	0.12389315691936341	0.11840979782325178
260	true	2027	0.11668789377016117	0.11152343077946374
260	true	2028	0.11006447429209788	0.1051931557199097
260	true	2029	0.10929266046830705	0.10445550142886806
260	true	2030	0.09393017070677778	0.0897729366128919
260	lucky_guessed	2026	0.1956848144344739	0.17088842519113612
260	lucky_guessed	2027	0.15182371119233626	0.13258522378096946
260	lucky_guessed	2028	0.21698378123050652	0.18948847294901208
260	lucky_guessed	2029	0.19247612993382	0.16808633222936692
260	lucky_guessed	2030	0.16684194072674544	0.14570040393284364
261	believes	2026	0.09307119491781211	0.0889983206902673
261	believes	2027	0.12147674238209474	0.11616081736650814
261	believes	2028	0.12214434714277045	0.11679920717806513
261	believes	2029	0.12154005745554385	0.11622136171877874
261	believes	2030	0.13721708224059548	0.13121234663652231
261	justified	2026	0.1044780953113168	0.10136729435095992
261	justified	2027	0.07484938664811379	0.07262077075333441
261	justified	2028	0.0876061123574023	0.08499766914600486
261	justified	2029	0.07496225982545106	0.0727302831689023
261	justified	2030	0.08118167009988064	0.07876451254587297
261	knows	2026	0.09529756144331797	0.09001509418235927
261	knows	2027	0.09335820491280276	0.08818323869620044
261	knows	2028	0.10358102127352876	0.09783939110537877
261	knows	2029	0.0887650322194388	0.08384467151434327
261	knows	2030	0.10281333748371045	0.09711426102234019
261	true	2026	0.10526563182893263	0.10259546409567913
261	true	2027	0.09098395582176014	0.08867605704361162
261	true	2028	0.09993654689018469	0.09740155671112415
261	true	2029	0.09845140611776772	0.09595408801553744
261	true	2030	0.11764962291694193	0.11466532289912817
261	lucky_guessed	2026	0.16634818863415105	0.14435863786607953
261	lucky_guessed	2027	0.21853824004272157	0.18964969148898123
261	lucky_guessed	2028	0.18701913602117745	0.16229709474194784
261	lucky_guessed	2029	0.17107065301670657	0.14845684014429075
261	lucky_guessed	2030	0.25659508487593385	0.22267580572991144
262	believes	2026	0.10154774219311606	0.09658745626442289
262	believes	2027	0.10030743530919052	0.09540773444768572
262	believes	2028	0.11043419775927285	0.10503983659120177
262	believes	2029	0.09767249352195206	0.09290150123030703
262	believes	2030	0.10996602554831113	0.10459453311153906
262	justified	2026	0.09291453249731889	0.09112585095293611
262	justified	2027	0.0940266285478025	0.09221653823530114
262	justified	2028	0.09645184668844986	0.0945950689222996
262	justified	2029	0.09582558299738447	0.09398086132489379
262	justified	2030	0.10276895410679578	0.10079056680175656
262	knows	2026	0.11201097845658287	0.106724777316074
262	knows	2027	0.10979499368432356	0.10461337283935249
262	knows	2028	0.10223439623662844	0.0974095871917295
262	knows	2029	0.10949221535652971	0.10432488371038325
262	knows	2030	0.10657930680578294	0.10154944579613416
262	true	2026	0.09392233134546256	0.09097224428119755
262	true	2027	0.1043947338531355	0.10111571011612087
262	true	2028	0.09590378071625641	0.09289145660917594
262	true	2029	0.09731255452153369	0.09425598102967019
262	true	2030	0.11547381157853152	0.11184679558649654
262	lucky_guessed	2026	0.15717741776528057	0.15737488917443562
262	lucky_guessed	2027	0.18100050902956033	0.18122791081592396
262	lucky_guessed	2028	0.16084720033704128	0.16104928231396137
262	lucky_guessed	2029	0.23151755979966446	0.23180842918426048
262	lucky_guessed	2030	0.2087079480621335	0.20897016036458546
263	believes	2026	0.11613849829836975	0.11409467434686409
263	believes	2027	0.07671985649295365	0.07536972813281645
263	believes	2028	0.10974449098215475	0.10781318979864121
263	believes	2029	0.10071687576124472	0.09894444400073743
263	believes	2030	0.1422531708598837	0.13974977670513825
263	justified	2026	0.07682946186935373	0.07314959596130959
263	justified	2027	0.12046152060057205	0.11469182975407112
263	justified	2028	0.0860941384411353	0.08197052651904867
263	justified	2029	0.09560498529710482	0.09102583665446397
263	justified	2030	0.09341727217652852	0.08894290743752453
263	knows	2026	0.0874953685411986	0.0805776574420162
263	knows	2027	0.14336169856534506	0.132026986455456
263	knows	2028	0.09942831463282926	0.09156714018238214
263	knows	2029	0.11152526058812057	0.10270765634377271
263	knows	2030	0.10238162978978212	0.09428695519662726
263	true	2026	0.09364868018722114	0.0891391833681439
263	true	2027	0.13029611044215286	0.12402191742200176
263	true	2028	0.09911080383041546	0.0943382875096736
263	true	2029	0.11361966502213847	0.10814849856279661
263	true	2030	0.10262298977572515	0.09768134996796012
263	lucky_guessed	2026	0.19594410359292125	0.16890052067019148
263	lucky_guessed	2027	0.18516855622488207	0.1596121801302321
263	lucky_guessed	2028	0.14384553889801646	0.12399243442626853
263	lucky_guessed	2029	0.20469384994813547	0.1764426548198265
263	lucky_guessed	2030	0.2065574178725469	0.17804901901740025
264	believes	2026	0.1107183004235753	0.11204214972333405
264	believes	2027	0.08252711084044044	0.08351388048447632
264	believes	2028	0.11214989484343328	0.1134908615958897
264	believes	2029	0.10522360182409282	0.10648175148011173
264	believes	2030	0.11738210393200227	0.11878563176344559
264	justified	2026	0.09993355189295483	0.09578815216041758
264	justified	2027	0.08543890987153012	0.08189477051672066
264	justified	2028	0.09111494014545436	0.08733535019438668
264	justified	2029	0.12379594286178758	0.11866069390177708
264	justified	2030	0.10064679821439071	0.09647181191103607
264	knows	2026	0.10190665809012356	0.09433828626832516
264	knows	2027	0.10246797275040963	0.0948579133869168
264	knows	2028	0.1063604715182574	0.09846132527326847
264	knows	2029	0.12382330952982301	0.11462723869116836
264	knows	2030	0.12895888203725733	0.11938140410526348
264	true	2026	0.10536300418247697	0.10213317297386541
264	true	2027	0.10367398582673511	0.10049593032668104
264	true	2028	0.11452198025819109	0.1110113868693646
264	true	2029	0.09559630564570219	0.09266586593588032
264	true	2030	0.1277745260128489	0.12385768485039385
264	lucky_guessed	2026	0.19383117044392223	0.17474625992501902
264	lucky_guessed	2027	0.20177976018514376	0.18191221948547415
264	lucky_guessed	2028	0.27484993134891267	0.2477877909619604
264	lucky_guessed	2029	0.16443606263454702	0.1482454389372659
264	lucky_guessed	2030	0.17572637728648968	0.15842409211407488
265	believes	2026	0.06522829583275873	0.07021369585989905
265	believes	2027	0.08901736734069653	0.09582096660525666
265	believes	2028	0.06483487417695034	0.06979020497863406
265	believes	2029	0.05969890072140273	0.06426168896348426
265	believes	2030	0.09090093076409221	0.09784849082085505
265	justified	2026	0.1073224533710245	0.10154197300793744
265	justified	2027	0.07740241801433287	0.0732334566895249
265	justified	2028	0.13221631391055969	0.12509502864141311
265	justified	2029	0.1021191319437368	0.09661890698283743
265	justified	2030	0.09708750240556793	0.09185828537288991
265	knows	2026	0.10466223318284545	0.09523163656467942
265	knows	2027	0.10535076160768293	0.09585812509568585
265	knows	2028	0.14734419755308548	0.13406774004884917
265	knows	2029	0.10747055694759114	0.09778691615300038
265	knows	2030	0.09765930507231735	0.08885970769951454
265	true	2026	0.09745003111283028	0.09276255350355425
265	true	2027	0.08645684073823663	0.08229815037660912
265	true	2028	0.13484523007909302	0.1283589930867048
265	true	2029	0.0978537331699445	0.09314683694856613
265	true	2030	0.09025841173105435	0.08591686068990306
265	lucky_guessed	2026	0.1498292093175765	0.13700932713207364
265	lucky_guessed	2027	0.14694220711594994	0.1343693463774848
265	lucky_guessed	2028	0.15484506325134062	0.14159600803086397
265	lucky_guessed	2029	0.18034455258808432	0.16491367680954386
265	lucky_guessed	2030	0.18164724376982894	0.16610490542968165
266	believes	2026	0.1089288988581824	0.10345898799035834
266	believes	2027	0.11057831384240488	0.10502557690140536
266	believes	2028	0.11605756524365811	0.11022968536904391
266	believes	2029	0.09647207815002892	0.09162769181870802
266	believes	2030	0.10377193392038059	0.09856098223468317
266	justified	2026	0.08089049142437149	0.07831225133504703
266	justified	2027	0.08889401450540389	0.08606067639775866
266	justified	2028	0.09243860079752934	0.08949228532607402
266	justified	2029	0.10133736523485411	0.09810741752413593
266	justified	2030	0.08468332317940223	0.08198419334505716
266	knows	2026	0.09077324135474331	0.08501878052618866
266	knows	2027	0.11684955744597673	0.10944201981570702
266	knows	2028	0.09043388897476105	0.084700940983564
266	knows	2029	0.11169484481775392	0.1046140840157528
266	knows	2030	0.10875044842152062	0.10185634409970012
266	true	2026	0.09581209717001912	0.09307005526306962
266	true	2027	0.11275180281513977	0.10952496426828491
266	true	2028	0.10086674307689472	0.09798004249624089
266	true	2029	0.12168826392201487	0.11820567321464324
266	true	2030	0.11242670284599665	0.10920916831988312
266	lucky_guessed	2026	0.1568850218327358	0.13797021256861175
266	lucky_guessed	2027	0.14581654725400234	0.128236206271527
266	lucky_guessed	2028	0.17891182484412946	0.15734135876336464
266	lucky_guessed	2029	0.19792677920740964	0.17406377920118868
266	lucky_guessed	2030	0.21967693192624896	0.19319162938702375
267	believes	2026	0.10968052971188516	0.10598280844509107
267	believes	2027	0.10158694573130103	0.09816208800453731
267	believes	2028	0.1393707981875265	0.13467211223312928
267	believes	2029	0.07849030650927422	0.0758441187457857
267	believes	2030	0.09560270508693496	0.09237959742423832
267	justified	2026	0.12109443859984025	0.11181876608130727
267	justified	2027	0.12422354553319295	0.11470818759619775
267	justified	2028	0.09105397387156289	0.08407936089255864
267	justified	2029	0.10845639742861414	0.10014878201109642
267	justified	2030	0.11402303832896944	0.1052890256415441
267	knows	2026	0.1355931473370103	0.12092641198389714
267	knows	2027	0.1295705569897882	0.11555526856078377
267	knows	2028	0.11099621159213197	0.09899005868107258
267	knows	2029	0.12458313731940869	0.11110732426830487
267	knows	2030	0.1348211652642913	0.12023793307472501
267	true	2026	0.13471312028413338	0.12490948047763054
267	true	2027	0.13026572148848484	0.12078573757961432
267	true	2028	0.116723655524397	0.10822918465737275
267	true	2029	0.1173137997788163	0.10877638163470424
267	true	2030	0.14141981557196803	0.13112810136888653
267	lucky_guessed	2026	0.18211255911020272	0.16518761861527217
267	lucky_guessed	2027	0.16826549818857667	0.1526274578573321
267	lucky_guessed	2028	0.1738402005960055	0.15768406581271616
267	lucky_guessed	2029	0.16786493412565565	0.15226412089704736
267	lucky_guessed	2030	0.16916356763238735	0.15344206368956612
268	believes	2026	0.12012205631362598	0.11421805988271343
268	believes	2027	0.08179062435895795	0.07777061696717123
268	believes	2028	0.09721429161295106	0.0924362113142087
268	believes	2029	0.08027503681833936	0.07632952052090408
268	believes	2030	0.1012037027561064	0.09622954298725296
268	justified	2026	0.07636765741442884	0.07381698992803296
268	justified	2027	0.07932131892331977	0.07667199961714023
268	justified	2028	0.07954698032735942	0.07689012396654571
268	justified	2029	0.07932497326297692	0.07667553190244006
268	justified	2030	0.09789412869236505	0.09462448052429787
268	knows	2026	0.09165031452680332	0.08572961643744689
268	knows	2027	0.09658125810522472	0.09034201633847648
268	knows	2028	0.1011338135321779	0.09460047232499438
268	knows	2029	0.09612057230819611	0.08991109128512173
268	knows	2030	0.12247593062198905	0.11456386821205927
268	true	2026	0.0825657875753895	0.07953175483427355
268	true	2027	0.08640921561315906	0.08323394899240417
268	true	2028	0.07184762195703198	0.0692074480570384
268	true	2029	0.09292908245026442	0.08951423125056475
268	true	2030	0.10180283828409716	0.09806190449586852
268	lucky_guessed	2026	0.1632432667364721	0.1460199359154421
268	lucky_guessed	2027	0.13982760632440125	0.12507479495408186
268	lucky_guessed	2028	0.20897836023280691	0.18692965032468883
268	lucky_guessed	2029	0.18858199215874868	0.16868524479040325
268	lucky_guessed	2030	0.2085708910282547	0.1865651720321031
269	believes	2026	0.09431956969108335	0.08983643379244476
269	believes	2027	0.10619349668761162	0.1011459770820679
269	believes	2028	0.11669179359690679	0.1111452758311427
269	believes	2029	0.13322989235616842	0.1268972965316758
269	believes	2030	0.11598615233607129	0.11047317464770973
269	justified	2026	0.08235427849419912	0.0794265648474749
269	justified	2027	0.10551750027101287	0.1017663287331136
269	justified	2028	0.09000120789161264	0.08680164413628817
269	justified	2029	0.08421524844403738	0.08122137688520581
269	justified	2030	0.07957635775235132	0.07674739983045566
269	knows	2026	0.10238699682554954	0.09585890957279566
269	knows	2027	0.11420351756682681	0.10692202137724802
269	knows	2028	0.13160795034198627	0.12321676582026003
269	knows	2029	0.09558404107384882	0.08948970312618877
269	knows	2030	0.1118342046274879	0.10470377333947503
269	true	2026	0.09407449928514806	0.09071286966673692
269	true	2027	0.10544257957485949	0.10167472642406966
269	true	2028	0.1069143655118918	0.10309392000891848
269	true	2029	0.09705992925417456	0.09359161918692943
269	true	2030	0.09083926871131198	0.08759324584076597
269	lucky_guessed	2026	0.20343268570713471	0.18696556517377005
269	lucky_guessed	2027	0.14704109385903988	0.13513866329574092
269	lucky_guessed	2028	0.20072938382523264	0.18448108554146186
269	lucky_guessed	2029	0.2911277966472733	0.26756208250778096
269	lucky_guessed	2030	0.15507322386954964	0.14252062220634623
270	believes	2026	0.07665504804590001	0.07650420723045469
270	believes	2027	0.10844269693880078	0.1082293047976134
270	believes	2028	0.0772424062183116	0.07709040960702579
270	believes	2029	0.06126514972712341	0.06114459295521082
270	believes	2030	0.0645928011630897	0.06446569628157553
270	justified	2026	0.09572257300621417	0.09242123056900055
270	justified	2027	0.07606314547808113	0.07343983018067013
270	justified	2028	0.09422030123185214	0.09097077012194797
270	justified	2029	0.11549445245994543	0.11151120456768476
270	justified	2030	0.08748392611591058	0.08446672349807278
270	knows	2026	0.11189443107834987	0.10494524285575223
270	knows	2027	0.09306904163734858	0.08728900163176646
270	knows	2028	0.10655123375247563	0.09993388406348636
270	knows	2029	0.12552536569845696	0.11772963015967769
270	knows	2030	0.12328018597039946	0.115623887009236
270	true	2026	0.10098421669728239	0.09793655585131973
270	true	2027	0.09004843124893394	0.08733080777139182
270	true	2028	0.10067009231446941	0.09763191160920172
270	true	2029	0.10155767778240955	0.09849271012402624
270	true	2030	0.10959830377292702	0.10629067343110886
270	lucky_guessed	2026	0.17939203243987895	0.15698203162269952
270	lucky_guessed	2027	0.17804288358627404	0.15580142106201972
270	lucky_guessed	2028	0.1557270264032533	0.13627330406403287
270	lucky_guessed	2029	0.18119405343050987	0.15855894065421292
270	lucky_guessed	2030	0.16963804110079297	0.14844652781010353
271	believes	2026	0.11154732268407772	0.10852803377049425
271	believes	2027	0.13773045112888815	0.1340024546682823
271	believes	2028	0.1317180438433023	0.12815278723359122
271	believes	2029	0.10685219753146864	0.1039599931500824
271	believes	2030	0.14377783859995263	0.13988615546800245
271	justified	2026	0.10801505546864335	0.1093045318413735
271	justified	2027	0.06476488314397337	0.06553804190628153
271	justified	2028	0.07729341050529594	0.0782161339736299
271	justified	2029	0.08565531715820408	0.08667786449843366
271	justified	2030	0.08240562442821446	0.08338937715804667
271	knows	2026	0.09208987843016213	0.09075420928196987
271	knows	2027	0.06903945272086978	0.06803810633428208
271	knows	2028	0.0911075584172355	0.08978613681239202
271	knows	2029	0.09989466451057524	0.09844579495259251
271	knows	2030	0.09755914002199009	0.09614414484909102
271	true	2026	0.10304355512235673	0.10489312026109375
271	true	2027	0.08730648865698144	0.08887358363554414
271	true	2028	0.09610708376484119	0.0978321437310473
271	true	2029	0.09387757798166214	0.09556261976169171
271	true	2030	0.11768346981141303	0.11979581194586618
271	lucky_guessed	2026	0.21230620973952147	0.18956071216583845
271	lucky_guessed	2027	0.18941415801717415	0.1691212081459164
271	lucky_guessed	2028	0.17365241549234633	0.1550481052364599
271	lucky_guessed	2029	0.1812487461908488	0.1618306004768113
271	lucky_guessed	2030	0.16714336710208086	0.1492364059465783
272	believes	2026	0.11010445133014064	0.1018959211489822
272	believes	2027	0.11545137404241707	0.10684421895618154
272	believes	2028	0.1085050923801101	0.10041579794331286
272	believes	2029	0.10501320065380475	0.09718423446240033
272	believes	2030	0.12603757093457169	0.1166411914741791
272	justified	2026	0.07980903393230487	0.07686733804935597
272	justified	2027	0.07820383841397283	0.07532130872831946
272	justified	2028	0.09200165369690347	0.08861054779610743
272	justified	2029	0.07055711402672209	0.0679564363638247
272	justified	2030	0.08614251566930123	0.08296737281634818
272	knows	2026	0.10409394852138973	0.09792034354719742
272	knows	2027	0.08407424074009578	0.07908796480179911
272	knows	2028	0.10452856705181686	0.09832918571733239
272	knows	2029	0.08879792725915955	0.08353149887199479
272	knows	2030	0.1010230208084551	0.09503154644678405
272	true	2026	0.09221180113550165	0.08930671189239406
272	true	2027	0.09889142542502087	0.0957758977734609
272	true	2028	0.10995909343823197	0.10649488413317933
272	true	2029	0.09953593076938173	0.09640009828134778
272	true	2030	0.09784911307223686	0.09476642297906686
272	lucky_guessed	2026	0.15747041891479005	0.1418378231133892
272	lucky_guessed	2027	0.2609955191314824	0.23508565310917232
272	lucky_guessed	2028	0.18077578219812665	0.16282958790169447
272	lucky_guessed	2029	0.18107368864287915	0.16309792021392389
272	lucky_guessed	2030	0.1257016174966674	0.11322281296023558
273	believes	2026	0.09523096378827985	0.09150013969749407
273	believes	2027	0.13407580094277044	0.1288231687289374
273	believes	2028	0.08373564711793981	0.08045517029508953
273	believes	2029	0.07580605824985974	0.0728362356512472
273	believes	2030	0.11037269979729808	0.10604867417592236
273	justified	2026	0.08287225838331862	0.07919212192832696
273	justified	2027	0.11618490506346514	0.11102544262108685
273	justified	2028	0.09957395809313038	0.095152143600621
273	justified	2029	0.10555863317020499	0.10087105518395141
273	justified	2030	0.09402634545701194	0.0898508856783553
273	knows	2026	0.09965136653221673	0.09156774591620247
273	knows	2027	0.11363050253267266	0.10441290818504058
273	knows	2028	0.11417745047245265	0.10491548824713107
273	knows	2029	0.10873966023126447	0.0999188061896929
273	knows	2030	0.12083860320371341	0.11103629483544727
273	true	2026	0.10518669755157965	0.10108390444105218
273	true	2027	0.12079581194267852	0.1160841874069242
273	true	2028	0.11712006234733827	0.11255180993436009
273	true	2029	0.12302014417812174	0.1182217598601561
273	true	2030	0.12075899032578703	0.11604880201228908
273	lucky_guessed	2026	0.1964780809544717	0.18638510214528498
273	lucky_guessed	2027	0.1692963947421641	0.16059972529026567
273	lucky_guessed	2028	0.155549218848746	0.14755873481103934
273	lucky_guessed	2029	0.1683630615919536	0.1597143369879549
273	lucky_guessed	2030	0.1564990926232396	0.14845981405420003
274	believes	2026	0.10942638840866373	0.10609891030156995
274	believes	2027	0.08219128508627728	0.07969198207814807
274	believes	2028	0.08850692346426432	0.08581557218751648
274	believes	2029	0.09112480855782357	0.08835385166251893
274	believes	2030	0.10605011652872325	0.1028253053461938
274	justified	2026	0.10603206030847709	0.10126936128898761
274	justified	2027	0.11462155176777061	0.10947303394562773
274	justified	2028	0.1030090920618026	0.09838217733116406
274	justified	2029	0.11574711627258974	0.11054804086486493
274	justified	2030	0.08812197244160097	0.08416375046117287
274	knows	2026	0.11534883207465996	0.1057335155356605
274	knows	2027	0.1234239523320685	0.1131355051165901
274	knows	2028	0.1066375404536671	0.09774838494198662
274	knows	2029	0.139386495611901	0.1277674332211972
274	knows	2030	0.11567647653828551	0.10603384801724558
274	true	2026	0.11752250240471314	0.1127921538537598
274	true	2027	0.11697197497634666	0.11226378547212691
274	true	2028	0.1056267408113714	0.1013752035302953
274	true	2029	0.13138178517811458	0.12609359249652277
274	true	2030	0.10137298992784763	0.09729266857492373
274	lucky_guessed	2026	0.1811484622557937	0.16138310157655797
274	lucky_guessed	2027	0.17940396723772836	0.15982895083636178
274	lucky_guessed	2028	0.21347475898546533	0.19018223110685403
274	lucky_guessed	2029	0.1633705181761223	0.14554493370306718
274	lucky_guessed	2030	0.16075675767662537	0.14321636424719467
275	believes	2026	0.1318349527586603	0.1278279417599116
275	believes	2027	0.12107712242627207	0.11739708650934
275	believes	2028	0.128923719217723	0.12500519268060126
275	believes	2029	0.10184365226079774	0.09874820127285823
275	believes	2030	0.09405001586670318	0.09119144581282487
275	justified	2026	0.10973506024027381	0.10292927101439288
275	justified	2027	0.10393050584855495	0.09748471618574622
275	justified	2028	0.09405534449928177	0.08822201421424673
275	justified	2029	0.09678689452282681	0.09078415298782762
275	justified	2030	0.10071158765838081	0.09446543591156457
275	knows	2026	0.1413979055256045	0.1277955028863707
275	knows	2027	0.11380749000762959	0.10285927053655666
275	knows	2028	0.11310819047207732	0.10222724324108923
275	knows	2029	0.10803542161136816	0.09764247202279662
275	knows	2030	0.12020954244511337	0.10864544896481493
275	true	2026	0.13053965161890002	0.1227017604290601
275	true	2027	0.13549197243534578	0.12735673288265134
275	true	2028	0.11809367958579346	0.11100307225444023
275	true	2029	0.11701353659311137	0.10998778345081961
275	true	2030	0.1178725609337234	0.11079523005832419
275	lucky_guessed	2026	0.1533798906055531	0.1395101291443577
275	lucky_guessed	2027	0.15847553020282693	0.14414498274532275
275	lucky_guessed	2028	0.18603558018879507	0.16921284605900389
275	lucky_guessed	2029	0.23470557470616799	0.21348173420181527
275	lucky_guessed	2030	0.14300382950410914	0.13007234940310794
276	believes	2026	0.16280497711819625	0.15438707401232277
276	believes	2027	0.10605309694759485	0.10056957482201188
276	believes	2028	0.11560429288188771	0.10962692196038176
276	believes	2029	0.10554938840571033	0.10009191075231881
276	believes	2030	0.1237929575078674	0.11739218807233476
276	justified	2026	0.08454041483025228	0.08348994675255675
276	justified	2027	0.0933406679744477	0.09218085119031186
276	justified	2028	0.08584876394725895	0.08478203880500257
276	justified	2029	0.1052983147572903	0.10398991665550943
276	justified	2030	0.09403287773313815	0.09286445980532404
276	knows	2026	0.10084167780037308	0.09658491959675654
276	knows	2027	0.09867131060575482	0.094506168572774
276	knows	2028	0.10129258406485592	0.09701679207498884
276	knows	2029	0.11221271260061295	0.10747595697206908
276	knows	2030	0.10740356599774704	0.10286981546293703
276	true	2026	0.10601391618372812	0.10490747639908536
276	true	2027	0.11509997063969996	0.11389870205807082
276	true	2028	0.1044498720098028	0.10335975574910165
276	true	2029	0.12513484886062234	0.12382884885412601
276	true	2030	0.10322112807225353	0.10214383589377277
276	lucky_guessed	2026	0.17194242938883164	0.15925436269712093
276	lucky_guessed	2027	0.1923970768419249	0.1781996099866666
276	lucky_guessed	2028	0.14167161867612116	0.13121731165908893
276	lucky_guessed	2029	0.19938887603277042	0.18467546663358142
276	lucky_guessed	2030	0.15058669798226548	0.13947452471779034
277	believes	2026	0.08294622840346987	0.07936735646860724
277	believes	2027	0.11330842896715757	0.10841952245242843
277	believes	2028	0.08573233660367584	0.08203325276000036
277	believes	2029	0.1222894160375909	0.11701300784626482
277	believes	2030	0.12595421592709186	0.12051968301178648
277	justified	2026	0.10501157802963765	0.09954529339635337
277	justified	2027	0.0926488195354693	0.08782606733974734
277	justified	2028	0.08039940757354008	0.07621428766209218
277	justified	2029	0.09158003627308847	0.08681291864293618
277	justified	2030	0.10683344071429791	0.10127232063349469
277	knows	2026	0.11663417588985381	0.1069025378131852
277	knows	2027	0.10223526672949246	0.09370503442929023
277	knows	2028	0.10166999425991616	0.09318692675550945
277	knows	2029	0.10280989713098986	0.09423171923463146
277	knows	2030	0.13190420665923638	0.12089847879084532
277	true	2026	0.10555010495054622	0.10017043229574737
277	true	2027	0.10721361294116658	0.10174915469139012
277	true	2028	0.09744759707192185	0.09248089264761743
277	true	2029	0.09999390426222017	0.0948974197759368
277	true	2030	0.13858090477152146	0.1315177199056614
277	lucky_guessed	2026	0.1691978988279982	0.1558931751221322
277	lucky_guessed	2027	0.1610746912529104	0.14840872862587912
277	lucky_guessed	2028	0.16668328311003971	0.15357629393625485
277	lucky_guessed	2029	0.17516346261866492	0.16138964220099386
277	lucky_guessed	2030	0.1656856494991194	0.1526571083417988
278	believes	2026	0.10648525357493666	0.10585312859046381
278	believes	2027	0.09395702409564906	0.09339927003671937
278	believes	2028	0.09747079688701336	0.09689218413172325
278	believes	2029	0.10819741615331675	0.10755512731322127
278	believes	2030	0.09588590677247237	0.09531670234937298
278	justified	2026	0.08863804036247817	0.08495059917379542
278	justified	2027	0.09642705650131124	0.09241558356720414
278	justified	2028	0.1057092266375515	0.10131160508891318
278	justified	2029	0.10157300720992199	0.09734745699567349
278	justified	2030	0.0891311289374125	0.08542317471489635
278	knows	2026	0.10483821816484214	0.0981068617545078
278	knows	2027	0.10205533534128519	0.0955026597256216
278	knows	2028	0.11900488287910699	0.11136392621986835
278	knows	2029	0.12271112121804943	0.11483219779785497
278	knows	2030	0.10527710784313689	0.09851757160581641
278	true	2026	0.11622076261984046	0.11230128542061946
278	true	2027	0.11906130154729369	0.11504602883521692
278	true	2028	0.11410600074315727	0.11025784265052785
278	true	2029	0.1188903026840933	0.11488079680859804
278	true	2030	0.10885130427803531	0.10518035774829369
278	lucky_guessed	2026	0.1709548595417167	0.14576891488490595
278	lucky_guessed	2027	0.16356926736464528	0.1394714059382741
278	lucky_guessed	2028	0.20734206471983166	0.17679537080857582
278	lucky_guessed	2029	0.19293705444353776	0.16451258035435723
278	lucky_guessed	2030	0.24658854258222024	0.21025985673422357
279	believes	2026	0.07746296134452609	0.07211561588357453
279	believes	2027	0.07965256369270961	0.0741540677983816
279	believes	2028	0.12391730780703082	0.11536317248953191
279	believes	2029	0.12840537976383076	0.11954142836403829
279	believes	2030	0.10678115180787587	0.09940994242568546
279	justified	2026	0.09945464096916652	0.09788523458010735
279	justified	2027	0.08203759845726188	0.08074303512761483
279	justified	2028	0.07339397727238244	0.07223581134138833
279	justified	2029	0.13509499106258505	0.13296317559336787
279	justified	2030	0.0860875932261691	0.08472912048411012
279	knows	2026	0.12247010405051281	0.11764168419966149
279	knows	2027	0.1350191730297863	0.12969600244577453
279	knows	2028	0.10152344712396376	0.09752085537946735
279	knows	2029	0.12133034690887058	0.11654686231834685
279	knows	2030	0.09421442946634905	0.09049999789140467
279	true	2026	0.11475611240603656	0.11328356712305987
279	true	2027	0.10883177054374936	0.10743524614960502
279	true	2028	0.08867159995000774	0.0875337699599295
279	true	2029	0.15638368796332797	0.15437697949946766
279	true	2030	0.09869436094760009	0.09742791933832386
279	lucky_guessed	2026	0.15495875356438424	0.1308087586611022
279	lucky_guessed	2027	0.14245766715457855	0.12025594020091486
279	lucky_guessed	2028	0.18801237280930502	0.15871104106355027
279	lucky_guessed	2029	0.23663701591311256	0.1997576360989539
279	lucky_guessed	2030	0.18710950145667474	0.15794888030688692
280	believes	2026	0.09773981655844717	0.09426245641060806
280	believes	2027	0.10954057944278606	0.10564337501844821
280	believes	2028	0.11556401429650802	0.11145250977369485
280	believes	2029	0.08958355045779498	0.08639637168835673
280	believes	2030	0.11062801211061994	0.10669211930773043
280	justified	2026	0.0833804283391954	0.08026787624085004
280	justified	2027	0.07240488764391897	0.06970204730769823
280	justified	2028	0.07712241655770583	0.07424347309018574
280	justified	2029	0.08064207216093763	0.07763174160832455
280	justified	2030	0.07282506431099862	0.07010653897779663
280	knows	2026	0.09283642095974007	0.08732684630676865
280	knows	2027	0.08121881414016084	0.0763987110480233
280	knows	2028	0.08733242239044227	0.0821494942270048
280	knows	2029	0.0811014804141116	0.0762883407412474
280	knows	2030	0.08885233840151222	0.08357920759300652
280	true	2026	0.10523878619940506	0.10179096055259744
280	true	2027	0.0946662963869001	0.09156484590121508
280	true	2028	0.11220005114134542	0.10852416102640938
280	true	2029	0.09796882974050955	0.09475918189140724
280	true	2030	0.08971630465414197	0.0867770254464053
280	lucky_guessed	2026	0.15557651008998966	0.13931405116374987
280	lucky_guessed	2027	0.17422724121762231	0.15601521581292108
280	lucky_guessed	2028	0.18967612966350905	0.16984922734929253
280	lucky_guessed	2029	0.20917018684235628	0.1873055649264248
280	lucky_guessed	2030	0.18285138217552907	0.16373787274845877
281	believes	2026	0.0925497225494201	0.08870739341615735
281	believes	2027	0.13242578422623985	0.12692794550007896
281	believes	2028	0.1160518423913901	0.1112337904004601
281	believes	2029	0.11490408987488686	0.11013368840964675
281	believes	2030	0.12176190983993537	0.11670679653854357
281	justified	2026	0.10085649290650357	0.09404065539940724
281	justified	2027	0.11423724957950904	0.10651714641160148
281	justified	2028	0.11071075098974813	0.10322896704814062
281	justified	2029	0.08679356661134709	0.08092809548860355
281	justified	2030	0.10981721769698641	0.10239581834297597
281	knows	2026	0.11283176260869981	0.1015195894423774
281	knows	2027	0.13738897286070412	0.12361476765278494
281	knows	2028	0.1275959512423706	0.1148035649284123
281	knows	2029	0.10860676012837983	0.09771817300361622
281	knows	2030	0.11210053762736479	0.10086167487843867
281	true	2026	0.10254546935177035	0.09601174922376904
281	true	2027	0.11378541891285715	0.10653554150214775
281	true	2028	0.11984380021338192	0.11220791093792053
281	true	2029	0.0872406559936692	0.08168208735432217
281	true	2030	0.10289417489201334	0.09633823686963375
281	lucky_guessed	2026	0.18374483382894358	0.1645199299619807
281	lucky_guessed	2027	0.16575845078931206	0.14841543104200394
281	lucky_guessed	2028	0.1590477674929501	0.1424068749214966
281	lucky_guessed	2029	0.21953112945089967	0.19656196742576024
281	lucky_guessed	2030	0.14451739903021865	0.1293967937562443
282	believes	2026	0.11149193122778249	0.10518534199017165
282	believes	2027	0.11445651551430139	0.10798223328626998
282	believes	2028	0.11842021812620843	0.11172172734821233
282	believes	2029	0.10331202212220461	0.09746813297563872
282	believes	2030	0.10682122210075591	0.10077883354195775
282	justified	2026	0.07264293471383122	0.07062778730135673
282	justified	2027	0.07030451700477766	0.06835423834263996
282	justified	2028	0.07361644711196935	0.07157429403132012
282	justified	2029	0.10504169341162775	0.10212778998090527
282	justified	2030	0.09240049048824267	0.0898372596654204
282	knows	2026	0.0928034922936812	0.08761464029126416
282	knows	2027	0.08785630445056195	0.08294406084845023
282	knows	2028	0.09511948439349774	0.0898011400632846
282	knows	2029	0.12901844702531923	0.12180473544345834
282	knows	2030	0.10029078491808648	0.09468330154343739
282	true	2026	0.0816273478798691	0.07961078618515201
282	true	2027	0.06907005455434022	0.06736371434013545
282	true	2028	0.0780015162590331	0.07607452887179972
282	true	2029	0.10480805940825248	0.10221883014392111
282	true	2030	0.09005767730484375	0.08783284865262034
282	lucky_guessed	2026	0.15600662219529907	0.14013041044934066
282	lucky_guessed	2027	0.17387529140151955	0.15618065187381414
282	lucky_guessed	2028	0.18758617160038712	0.16849622696192693
282	lucky_guessed	2029	0.18555562018909996	0.1666723171900331
282	lucky_guessed	2030	0.2039853837258048	0.18322655246890293
283	believes	2026	0.13336040605853322	0.13122615156411058
283	believes	2027	0.12596012710057072	0.12394430414885858
283	believes	2028	0.12331197015252716	0.12133852740222068
283	believes	2029	0.1281353306297095	0.12608469646194337
283	believes	2030	0.09548227600230667	0.09395421019388236
283	justified	2026	0.08491695735899255	0.0792940339000769
283	justified	2027	0.1103328788353765	0.10302699610019583
283	justified	2028	0.12979537285941944	0.12120074736165785
283	justified	2029	0.09181691997609058	0.08573710353758664
283	justified	2030	0.10679532645483794	0.0997236888797091
283	knows	2026	0.10204327897090668	0.09170133272244434
283	knows	2027	0.13366468356977404	0.12011795137205185
283	knows	2028	0.14584280631779237	0.13106183809651892
283	knows	2029	0.11551635920861811	0.10380893477261774
283	knows	2030	0.1234185108595173	0.11091021420101517
283	true	2026	0.10667574808140769	0.10012556011416891
283	true	2027	0.1176142560468698	0.11039241323264333
283	true	2028	0.13875735374096396	0.13023726585607415
283	true	2029	0.10009664765188715	0.09395043477030526
283	true	2030	0.12392572234651261	0.11631633792742198
283	lucky_guessed	2026	0.15489614733075743	0.14521668421625922
283	lucky_guessed	2027	0.16182203183465793	0.15170977006928282
283	lucky_guessed	2028	0.14034677417306435	0.13157650165656234
283	lucky_guessed	2029	0.150591091932985	0.14118065180999884
283	lucky_guessed	2030	0.13827567610955538	0.12963482654938707
284	believes	2026	0.09107790138424189	0.08869938506400503
284	believes	2027	0.10859249127519084	0.1057565781851039
284	believes	2028	0.10823055925627764	0.10540409808812475
284	believes	2029	0.12542246365864365	0.1221470327121417
284	believes	2030	0.09587617807466824	0.09337235386696653
284	justified	2026	0.09218694263122068	0.08573477983662037
284	justified	2027	0.09673291029887118	0.08996257529231233
284	justified	2028	0.0857675495815822	0.07976468001459745
284	justified	2029	0.08928135225741508	0.08303255169146806
284	justified	2030	0.11464159873751745	0.10661783488359829
284	knows	2026	0.12440655070216054	0.11130724728247277
284	knows	2027	0.1212448549616184	0.10847846015158454
284	knows	2028	0.11245491769931139	0.10061405337452216
284	knows	2029	0.10950640346210506	0.09797600094509396
284	knows	2030	0.12929400816822675	0.11568008322790785
284	true	2026	0.102875987903731	0.09630576953133603
284	true	2027	0.11654652721950991	0.10910323408590702
284	true	2028	0.09936730634544139	0.093021171401132
284	true	2029	0.09833066872064422	0.09205073907561546
284	true	2030	0.12057465259620452	0.11287410153589249
284	lucky_guessed	2026	0.19666360713321154	0.17561939690771272
284	lucky_guessed	2027	0.17303525289108773	0.15451942125683987
284	lucky_guessed	2028	0.1775159149727026	0.15852062505855521
284	lucky_guessed	2029	0.19309010054348552	0.17242827740532135
284	lucky_guessed	2030	0.16837075065750268	0.15035404932515348
285	believes	2026	0.09833737029407047	0.09718462536241537
285	believes	2027	0.1081775169550662	0.10690942239430994
285	believes	2028	0.13049274804876726	0.12896306657079884
285	believes	2029	0.08159087051157096	0.08063443388762749
285	believes	2030	0.12893101071373048	0.12741963646517196
285	justified	2026	0.07799505601359763	0.07401410930942857
285	justified	2027	0.09328571203629199	0.08852431475218467
285	justified	2028	0.07269171548240276	0.06898145665369423
285	justified	2029	0.07904731637278115	0.07501266123345063
285	justified	2030	0.0965152903947895	0.09158905215820086
285	knows	2026	0.10507891123613643	0.09711898575517408
285	knows	2027	0.10278002015151953	0.09499424000102484
285	knows	2028	0.09913893418863658	0.09162897315915652
285	knows	2029	0.10119105156109058	0.09352563877472837
285	knows	2030	0.11123707950604036	0.10281066117745509
285	true	2026	0.08756604985558905	0.08388574211242095
285	true	2027	0.10006503572356432	0.09585940892640761
285	true	2028	0.10169984654792756	0.09742551039428575
285	true	2029	0.0953171597469676	0.09131108111658427
285	true	2030	0.09623251862400467	0.09218796843565462
285	lucky_guessed	2026	0.2124757759053729	0.1930908432976215
285	lucky_guessed	2027	0.1589733274888978	0.144469616528573
285	lucky_guessed	2028	0.1667089319087885	0.1514994738122509
285	lucky_guessed	2029	0.17441370545489568	0.1585013130341376
285	lucky_guessed	2030	0.15901339293099526	0.1445060266556509
286	believes	2026	0.08719858553429463	0.08218290932907685
286	believes	2027	0.13595832946136224	0.1281379852000173
286	believes	2028	0.0950930762955482	0.08962330775361516
286	believes	2029	0.1562413771707245	0.14725434884974958
286	believes	2030	0.10276361567467177	0.09685263651436322
286	justified	2026	0.1003298800007617	0.09714545496167167
286	justified	2027	0.09279707678465457	0.08985173951458936
286	justified	2028	0.09940824635112468	0.09625307354746789
286	justified	2029	0.08923623930841743	0.08640392141024195
286	justified	2030	0.09412848948044533	0.09114089377325443
286	knows	2026	0.10921063626631465	0.10212604495170895
286	knows	2027	0.10246003302514198	0.09581335935963903
286	knows	2028	0.10913286148605508	0.10205331549076588
286	knows	2029	0.09427839219008116	0.08816246885788777
286	knows	2030	0.10050709422429999	0.09398710943947222
286	true	2026	0.09947506006530596	0.09697082063091204
286	true	2027	0.11513455644366712	0.11223609630382506
286	true	2028	0.10261427208517176	0.10003100441467616
286	true	2029	0.08806060894250689	0.08584372312825565
286	true	2030	0.1098515561036888	0.10708609309674222
286	lucky_guessed	2026	0.16431848171766378	0.14491077986876785
286	lucky_guessed	2027	0.2400435389418253	0.211691929397736
286	lucky_guessed	2028	0.1636422892907077	0.1443144527185455
286	lucky_guessed	2029	0.15804289790292622	0.13937640701417933
286	lucky_guessed	2030	0.23422661792373264	0.20656204654855542
287	believes	2026	0.11804747831504235	0.11322221355728473
287	believes	2027	0.08991821820521577	0.08624275460718735
287	believes	2028	0.12542878422786216	0.12030180395872102
287	believes	2029	0.07689469600413618	0.0737515770490914
287	believes	2030	0.10737685459107764	0.10298775827447154
287	justified	2026	0.09390476979888299	0.08934330551171746
287	justified	2027	0.08574477963674633	0.08157969035574848
287	justified	2028	0.0872912533313134	0.08305104343030963
287	justified	2029	0.10038926717119787	0.09551281565550941
287	justified	2030	0.11905132783007695	0.11326835874980994
287	knows	2026	0.11282194283359029	0.10262042978834872
287	knows	2027	0.1032278176971672	0.09389381845534651
287	knows	2028	0.09216024841078158	0.08382699379025066
287	knows	2029	0.12721617239601402	0.11571311359673543
287	knows	2030	0.14223896415961076	0.12937752415980341
287	true	2026	0.10331433878148692	0.0988298638775062
287	true	2027	0.11823796165651188	0.11310571014137677
287	true	2028	0.11474933240021555	0.1097685087559227
287	true	2029	0.12031720173749193	0.11509469847151103
287	true	2030	0.13559708975165488	0.1297113457860449
287	lucky_guessed	2026	0.16156097400561972	0.14751160349852419
287	lucky_guessed	2027	0.16293561862603193	0.14876670878274073
287	lucky_guessed	2028	0.21218229478400813	0.19373088538384817
287	lucky_guessed	2029	0.16099800233618697	0.14699758794375675
287	lucky_guessed	2030	0.12641811616276463	0.11542477470941376
288	believes	2026	0.11855491083915404	0.11069273772459617
288	believes	2027	0.13123027510343505	0.12252751337529319
288	believes	2028	0.10230307193926036	0.09551866751396604
288	believes	2029	0.11454226422215359	0.1069461966794957
288	believes	2030	0.15501464877565402	0.14473458534057554
288	justified	2026	0.08516388863249623	0.08100824848015692
288	justified	2027	0.09515314820889748	0.09051007413527534
288	justified	2028	0.09740441297004021	0.09265148662939299
288	justified	2029	0.09502984789288287	0.09039279035693008
288	justified	2030	0.07781674152157475	0.07401961129673586
288	knows	2026	0.1137425128428062	0.10465461751244375
288	knows	2027	0.12348613740875374	0.11361973773572694
288	knows	2028	0.12729161059909447	0.1171211580159292
288	knows	2029	0.10907395306254465	0.10035907026343507
288	knows	2030	0.10683026639418285	0.0982946515669738
288	true	2026	0.10384185311903954	0.09922652546152134
288	true	2027	0.1083498012375891	0.1035341145051385
288	true	2028	0.1042541543051515	0.09962050161769276
288	true	2029	0.1005163259423302	0.09604880378994779
288	true	2030	0.09941355427105183	0.0949950456179619
288	lucky_guessed	2026	0.15193555156062985	0.13514368465387544
288	lucky_guessed	2027	0.14661416727037946	0.1304104179953692
288	lucky_guessed	2028	0.19052761835418028	0.16947056898948565
288	lucky_guessed	2029	0.17017557804577893	0.1513678294446597
288	lucky_guessed	2030	0.2074001385459213	0.18447834383011516
289	believes	2026	0.11156148550979289	0.10374235008939652
289	believes	2027	0.10573009907066093	0.09831967459605266
289	believes	2028	0.0864023391168589	0.0803465611115147
289	believes	2029	0.10415781338968304	0.09685758747152944
289	believes	2030	0.11508960310845252	0.10702318853829451
289	justified	2026	0.0954312427785096	0.09036477048791278
289	justified	2027	0.093623734861859	0.08865322368953032
289	justified	2028	0.09303222285052441	0.08809311522202191
289	justified	2029	0.08357940258804654	0.07914214792229955
289	justified	2030	0.10093276186122428	0.09557421233075063
289	knows	2026	0.1006393205914096	0.0922765648257347
289	knows	2027	0.09569986978085362	0.08774756413052627
289	knows	2028	0.11638553491471051	0.10671432690744743
289	knows	2029	0.10402818498535363	0.09538382710747242
289	knows	2030	0.12401197598031123	0.1137070388936174
289	true	2026	0.1086168427029029	0.10340950430889294
289	true	2027	0.11819537241015485	0.11252881752391847
289	true	2028	0.10979764674406599	0.10453369791960772
289	true	2029	0.10167043489108789	0.09679612308115806
289	true	2030	0.10483507101779374	0.09980903935672863
289	lucky_guessed	2026	0.14272705239539596	0.1276087474348438
289	lucky_guessed	2027	0.2069105619061134	0.18499364481186858
289	lucky_guessed	2028	0.1769738324907475	0.15822795128092085
289	lucky_guessed	2029	0.23719959844383465	0.21207432747656227
289	lucky_guessed	2030	0.16021690483507042	0.14324599437009333
290	believes	2026	0.09928697817424499	0.09918431863325795
290	believes	2027	0.09023909744499899	0.09014579312158076
290	believes	2028	0.09017175577466785	0.0900785210803701
290	believes	2029	0.10725749638760207	0.10714659558722472
290	believes	2030	0.10541663999929658	0.1053076425851973
290	justified	2026	0.0799516986395795	0.07490959489824982
290	justified	2027	0.08869914844987026	0.08310539227130609
290	justified	2028	0.07634605259492572	0.07153133666049699
290	justified	2029	0.080226696646849	0.07516725032862723
290	justified	2030	0.0857525688318074	0.08034463684921606
290	knows	2026	0.10775772910529471	0.09771256037014203
290	knows	2027	0.11025410606473704	0.09997622522631014
290	knows	2028	0.09499025554436283	0.08613526989218734
290	knows	2029	0.09693396901317752	0.08789779051359195
290	knows	2030	0.10316061078900265	0.09354398513438845
290	true	2026	0.09761203223947916	0.09176198721508422
290	true	2027	0.10991424136417582	0.10332690529452908
290	true	2028	0.09580217376891158	0.09006059645385217
290	true	2029	0.10155672480964778	0.09547026805799501
290	true	2030	0.108222739421054	0.10173677776498198
290	lucky_guessed	2026	0.168421847968602	0.15464146946972535
290	lucky_guessed	2027	0.2254130134986022	0.20696958301705196
290	lucky_guessed	2028	0.15039257405153084	0.13808736175961495
290	lucky_guessed	2029	0.19324465562880302	0.1774332598415627
290	lucky_guessed	2030	0.1709184220001438	0.15693377228871325
291	believes	2026	0.07658566727789473	0.08183187458255575
291	believes	2027	0.07695229133057019	0.08222361280935246
291	believes	2028	0.08415948587388611	0.0899245085633931
291	believes	2029	0.08690407401167162	0.0928571041815403
291	believes	2030	0.07145716657724459	0.0763520656176571
291	justified	2026	0.08221210844373474	0.07900772884854979
291	justified	2027	0.12189170869116468	0.1171407381644872
291	justified	2028	0.12339541558303184	0.11858583510494147
291	justified	2029	0.10508576725877122	0.10098984155241594
291	justified	2030	0.13409909010682824	0.12887231273539912
291	knows	2026	0.10037825270255758	0.09228285595535225
291	knows	2027	0.12291919140915429	0.113005892507136
291	knows	2028	0.15244441479376808	0.14014993878502552
291	knows	2029	0.13484987775239868	0.12397438199185142
291	knows	2030	0.17598031717303306	0.16178769627300382
291	true	2026	0.09688505242891335	0.09440152741537149
291	true	2027	0.1117524731132919	0.1088878406922519
291	true	2028	0.12465097258185433	0.12145570354284031
291	true	2029	0.12005691616725164	0.11697940991757667
291	true	2030	0.13304649697084653	0.12963601934909308
291	lucky_guessed	2026	0.15963148874589053	0.1423609804869718
291	lucky_guessed	2027	0.24663811971246843	0.2199543763174609
291	lucky_guessed	2028	0.15311964238682269	0.13655364986730242
291	lucky_guessed	2029	0.1638941326765871	0.14616244957185134
291	lucky_guessed	2030	0.1266268872886298	0.11292714220762835
292	believes	2026	0.10260373287660515	0.09911927101299836
292	believes	2027	0.12509143723737817	0.12084328436518582
292	believes	2028	0.10862728528573723	0.10493826128716115
292	believes	2029	0.10229040624596301	0.09881658507411974
292	believes	2030	0.11221242692411758	0.10840165014945498
292	justified	2026	0.08899309783016758	0.08433231440962587
292	justified	2027	0.11058994787827567	0.10479808527188245
292	justified	2028	0.0953876330868101	0.09039195241431403
292	justified	2029	0.0990758439665328	0.09388700278452755
292	justified	2030	0.11573765294744622	0.10967619259667495
292	knows	2026	0.10638185275100177	0.09641386842833051
292	knows	2027	0.13912844523279286	0.12609210374169164
292	knows	2028	0.10165872252484287	0.09213329571391643
292	knows	2029	0.11071910253192477	0.10034471771234786
292	knows	2030	0.12764591098380534	0.1156854834612862
292	true	2026	0.10202324999062934	0.09692419102739863
292	true	2027	0.10418593193568908	0.09897878346582546
292	true	2028	0.09971742821853766	0.09473361280200514
292	true	2029	0.10498594506426971	0.09973881243281188
292	true	2030	0.09972217445934244	0.09473812182862866
292	lucky_guessed	2026	0.18734709772504032	0.16756327067868085
292	lucky_guessed	2027	0.1599097277099703	0.14302328306011736
292	lucky_guessed	2028	0.16867014593400134	0.15085860235759668
292	lucky_guessed	2029	0.15783201254653445	0.1411649743243452
292	lucky_guessed	2030	0.15639114326450043	0.13987626063488945
293	believes	2026	0.12417088386291274	0.1177070058577229
293	believes	2027	0.09118263697232125	0.08643600536880218
293	believes	2028	0.08725283539410117	0.08271077475920195
293	believes	2029	0.11989199835927426	0.11365086334369083
293	believes	2030	0.09735914401097182	0.09229098624323448
293	justified	2026	0.09795915167669379	0.09597329509687008
293	justified	2027	0.10147534309034709	0.09941820524955687
293	justified	2028	0.0755777861933195	0.07404565120203391
293	justified	2029	0.09869969422829865	0.09669882515323001
293	justified	2030	0.10690855048530451	0.10474126907476972
293	knows	2026	0.12875144889198814	0.11996122864026373
293	knows	2027	0.11449954519451998	0.10668234212889502
293	knows	2028	0.09254060308279942	0.08622259819566504
293	knows	2029	0.10728260730729323	0.09995812470514792
293	knows	2030	0.12224695093057979	0.11390081088299843
293	true	2026	0.09734896139808824	0.0934452764010094
293	true	2027	0.08910360420648326	0.08553055732512917
293	true	2028	0.0871523513163357	0.08365754950841003
293	true	2029	0.09504698002745271	0.09123560428576857
293	true	2030	0.10614599443187982	0.10188954916515218
293	lucky_guessed	2026	0.12689704873626645	0.11357385886510249
293	lucky_guessed	2027	0.16763258034308834	0.15003248074466624
293	lucky_guessed	2028	0.16572139590272061	0.14832195560592462
293	lucky_guessed	2029	0.15565738341177043	0.13931458509851946
293	lucky_guessed	2030	0.1637339139334402	0.1465431435774028
294	believes	2026	0.1100257251408018	0.10468919713562982
294	believes	2027	0.11401933948246104	0.10848911100634148
294	believes	2028	0.08769171597866202	0.08343844432293925
294	believes	2029	0.1619374253119859	0.15408304758207822
294	believes	2030	0.10351335948777171	0.09849269780970496
294	justified	2026	0.10200863097764191	0.09765710264399405
294	justified	2027	0.08876478813304528	0.08497822137992558
294	justified	2028	0.09990638447474467	0.09564453468235352
294	justified	2029	0.09698287736868279	0.09284573980783248
294	justified	2030	0.10573577853476743	0.10122525592736958
294	knows	2026	0.10205800947486889	0.09443325006437378
294	knows	2027	0.09092541621850007	0.08413237345260222
294	knows	2028	0.113043688740185	0.1045981886373141
294	knows	2029	0.1133238794820686	0.10485744631370972
294	knows	2030	0.11762955999358472	0.10884144920121874
294	true	2026	0.10048554928675676	0.09642279589474685
294	true	2027	0.09933530846864534	0.09531906071668596
294	true	2028	0.13135480874396083	0.12604397351870447
294	true	2029	0.11094851719336173	0.10646273323969618
294	true	2030	0.11339585307691534	0.10881112034670562
294	lucky_guessed	2026	0.3629643624918882	0.31576406723762107
294	lucky_guessed	2027	0.32948707229589524	0.2866402016332751
294	lucky_guessed	2028	0.36175491253614706	0.31471189551882395
294	lucky_guessed	2029	0.2627128087389308	0.22854933865491545
294	lucky_guessed	2030	0.26635079369933784	0.23171423594610085
295	believes	2026	0.09559434305760271	0.09228547557524969
295	believes	2027	0.17164054291655675	0.1656994402012236
295	believes	2028	0.10507835355741506	0.10144121001874545
295	believes	2029	0.13151266950176263	0.1269605382593354
295	believes	2030	0.10561633570642114	0.10196057065122666
295	justified	2026	0.12103275140258606	0.11426419569363529
295	justified	2027	0.10102486748460449	0.09537521947086608
295	justified	2028	0.09400124028401965	0.08874437696231828
295	justified	2029	0.08994384691148216	0.08491388657890478
295	justified	2030	0.0942284313201283	0.08895886271686755
295	knows	2026	0.13871168337447665	0.12638766313063665
295	knows	2027	0.11661333899398768	0.10625267494967751
295	knows	2028	0.11564353305909413	0.10536903268667852
295	knows	2029	0.10767248461582797	0.09810618242823463
295	knows	2030	0.1139256278694803	0.10380375702198111
295	true	2026	0.11904556366421752	0.11281285438931457
295	true	2027	0.09755292296847931	0.0924454751219176
295	true	2028	0.09406066828812383	0.08913605974667027
295	true	2029	0.09731703973269408	0.09222194170905915
295	true	2030	0.09042182967170538	0.08568773493434785
295	lucky_guessed	2026	0.19475035767014856	0.1758455300106778
295	lucky_guessed	2027	0.18840299637152044	0.17011432045050348
295	lucky_guessed	2028	0.14666037153148173	0.1324237401771374
295	lucky_guessed	2029	0.20478054337646845	0.18490206445166024
295	lucky_guessed	2030	0.15904791296106505	0.14360879685314987
296	believes	2026	0.07927355539611379	0.07724008484366639
296	believes	2027	0.09711837693654822	0.09462716333303121
296	believes	2028	0.09329759707316701	0.0909043914787616
296	believes	2029	0.11707656528714681	0.11407339800515091
296	believes	2030	0.09054726794242093	0.0882246118934341
296	justified	2026	0.11196603838899569	0.10567442181680668
296	justified	2027	0.09790270779361147	0.09240134052475754
296	justified	2028	0.08909490220509415	0.08408846479535348
296	justified	2029	0.11849885184749784	0.11184014219949834
296	justified	2030	0.10124920080671378	0.09555978677651245
296	knows	2026	0.12987288133712696	0.11869673977726918
296	knows	2027	0.11466361928229792	0.10479630265953
296	knows	2028	0.09465462575551943	0.08650917240261358
296	knows	2029	0.13478664122001038	0.12318764867327335
296	knows	2030	0.12738590528112348	0.11642377911979775
296	true	2026	0.10528695433575092	0.09979156731312536
296	true	2027	0.08947049436508434	0.08480063762220746
296	true	2028	0.093953078977079	0.08904925652154581
296	true	2029	0.12491879097668421	0.11839873246472243
296	true	2030	0.12350309110488111	0.11705692416621559
296	lucky_guessed	2026	0.17140953456886404	0.15443849623303066
296	lucky_guessed	2027	0.16663495617565444	0.15013664272733918
296	lucky_guessed	2028	0.17065848848046503	0.15376181025528857
296	lucky_guessed	2029	0.12626555817373641	0.11376416708337682
296	lucky_guessed	2030	0.1874410688661409	0.1688827688658637
297	believes	2026	0.11819584695959781	0.11173184055923974
297	believes	2027	0.14185868345904745	0.13410058144943035
297	believes	2028	0.15980791612984277	0.1510681894874651
297	believes	2029	0.1023513503357254	0.0967538627701803
297	believes	2030	0.08463109824353576	0.08000271260404249
297	justified	2026	0.08878436456930153	0.08463385746983781
297	justified	2027	0.08461999234864782	0.08066416205461578
297	justified	2028	0.09106700234101307	0.08680978608929094
297	justified	2029	0.08093183768538365	0.07714842189460402
297	justified	2030	0.09378166314028731	0.08939754144778535
297	knows	2026	0.09242229234777172	0.08507798021060403
297	knows	2027	0.10472403294106798	0.09640216635840278
297	knows	2028	0.11188985393321713	0.10299855734888762
297	knows	2029	0.10094135446543775	0.09292007739136252
297	knows	2030	0.1196808280255891	0.11017042381978165
297	true	2026	0.11235194603407403	0.10770368683745192
297	true	2027	0.10495555001248527	0.10061329678231774
297	true	2028	0.10822067889098688	0.10374333974665952
297	true	2029	0.09940758009457237	0.09529485917874234
297	true	2030	0.09851182678028789	0.0944361652455189
297	lucky_guessed	2026	0.1569583332376454	0.137846353681939
297	lucky_guessed	2027	0.2010233161582095	0.17654577852521852
297	lucky_guessed	2028	0.1494953723465995	0.13129211775651026
297	lucky_guessed	2029	0.16505743171273474	0.14495926810879944
297	lucky_guessed	2030	0.19333245181417144	0.16979138973540553
298	believes	2026	0.0798481209975207	0.08048761749047345
298	believes	2027	0.0875594213352009	0.08826067694609464
298	believes	2028	0.08626589244213266	0.08695678829527236
298	believes	2029	0.10388446366527751	0.10471646508693008
298	believes	2030	0.09721396722226575	0.09799254523171687
298	justified	2026	0.09052460199519743	0.08523776396297325
298	justified	2027	0.08853494114435169	0.0833643037297015
298	justified	2028	0.10850066323794401	0.10216398326051265
298	justified	2029	0.09203141892740263	0.0866565794360259
298	justified	2030	0.11300706300932302	0.10640719926554938
298	knows	2026	0.10731563650531724	0.09836351825492058
298	knows	2027	0.11010689536716885	0.10092193425982728
298	knows	2028	0.1244244221573786	0.11404511326388912
298	knows	2029	0.11372249513297593	0.10423592581919178
298	knows	2030	0.12456483352496962	0.11417381171426406
298	true	2026	0.09501886621280412	0.09021547824457159
298	true	2027	0.09537482464883265	0.09055344229130717
298	true	2028	0.12056564348012884	0.11447081637518677
298	true	2029	0.11162246231255991	0.10597973036019331
298	true	2030	0.10016459119920047	0.09510107685320068
298	lucky_guessed	2026	0.16010232066998725	0.14482108808718366
298	lucky_guessed	2027	0.17248061840745038	0.15601791858598468
298	lucky_guessed	2028	0.1661257934063845	0.15026964043856794
298	lucky_guessed	2029	0.1930954070487994	0.17466509439976496
298	lucky_guessed	2030	0.14483712162060394	0.13101290137915955
299	believes	2026	0.10427812290454799	0.10725522738377866
299	believes	2027	0.11470361353936298	0.11797836218404814
299	believes	2028	0.10329436583273939	0.10624338438652972
299	believes	2029	0.11591431861616978	0.1192236324736416
299	believes	2030	0.09274591333097108	0.09539377720037272
299	justified	2026	0.10629022335775662	0.09856127825363648
299	justified	2027	0.10676603132792237	0.09900248761665528
299	justified	2028	0.11625523486004867	0.10780167911508051
299	justified	2029	0.08955359246922526	0.08304165959143175
299	justified	2030	0.11246114525230637	0.10428347857193875
299	knows	2026	0.1373010141636804	0.12376405603436182
299	knows	2027	0.13308437030992623	0.11996314495317457
299	knows	2028	0.139184683022345	0.12546200779090183
299	knows	2029	0.11336199196595154	0.10218526069381523
299	knows	2030	0.1258674296462941	0.1134577461829541
299	true	2026	0.12798192797158334	0.12014407721113059
299	true	2027	0.12430306033145612	0.11669051025202748
299	true	2028	0.1306158225145982	0.12261666716470758
299	true	2029	0.10549199144442407	0.09903146613066305
299	true	2030	0.12526528614039228	0.11759380756685647
299	lucky_guessed	2026	0.1475055199306216	0.14154270353900503
299	lucky_guessed	2027	0.15679831633459357	0.15045984458616304
299	lucky_guessed	2028	0.14302677725166157	0.13724501117106042
299	lucky_guessed	2029	0.14272073816786185	0.13695134352167357
299	lucky_guessed	2030	0.17307395616678037	0.16607755207777672
300	believes	2026	0.08921517061955128	0.08672845207259267
300	believes	2027	0.10189361220674992	0.09905350403308907
300	believes	2028	0.11833650116167553	0.11503807590308571
300	believes	2029	0.11417913142978159	0.11099658566060003
300	believes	2030	0.09711478150183045	0.09440787496713049
300	justified	2026	0.09493589415956936	0.08922106681675726
300	justified	2027	0.10913640923080888	0.1025667577718966
300	justified	2028	0.1000243464904743	0.09400321111980106
300	justified	2029	0.11044316261288947	0.10379484891537569
300	justified	2030	0.10223869765628915	0.096084265657391
300	knows	2026	0.11114328341604489	0.10008426138156432
300	knows	2027	0.1324979865031241	0.11931412053096924
300	knows	2028	0.11586130057950857	0.10433282457384657
300	knows	2029	0.12648960380887084	0.11390358625872637
300	knows	2030	0.1261100344048653	0.11356178491657301
300	true	2026	0.11255942049239605	0.10694724330760744
300	true	2027	0.13886406258886352	0.1319403442502379
300	true	2028	0.11081045155946621	0.10528547741374226
300	true	2029	0.12039939446956523	0.11439631865637637
300	true	2030	0.12722327893130833	0.1208799663923057
300	lucky_guessed	2026	0.276466223845589	0.2450207704957505
300	lucky_guessed	2027	0.1663309889481247	0.14741239093333794
300	lucky_guessed	2028	0.277372560405102	0.24582401972833806
300	lucky_guessed	2029	0.18281963843616977	0.16202561039211566
300	lucky_guessed	2030	0.20440020866093614	0.1811515921147986
301	believes	2026	0.08916758507561856	0.08583885470007314
301	believes	2027	0.09526709155119736	0.09171065945575142
301	believes	2028	0.09171057276908576	0.08828690968483567
301	believes	2029	0.09379237922932378	0.09029099987189747
301	believes	2030	0.1115977246998742	0.10743165094408957
301	justified	2026	0.1097930264621864	0.10512333340100548
301	justified	2027	0.1016780238314914	0.09735347629272738
301	justified	2028	0.09915518050015518	0.09493793398385494
301	justified	2029	0.10088670174926165	0.09659581054875167
301	justified	2030	0.08759628008279424	0.08387065419863336
301	knows	2026	0.12992062587684486	0.12056945870531899
301	knows	2027	0.11419631523430682	0.1059769210702075
301	knows	2028	0.11569110309148709	0.10736412007423898
301	knows	2029	0.1163047616868596	0.10793360997759019
301	knows	2030	0.10682794931109756	0.09913890066422364
301	true	2026	0.12540230517175108	0.12040706303676108
301	true	2027	0.1054544715555878	0.10125382612952398
301	true	2028	0.10995639291546953	0.10557641914903355
301	true	2029	0.10890091308029415	0.10456298301742549
301	true	2030	0.09954152015786086	0.0955764096681255
301	lucky_guessed	2026	0.16047515274521584	0.139102263400102
301	lucky_guessed	2027	0.24040527530414263	0.20838688953438522
301	lucky_guessed	2028	0.15917979377584804	0.13797942686452466
301	lucky_guessed	2029	0.1710698116191922	0.14828587222745693
301	lucky_guessed	2030	0.1798835856785254	0.15592578345219885
302	believes	2026	0.08716809853752529	0.08305691295519271
302	believes	2027	0.09585877215809976	0.09133770070365213
302	believes	2028	0.11096910768720575	0.10573537420830516
302	believes	2029	0.1456841544764014	0.1388131247590346
302	believes	2030	0.10741078700883931	0.10234487773300904
302	justified	2026	0.12092608049463607	0.11182630487256766
302	justified	2027	0.10144174978869724	0.09380818424178368
302	justified	2028	0.08003856502407465	0.07401560471764417
302	justified	2029	0.09209445708216935	0.08516428211862108
302	justified	2030	0.10204031816417361	0.09436170991109591
302	knows	2026	0.12248489636190786	0.10933240243118945
302	knows	2027	0.1263656239757665	0.1127964154303969
302	knows	2028	0.09963523310263776	0.08893634828016832
302	knows	2029	0.10132753631225602	0.0904469310625784
302	knows	2030	0.11500975731902753	0.10265994783196708
302	true	2026	0.11558404421756441	0.1071860360096284
302	true	2027	0.10788365780187346	0.10004513778939743
302	true	2028	0.09991857754440188	0.09265877762977262
302	true	2029	0.10735682352493028	0.09955658179395875
302	true	2030	0.10834380519702366	0.10047185218237598
302	lucky_guessed	2026	0.14489707996906293	0.13446494419523725
302	lucky_guessed	2027	0.15148012743765837	0.14057403287175357
302	lucky_guessed	2028	0.17191002040770786	0.15953303755783085
302	lucky_guessed	2029	0.1663264651743698	0.15435148080719013
302	lucky_guessed	2030	0.15809672362609423	0.1467142548653949
303	believes	2026	0.06608306168042719	0.0636720099388361
303	believes	2027	0.09781649872696963	0.09424764713906181
303	believes	2028	0.10156942663304841	0.09786364883237256
303	believes	2029	0.12576577842067865	0.12117719261089695
303	believes	2030	0.0908959327792456	0.08757957921665245
303	justified	2026	0.11218919170734135	0.10990754282572063
303	justified	2027	0.07105614774832461	0.06961104258645516
303	justified	2028	0.07002380648733468	0.06859969657685926
303	justified	2029	0.10351983719847954	0.10141450140654681
303	justified	2030	0.08454107009298516	0.08282171517926173
303	knows	2026	0.1295978074361642	0.12248928773516349
303	knows	2027	0.09985687792159326	0.094379666554914
303	knows	2028	0.09547583920086532	0.09023893051116215
303	knows	2029	0.12159593096429583	0.11492631912501393
303	knows	2030	0.10559824745583489	0.09980611842772079
303	true	2026	0.12355869687341153	0.12034053682473848
303	true	2027	0.07904997533236192	0.07699107151660031
303	true	2028	0.08817371244795605	0.08587717545037088
303	true	2029	0.11781846386510096	0.11474981161316636
303	true	2030	0.10103411264310631	0.09840261884227498
303	lucky_guessed	2026	0.1525982499160072	0.13662859348322362
303	lucky_guessed	2027	0.1789669307302045	0.16023774872343666
303	lucky_guessed	2028	0.18332078154129608	0.1641359619262922
303	lucky_guessed	2029	0.227109659542003	0.20334226222618498
303	lucky_guessed	2030	0.1796924168970523	0.16088731157636915
304	believes	2026	0.10034464916542	0.09595659052021445
304	believes	2027	0.13496797394720988	0.12906584174752878
304	believes	2028	0.14462711093771366	0.13830258591560576
304	believes	2029	0.11117619098536226	0.10631447040482471
304	believes	2030	0.11475135994675845	0.10973329768582635
304	justified	2026	0.09917461644957146	0.09455722622629671
304	justified	2027	0.10431576746929946	0.09945901458141647
304	justified	2028	0.09497301357133169	0.09055124235568811
304	justified	2029	0.09143557819216365	0.08717850355030055
304	justified	2030	0.10151199882059579	0.09678578431451164
304	knows	2026	0.10213424368729433	0.0947785041066399
304	knows	2027	0.1044334240101757	0.09691209675692969
304	knows	2028	0.11229968310569757	0.10421182545782925
304	knows	2029	0.09899904487232565	0.09186910327268036
304	knows	2030	0.12452149840189589	0.11555342186488653
304	true	2026	0.10170785544905123	0.09753996549851092
304	true	2027	0.11023771878078062	0.10572028324693376
304	true	2028	0.11210651754743346	0.10751250044017002
304	true	2029	0.11064753141891086	0.10611330215788797
304	true	2030	0.11897850705813712	0.11410288243987637
304	lucky_guessed	2026	0.18105354665073425	0.1673752615157572
304	lucky_guessed	2027	0.14794102176254936	0.1367643311300724
304	lucky_guessed	2028	0.15544056942502713	0.14369730082040688
304	lucky_guessed	2029	0.21146159936420503	0.19548603796423095
304	lucky_guessed	2030	0.12394278696199697	0.11457912183722414
305	believes	2026	0.08535362845239694	0.08119229424740623
305	believes	2027	0.12318466452671942	0.1171789144804723
305	believes	2028	0.12206531166142513	0.11611413458940606
305	believes	2029	0.10101731913393262	0.09609231672887447
305	believes	2030	0.08421034376201283	0.08010474930440488
305	justified	2026	0.09512133155428575	0.09348861394756731
305	justified	2027	0.06429960367670724	0.06319592805198093
305	justified	2028	0.08500428393007624	0.08354522118619612
305	justified	2029	0.09563882673698704	0.09399722654334115
305	justified	2030	0.09031350327797959	0.08876331001935993
305	knows	2026	0.10625547701881784	0.10119164251564575
305	knows	2027	0.08822632142801555	0.08402170531720543
305	knows	2028	0.09843919705472245	0.09374786427361811
305	knows	2029	0.11386158146573742	0.10843526160921059
305	knows	2030	0.12086108883623532	0.11510119232161624
305	true	2026	0.08995933442415374	0.08860090860501835
305	true	2027	0.08309090104327285	0.08183619161222909
305	true	2028	0.10780361393261761	0.10617573158444796
305	true	2029	0.09524297512251184	0.09380476398715965
305	true	2030	0.10204770169862805	0.10050673617617056
305	lucky_guessed	2026	0.229388880967579	0.20680215061572163
305	lucky_guessed	2027	0.15125230588994018	0.13635927779798324
305	lucky_guessed	2028	0.21359449984718581	0.1925629600779583
305	lucky_guessed	2029	0.1640596326796414	0.14790553371316376
305	lucky_guessed	2030	0.21579461038547018	0.19454643717148767
306	believes	2026	0.10579771951891849	0.09918019849765965
306	believes	2027	0.1389695510329013	0.13027717156142618
306	believes	2028	0.1244984846899444	0.11671125313810309
306	believes	2029	0.1042303435910086	0.09771086006241333
306	believes	2030	0.09283460788847217	0.087027914020251
306	justified	2026	0.07718677508515868	0.07373457827230447
306	justified	2027	0.09908822963092731	0.09465648507176089
306	justified	2028	0.11397029109383917	0.10887294280794257
306	justified	2029	0.07972646580851994	0.0761606807260282
306	justified	2030	0.08231043009317461	0.07862907659552143
306	knows	2026	0.10528003106086326	0.0971253586902058
306	knows	2027	0.120425340047057	0.11109755790914098
306	knows	2028	0.12276410476150008	0.11325516899163546
306	knows	2029	0.09042608831915804	0.0834219573688492
306	knows	2030	0.10768819260880134	0.09934699133763761
306	true	2026	0.10903455797072942	0.10464590825378324
306	true	2027	0.11414501340490535	0.1095506674462164
306	true	2028	0.11780443692088578	0.11306279887172122
306	true	2029	0.09433529335894517	0.09053829022339882
306	true	2030	0.12223543941481167	0.1173154531593291
306	lucky_guessed	2026	0.2127446696946348	0.18639761580707298
306	lucky_guessed	2027	0.17911306695661647	0.15693106994655714
306	lucky_guessed	2028	0.14856026967713598	0.13016203936493875
306	lucky_guessed	2029	0.23033714929646987	0.20181138038516297
306	lucky_guessed	2030	0.21401150162215296	0.18750755877888328
307	believes	2026	0.12567249010880976	0.11927101409914442
307	believes	2027	0.09409104836291776	0.08929826047196425
307	believes	2028	0.08319638721325169	0.07895854903263363
307	believes	2029	0.09173305935608748	0.08706038215956845
307	believes	2030	0.10296968257884624	0.0977246368876164
307	justified	2026	0.10370982134176637	0.09904175887793874
307	justified	2027	0.10820915099589647	0.1033385700858976
307	justified	2028	0.0809145995018215	0.07727256830532205
307	justified	2029	0.08774999695991872	0.08380029902668527
307	justified	2030	0.07709149043982128	0.07362154045681298
307	knows	2026	0.11602565346943626	0.1076275254712727
307	knows	2027	0.1259114077798169	0.11679773259381662
307	knows	2028	0.09694636603635183	0.0899292283035782
307	knows	2029	0.10313688359211613	0.09567166599722923
307	knows	2030	0.10073705091220109	0.09344553716139908
307	true	2026	0.114221084357029	0.10977224507293727
307	true	2027	0.11754796071623291	0.11296954169365891
307	true	2028	0.09806266376077379	0.09424318478018606
307	true	2029	0.10959774806418446	0.10532898481630754
307	true	2030	0.0956047333581637	0.0918809892184265
307	lucky_guessed	2026	0.1447813390444025	0.13087775206978913
307	lucky_guessed	2027	0.1870942186287279	0.16912725715205537
307	lucky_guessed	2028	0.24243026637994425	0.2191492944249984
307	lucky_guessed	2029	0.15556619721154816	0.14062692280286712
307	lucky_guessed	2030	0.18232779936311796	0.16481856486462013
308	believes	2026	0.08008487232224078	0.07655297436826651
308	believes	2027	0.09509646425462953	0.0909025260264501
308	believes	2028	0.0871705825670838	0.08332619106981565
308	believes	2029	0.1265581527726843	0.12097669315521704
308	believes	2030	0.12052442320442625	0.11520906274525217
308	justified	2026	0.0958983498310518	0.09168454166543377
308	justified	2027	0.09552397048189525	0.09132661268024378
308	justified	2028	0.1111569989834883	0.10627272025703045
308	justified	2029	0.10707075045320075	0.10236602296463183
308	justified	2030	0.09195697709966817	0.08791635427695238
308	knows	2026	0.10731678141747851	0.09881580938257693
308	knows	2027	0.1244226896700733	0.1145666933252159
308	knows	2028	0.14001943325135197	0.12892795929275402
308	knows	2029	0.1321374934766015	0.1216703780639916
308	knows	2030	0.10896547933938132	0.10033390764669116
308	true	2026	0.10371001208763007	0.09897871048358749
308	true	2027	0.1094175900826528	0.10442590597185442
308	true	2028	0.13027253432656274	0.12432943743345692
308	true	2029	0.12994302944414843	0.12401496472534598
308	true	2030	0.09695227162451704	0.09252926145395549
308	lucky_guessed	2026	0.17091927061039774	0.16599060414271916
308	lucky_guessed	2027	0.16110919889291989	0.15646341785616305
308	lucky_guessed	2028	0.16123408068018039	0.1565846985241636
308	lucky_guessed	2029	0.13835529263673704	0.13436564835023104
308	lucky_guessed	2030	0.14749357170536626	0.14324041395161344
309	believes	2026	0.08644949505082203	0.08968944187458493
309	believes	2027	0.07560639973711397	0.07843996995681742
309	believes	2028	0.10959126708271638	0.11369851927069108
309	believes	2029	0.08758817939727445	0.09087080173613883
309	believes	2030	0.10262730156994529	0.10647355885065499
309	justified	2026	0.10828427642590946	0.10135279354400865
309	justified	2027	0.11383656116692055	0.10654966595824401
309	justified	2028	0.11212440187647268	0.10494710524668999
309	justified	2029	0.1132771665328667	0.10602607924070538
309	justified	2030	0.09487082314956856	0.08879796097273149
309	knows	2026	0.11641675276232638	0.10551835703501176
309	knows	2027	0.13290913326749582	0.12046679747171236
309	knows	2028	0.13854763188551394	0.12557744603560184
309	knows	2029	0.123988274697059	0.11238106825011178
309	knows	2030	0.10199493808175941	0.09244664566660038
309	true	2026	0.10351179536866717	0.0974220376463107
309	true	2027	0.10762163721331931	0.10129009119019969
309	true	2028	0.10461823905828568	0.09846338755623764
309	true	2029	0.11310825966021945	0.10645392722134243
309	true	2030	0.09383352501166996	0.08831315478216552
309	lucky_guessed	2026	0.2005680125639408	0.17730661083062046
309	lucky_guessed	2027	0.18582932349150869	0.16427727991133373
309	lucky_guessed	2028	0.20173817351324014	0.17834105929223873
309	lucky_guessed	2029	0.1673443081621943	0.14793611275663637
309	lucky_guessed	2030	0.17565116537921405	0.15527956040302568
310	believes	2026	0.0792327719323874	0.0747440367745003
310	believes	2027	0.11965244984406616	0.11287383860475847
310	believes	2028	0.12386668622653729	0.11684932793153166
310	believes	2029	0.09338529828138131	0.08809478702698376
310	believes	2030	0.1076473519105356	0.10154885956463355
310	justified	2026	0.0818000757448827	0.07861576355639771
310	justified	2027	0.08917001185615277	0.08569880289925078
310	justified	2028	0.09642774343221239	0.09267400560344874
310	justified	2029	0.10749205540479287	0.10330760619647782
310	justified	2030	0.10424495995175007	0.10018691362917984
310	knows	2026	0.10531453181525695	0.09855253034754094
310	knows	2027	0.10744303015408195	0.10054436275201593
310	knows	2028	0.12438517769387297	0.11639869435078094
310	knows	2029	0.115590825890949	0.1081690074499742
310	knows	2030	0.13147858116743025	0.12303664686355878
310	true	2026	0.08668899999539179	0.08388290478444248
310	true	2027	0.09109099491739156	0.08814240853835975
310	true	2028	0.09476708134397659	0.09169950122274882
310	true	2029	0.10830027404470853	0.10479462880301108
310	true	2030	0.10932259149120982	0.10578385416065623
310	lucky_guessed	2026	0.1954158516398376	0.17596682296961483
310	lucky_guessed	2027	0.15465726537594415	0.1392647904916713
310	lucky_guessed	2028	0.17141469264352815	0.15435441199717673
310	lucky_guessed	2029	0.17212299607345014	0.15499222056396367
310	lucky_guessed	2030	0.19378141765095927	0.1744950582485698
311	believes	2026	0.0980875433578487	0.09817691413654613
311	believes	2027	0.07973698058445425	0.07980963156338454
311	believes	2028	0.08163140701017212	0.08170578406316906
311	believes	2029	0.0805145024276935	0.08058786183228321
311	believes	2030	0.07865811526935076	0.07872978325869828
311	justified	2026	0.08550776605456302	0.08232358239366173
311	justified	2027	0.09812458403673566	0.09447056859884977
311	justified	2028	0.09626615863206617	0.09268134822761287
311	justified	2029	0.10190769606627188	0.09811280309096887
311	justified	2030	0.11121645666674077	0.10707491911428504
311	knows	2026	0.09463473900226879	0.08854575694009967
311	knows	2027	0.12674768964167213	0.11859249825227103
311	knows	2028	0.11138006423917864	0.10421365557798558
311	knows	2029	0.1119572846854535	0.10475373654482253
311	knows	2030	0.1279428352303738	0.11971074586325324
311	true	2026	0.1085165377948198	0.10489935854768852
311	true	2027	0.0987467458323701	0.09545522283500031
311	true	2028	0.09907597250301352	0.09577347540063767
311	true	2029	0.09517984733249292	0.09200721968040934
311	true	2030	0.09497562938984676	0.09180980892972712
311	lucky_guessed	2026	0.1860235635226794	0.15679473632853072
311	lucky_guessed	2027	0.1710568430587232	0.14417965174241734
311	lucky_guessed	2028	0.16069419148556083	0.1354452248219249
311	lucky_guessed	2029	0.1748058234527302	0.14733957611569437
311	lucky_guessed	2030	0.19695558941331084	0.1660090750101422
312	believes	2026	0.09289527334316645	0.09142010740495275
312	believes	2027	0.1429730980540341	0.14070270219060757
312	believes	2028	0.0845213297162482	0.08317914101102371
312	believes	2029	0.1358620683884313	0.1337045948338673
312	believes	2030	0.08648300208584299	0.08510966225572895
312	justified	2026	0.08327731163864106	0.08079914457269187
312	justified	2027	0.07656173144358384	0.07428340667970543
312	justified	2028	0.09642609685567514	0.09355664810878643
312	justified	2029	0.09324999522672134	0.09047506094361758
312	justified	2030	0.11827238444499429	0.11475283365528235
312	knows	2026	0.11721581243590036	0.11033490212821014
312	knows	2027	0.09478246217104716	0.08921845500010624
312	knows	2028	0.12229936950720571	0.11512003956205569
312	knows	2029	0.11868434899452598	0.11171723130462789
312	knows	2030	0.14004714454604048	0.1318259684056933
312	true	2026	0.0961720952810124	0.09339861501188718
312	true	2027	0.08660434093192153	0.08410678246557603
312	true	2028	0.09966742876592705	0.09679314754798088
312	true	2029	0.10426329207424125	0.10125647203442621
312	true	2030	0.11744954767671953	0.1140624528843346
312	lucky_guessed	2026	0.1457960374932209	0.1246926153513981
312	lucky_guessed	2027	0.21306776225029042	0.182227013702577
312	lucky_guessed	2028	0.19623344170336854	0.16782939705433944
312	lucky_guessed	2029	0.20400395851765088	0.17447516110159575
312	lucky_guessed	2030	0.1324077679338484	0.11324224691141019
313	believes	2026	0.10612428626562141	0.10691161223988042
313	believes	2027	0.08734754579959662	0.08799556892432864
313	believes	2028	0.09697821673090226	0.09769768888620563
313	believes	2029	0.11288489742025513	0.11372237972490007
313	believes	2030	0.11145302088002312	0.11227988022896462
313	justified	2026	0.07483813416115472	0.07126370843954095
313	justified	2027	0.0944480622388016	0.08993702536158638
313	justified	2028	0.09853644201021858	0.09383013556918433
313	justified	2029	0.07942242860551302	0.0756290473986906
313	justified	2030	0.12036805255108293	0.11461902275602333
313	knows	2026	0.09137933281028193	0.0840112243109145
313	knows	2027	0.1138854940261903	0.1047026662391766
313	knows	2028	0.13122861920934648	0.12064737862878665
313	knows	2029	0.09784257151122643	0.0899533184319928
313	knows	2030	0.12811410354389452	0.11778399293594757
313	true	2026	0.08320873428397058	0.07976207173800327
313	true	2027	0.107792308941304	0.10332734841560474
313	true	2028	0.1087183924230058	0.10421507177467894
313	true	2029	0.09308127136346857	0.08922566973101725
313	true	2030	0.12284878723877748	0.11776015901438487
313	lucky_guessed	2026	0.22306455669402672	0.1950215153212502
313	lucky_guessed	2027	0.19017505081478653	0.16626678453927854
313	lucky_guessed	2028	0.18170576095723234	0.15886222970459582
313	lucky_guessed	2029	0.21477910373479736	0.1877776859331136
313	lucky_guessed	2030	0.18793469075671945	0.16430807617312262
314	believes	2026	0.11006569628547008	0.11222622775986708
314	believes	2027	0.12301826676475382	0.12543305035528932
314	believes	2028	0.1330177744358733	0.1356288430796182
314	believes	2029	0.11243781731392247	0.1146449122710031
314	believes	2030	0.08621369839630948	0.08790602775228144
314	justified	2026	0.09110217442596694	0.08531630097378176
314	justified	2027	0.09461071319776773	0.08860201343585247
314	justified	2028	0.09994339223345791	0.09359601552715537
314	justified	2029	0.10271994657884076	0.09619623168767355
314	justified	2030	0.10279432866360806	0.09626588978717611
314	knows	2026	0.10148277981129697	0.09257034167544682
314	knows	2027	0.10965365156273395	0.10002362972316522
314	knows	2028	0.1115916340556971	0.10179141438444686
314	knows	2029	0.111356995948286	0.10157738270524462
314	knows	2030	0.1246751553095289	0.11372591238536148
314	true	2026	0.10385928951428548	0.09750625210216374
314	true	2027	0.1083967652865896	0.10176617202488661
314	true	2028	0.11745105279928952	0.11026661185022701
314	true	2029	0.10530354906061293	0.09886216678330349
314	true	2030	0.1096346653173486	0.10292835013183255
314	lucky_guessed	2026	0.32272218078191356	0.3004143866559761
314	lucky_guessed	2027	0.19092272686705386	0.1777254161814553
314	lucky_guessed	2028	0.16311904677914793	0.15184363303240145
314	lucky_guessed	2029	0.16183245389743914	0.15064597438217162
314	lucky_guessed	2030	0.1815549923777854	0.16900521540650026
315	believes	2026	0.10628761281766355	0.10028423738163154
315	believes	2027	0.12181037187021142	0.11493023433627272
315	believes	2028	0.07540304597862924	0.07114410383071726
315	believes	2029	0.09439202620546848	0.08906054160009566
315	believes	2030	0.12603411853698898	0.11891541381431442
315	justified	2026	0.08498958421088282	0.08131805301947609
315	justified	2027	0.09040246186337461	0.08649709555768985
315	justified	2028	0.09971997395391345	0.09541209319208264
315	justified	2029	0.09039226968478171	0.08648734367895206
315	justified	2030	0.09137884179077449	0.08743129608873904
315	knows	2026	0.11043133025579918	0.10219875397375701
315	knows	2027	0.11244152678692577	0.10405909179860828
315	knows	2028	0.11787010085584848	0.10908296957326738
315	knows	2029	0.12443192566300934	0.11515561505831723
315	knows	2030	0.10896277393187447	0.1008396774680431
315	true	2026	0.10225804934872094	0.09802803845713112
315	true	2027	0.08788123580069424	0.08424593680006881
315	true	2028	0.09684961255354659	0.09284332729231808
315	true	2029	0.09515113278157408	0.09121510690804512
315	true	2030	0.0890972187723998	0.08541161936758065
315	lucky_guessed	2026	0.24475417580984987	0.214465869404278
315	lucky_guessed	2027	0.14326850135970107	0.12553903769236419
315	lucky_guessed	2028	0.24953684465495207	0.2186566834263214
315	lucky_guessed	2029	0.15349123807322196	0.1344967116920086
315	lucky_guessed	2030	0.16330727654101587	0.1430980163158643
316	believes	2026	0.07765157311199677	0.0772769799348382
316	believes	2027	0.08808321119519923	0.08765829552879863
316	believes	2028	0.08469684321053822	0.08428826347001218
316	believes	2029	0.08992664324603956	0.08949283481621995
316	believes	2030	0.09037652783465706	0.08994054915006151
316	justified	2026	0.10382031415692253	0.09449237348068033
316	justified	2027	0.10952451285401073	0.09968406720719494
316	justified	2028	0.14374821702721774	0.13083287525008955
316	justified	2029	0.10380598435628856	0.09447933116921746
316	justified	2030	0.11694830141190615	0.10644085085546981
316	knows	2026	0.13229744418663011	0.11540600148440062
316	knows	2027	0.12922130965673348	0.11272262095270517
316	knows	2028	0.16580441151233893	0.14463487392938545
316	knows	2029	0.11337720165677548	0.09890145333602234
316	knows	2030	0.11596825868316708	0.1011616899783273
316	true	2026	0.11849782145130063	0.10903915371265127
316	true	2027	0.10883745089312859	0.10014988792436338
316	true	2028	0.15592395366565165	0.14347787784622343
316	true	2029	0.11675738288094722	0.1074376394698077
316	true	2030	0.13613014752703315	0.12526404198263125
316	lucky_guessed	2026	0.21622339740441376	0.19105360853964273
316	lucky_guessed	2027	0.17056059922331032	0.15070625264179685
316	lucky_guessed	2028	0.1618628611406296	0.143020987000906
316	lucky_guessed	2029	0.2128029427029547	0.1880313166812927
316	lucky_guessed	2030	0.21055046687382667	0.18604104347095027
317	believes	2026	0.11460297798686131	0.10950905776446981
317	believes	2027	0.08492532489546128	0.08115052918354049
317	believes	2028	0.10218426918636091	0.09764234083194785
317	believes	2029	0.0823675309456064	0.07870642510941787
317	believes	2030	0.07906717242183237	0.0755527622764602
317	justified	2026	0.06694328595851379	0.06511481677415325
317	justified	2027	0.08924270765497509	0.08680515863807828
317	justified	2028	0.08691685465054891	0.0845428332971818
317	justified	2029	0.09282206988331143	0.09028675522135451
317	justified	2030	0.06940470322594874	0.06750900361572972
317	knows	2026	0.07945741787378366	0.07425781862167924
317	knows	2027	0.12409641391389023	0.11597569166741008
317	knows	2028	0.11751174661794507	0.10982191719511214
317	knows	2029	0.10661848366867452	0.09964149646246102
317	knows	2030	0.09896009309797653	0.09248426189392482
317	true	2026	0.08443816408985716	0.0814786638565167
317	true	2027	0.10843429202874212	0.10463374382852704
317	true	2028	0.09979049814426634	0.09629290904191642
317	true	2029	0.101390345808351	0.09783668313327244
317	true	2030	0.08869343554072333	0.08558479093661749
317	lucky_guessed	2026	0.16002313500357068	0.14744739307070925
317	lucky_guessed	2027	0.17321612413777443	0.15960358445269368
317	lucky_guessed	2028	0.17426128368278718	0.16056660801957767
317	lucky_guessed	2029	0.17406931744114526	0.160389727833553
317	lucky_guessed	2030	0.14715969360932254	0.1355948512525689
318	believes	2026	0.15366580790119191	0.141797740991788
318	believes	2027	0.10669178144531459	0.09845165816629155
318	believes	2028	0.08612479168461752	0.07947311813256257
318	believes	2029	0.13976118694534395	0.1289670152251679
318	believes	2030	0.12316645954650944	0.1136539479288809
318	justified	2026	0.08888130981177578	0.08587801671417297
318	justified	2027	0.09919945572639143	0.09584751321676883
318	justified	2028	0.09796150738399516	0.09465139506026633
318	justified	2029	0.09059430309952449	0.08753312808132184
318	justified	2030	0.10079373069010443	0.0973879177435549
318	knows	2026	0.09893330791104202	0.09329877612277328
318	knows	2027	0.11422773844078765	0.10772214556275117
318	knows	2028	0.11385057483556699	0.10736646249192146
318	knows	2029	0.10197483111098607	0.096167075971384
318	knows	2030	0.11471741559556889	0.10818393421816994
318	true	2026	0.10601007227046055	0.10320736844762167
318	true	2027	0.12241714511731071	0.1191806696272651
318	true	2028	0.12289662998838369	0.1196474778342026
318	true	2029	0.1034910086860601	0.10075490409277328
318	true	2030	0.11238363826461775	0.10941242953093071
318	lucky_guessed	2026	0.18919649710509634	0.16833914980930512
318	lucky_guessed	2027	0.1432073625460283	0.12741993655432193
318	lucky_guessed	2028	0.20696364953825563	0.18414762079526076
318	lucky_guessed	2029	0.1660415417976643	0.1477368366060097
318	lucky_guessed	2030	0.16988376031829872	0.15115548234756312
319	believes	2026	0.0929971028132115	0.08736940868643492
319	believes	2027	0.11085684942831152	0.10414837764189762
319	believes	2028	0.10393135541208476	0.097641977993357
319	believes	2029	0.10456584934673449	0.09823807570187186
319	believes	2030	0.11981421896922537	0.11256369442598507
319	justified	2026	0.1062575199678217	0.10048275798882159
319	justified	2027	0.09979279742703533	0.09436937278345037
319	justified	2028	0.09829628103573883	0.09295418735075356
319	justified	2029	0.09205760762711035	0.08705456621824124
319	justified	2030	0.08066060346991118	0.07627695338789998
319	knows	2026	0.1296105684949174	0.11866648457246831
319	knows	2027	0.11682360213253702	0.10695922671386564
319	knows	2028	0.11320570325852389	0.10364681673138289
319	knows	2029	0.10422325246746872	0.09542282797338662
319	knows	2030	0.08446932515664479	0.07733688685225443
319	true	2026	0.10548663820873766	0.10044480870550275
319	true	2027	0.12470272667422172	0.118742446802227
319	true	2028	0.10214071395777423	0.0972588059373978
319	true	2029	0.11121499208219579	0.10589937071247806
319	true	2030	0.08997096936186932	0.08567072531706724
319	lucky_guessed	2026	0.1760590030688938	0.15797249222335627
319	lucky_guessed	2027	0.2427842268676611	0.21784304535563634
319	lucky_guessed	2028	0.1764375748736215	0.1583121734122525
319	lucky_guessed	2029	0.17396379303949666	0.15609252275683758
319	lucky_guessed	2030	0.14326354641455435	0.12854610714231748
320	believes	2026	0.11493993581982032	0.10853466723511856
320	believes	2027	0.11978489986161465	0.11310963551130224
320	believes	2028	0.10798053014578878	0.10196308901387027
320	believes	2029	0.09907295741228576	0.09355190942161011
320	believes	2030	0.11464621963648974	0.1082573190010868
320	justified	2026	0.06909891284802526	0.06586400751415755
320	justified	2027	0.10109815027925165	0.09636518224686304
320	justified	2028	0.07856433013585609	0.07488629584945287
320	justified	2029	0.07577681827083907	0.07222928295509544
320	justified	2030	0.08336289602766073	0.07946021412006475
320	knows	2026	0.09264395203986242	0.08542326725575798
320	knows	2027	0.10177156549172471	0.09383947302135608
320	knows	2028	0.10318139160519668	0.09513941705681177
320	knows	2029	0.08429157751480275	0.07772187816813182
320	knows	2030	0.09283961275328433	0.08560367814115392
320	true	2026	0.07864498509803043	0.07527382849899589
320	true	2027	0.09215249068168957	0.08820232810372212
320	true	2028	0.1015158505703406	0.09716432289021927
320	true	2029	0.07358788137263997	0.07043350005272336
320	true	2030	0.08932927106999285	0.08550012721194292
320	lucky_guessed	2026	0.2143323436693814	0.1910053034799881
320	lucky_guessed	2027	0.21019451551827997	0.18731781932235522
320	lucky_guessed	2028	0.2667452868269329	0.23771384005779084
320	lucky_guessed	2029	0.14861759628041582	0.13244267567845563
320	lucky_guessed	2030	0.17649753902378781	0.157288281495732
321	believes	2026	0.1233306334249635	0.11580916495331356
321	believes	2027	0.12477060593341648	0.11716131898940815
321	believes	2028	0.12423636601519722	0.11665966034146695
321	believes	2029	0.1035884394532429	0.09727097265900134
321	believes	2030	0.12224478900549683	0.11478954207458927
321	justified	2026	0.08652834618332697	0.0926988896574535
321	justified	2027	0.08519473418405997	0.09127017459448461
321	justified	2028	0.08167738519126218	0.08750199502614629
321	justified	2029	0.09640706882147075	0.1032820876518968
321	justified	2030	0.08577206908643506	0.0918886806306138
321	knows	2026	0.09158098746167002	0.09527924425080801
321	knows	2027	0.08930048979460929	0.09290665469640712
321	knows	2028	0.08734519445286372	0.09087239990605978
321	knows	2029	0.09348463568115295	0.09725976628599181
321	knows	2030	0.09214351354723618	0.09586448646963143
321	true	2026	0.0853705124340815	0.09081923039135181
321	true	2027	0.08778447633774472	0.0933872639860017
321	true	2028	0.09183848699376265	0.09770001926039666
321	true	2029	0.08249037040023409	0.08775526514768787
321	true	2030	0.08523893111213697	0.09067925097630371
321	lucky_guessed	2026	0.1518549730023975	0.13999581353295076
321	lucky_guessed	2027	0.1790147558006193	0.1650345449820372
321	lucky_guessed	2028	0.2218170849665376	0.2044942134684507
321	lucky_guessed	2029	0.2228446959372553	0.20544157285350517
321	lucky_guessed	2030	0.25093313232381725	0.23133643441159973
322	believes	2026	0.08785861975798548	0.0871178374830844
322	believes	2027	0.07993860233863204	0.07926459789995609
322	believes	2028	0.09255583289870793	0.09177544594704704
322	believes	2029	0.10547759150567876	0.10458825440475575
322	believes	2030	0.0848331992198518	0.08411792585819047
322	justified	2026	0.08992054610072768	0.08484945428882316
322	justified	2027	0.11712937457169022	0.11052383403528562
322	justified	2028	0.09987711344350385	0.0942445185122781
322	justified	2029	0.10750626593553245	0.1014434230308262
322	justified	2030	0.09269573456471612	0.08746813530143939
322	knows	2026	0.11326473467524173	0.10253643973478616
322	knows	2027	0.12494749267633101	0.11311262141348327
322	knows	2028	0.11395992800850953	0.10316578521928337
322	knows	2029	0.11416646161613855	0.1033527562202095
322	knows	2030	0.1033691133389999	0.09357811935650501
322	true	2026	0.11538904297617106	0.11002748562273382
322	true	2027	0.12309673594604789	0.1173770402732798
322	true	2028	0.11459226143921232	0.10926772657767186
322	true	2029	0.11748298368185962	0.11202413127424149
322	true	2030	0.1071516807000223	0.1021728727753478
322	lucky_guessed	2026	0.18365515656626769	0.16155505733172332
322	lucky_guessed	2027	0.1588708999293366	0.13975320827523474
322	lucky_guessed	2028	0.16748467683888418	0.14733044840550308
322	lucky_guessed	2029	0.26083296623005686	0.22944569377280433
322	lucky_guessed	2030	0.18282111446521204	0.16082137948693875
323	believes	2026	0.08172983149011928	0.07922600110926441
323	believes	2027	0.09434443308858907	0.09145414867805171
323	believes	2028	0.0911302585216133	0.08833844180375847
323	believes	2029	0.08137702749327098	0.07888400542254828
323	believes	2030	0.13436540351592693	0.13024905856176322
323	justified	2026	0.07391067371164098	0.07103342737333079
323	justified	2027	0.07291229981790125	0.07007391887596445
323	justified	2028	0.10980622246108031	0.1055316091253605
323	justified	2029	0.07726623873716702	0.07425836461943319
323	justified	2030	0.06696526222983644	0.06435839172157275
323	knows	2026	0.08207875496364024	0.07601842757044358
323	knows	2027	0.09074872458228161	0.08404824549086158
323	knows	2028	0.13123862062657002	0.12154854908514769
323	knows	2029	0.10760628499522595	0.09966111919774792
323	knows	2030	0.0959275141108654	0.08884465641175841
323	true	2026	0.09112221200048853	0.08727418112656614
323	true	2027	0.10390120519852403	0.09951352587573144
323	true	2028	0.13011440208230268	0.12461975675529977
323	true	2029	0.10459261209430216	0.10017573511461575
323	true	2030	0.10768251546604002	0.10313515390624024
323	lucky_guessed	2026	0.20393167412209215	0.17946116687190009
323	lucky_guessed	2027	0.1595483151702143	0.14040352944756473
323	lucky_guessed	2028	0.1715069289828209	0.150927185462353
323	lucky_guessed	2029	0.19489027914980817	0.17150468194202897
323	lucky_guessed	2030	0.16986671732570194	0.14948378879937443
324	believes	2026	0.10361176525580824	0.09910058700779747
324	believes	2027	0.13791890397723008	0.1319140187397721
324	believes	2028	0.07702461055289431	0.07367101700268462
324	believes	2029	0.14416445309498924	0.13788764135133422
324	believes	2030	0.08746461261989202	0.0836564692401572
324	justified	2026	0.08874844127676548	0.08368599824799726
324	justified	2027	0.11464705393991086	0.10810728636047885
324	justified	2028	0.10723849596019114	0.10112133188971198
324	justified	2029	0.10756965995670273	0.10143360542638676
324	justified	2030	0.09225684391614779	0.08699427243184461
324	knows	2026	0.10917007119702885	0.09987153551261375
324	knows	2027	0.12366028642325601	0.11312754999244079
324	knows	2028	0.12140088013769551	0.11106058811716156
324	knows	2029	0.12225093736895788	0.1118382419194253
324	knows	2030	0.1046905078474469	0.09577351794018452
324	true	2026	0.09766455110359469	0.09284187341294485
324	true	2027	0.11091634172757253	0.10543929032321328
324	true	2028	0.11180591042616465	0.10628493209982068
324	true	2029	0.11984157429829119	0.11392379471245483
324	true	2030	0.10183688237349786	0.09680817487258432
324	lucky_guessed	2026	0.14794862245584584	0.13174429503356702
324	lucky_guessed	2027	0.1555201554555924	0.13848654285458137
324	lucky_guessed	2028	0.19692511543609809	0.17535655335537356
324	lucky_guessed	2029	0.18533963699881742	0.1650399943769238
324	lucky_guessed	2030	0.16670651660537833	0.14844769855313647
325	believes	2026	0.09320892929382693	0.0906155854149212
325	believes	2027	0.13393935568626075	0.13021277271995962
325	believes	2028	0.09610907266595953	0.09343503835193077
325	believes	2029	0.10353254004551417	0.10065196324854007
325	believes	2030	0.10209032216999091	0.09924987207469523
325	justified	2026	0.07978908092973162	0.07668391459277339
325	justified	2027	0.07809816865358629	0.0750588078606631
325	justified	2028	0.08502630497529942	0.08171732062695532
325	justified	2029	0.09551414789337677	0.0917970062333173
325	justified	2030	0.07876341850986485	0.07569816806593538
325	knows	2026	0.10662274993709346	0.09965963458637182
325	knows	2027	0.09582668934119258	0.08956862254068175
325	knows	2028	0.09404063478054489	0.08789920822740913
325	knows	2029	0.11069309188494302	0.10346415839956924
325	knows	2030	0.11359236464902653	0.10617409098342453
325	true	2026	0.08558467255960024	0.08244985043160154
325	true	2027	0.07809598369950797	0.0752354596069661
325	true	2028	0.08896314174672172	0.08570457199371255
325	true	2029	0.10430498284879378	0.10048446734624021
325	true	2030	0.0851789794901177	0.08205901721462944
325	lucky_guessed	2026	0.16988860979394202	0.1482387833279766
325	lucky_guessed	2027	0.21028556439168486	0.18348773502043111
325	lucky_guessed	2028	0.1789374655269981	0.15613449432358484
325	lucky_guessed	2029	0.16609446316193682	0.14492814536832427
325	lucky_guessed	2030	0.22089663467766907	0.19274657910014778
326	believes	2026	0.09867011171421958	0.09716863281077819
326	believes	2027	0.12497967112181779	0.12307783543633727
326	believes	2028	0.09223242348510337	0.09082890791518841
326	believes	2029	0.09470238536091995	0.09326128398528924
326	believes	2030	0.0992037752630142	0.09769417551582256
326	justified	2026	0.0936787013773993	0.08925682064918751
326	justified	2027	0.0948323555136174	0.090356019280398
326	justified	2028	0.11070109798204349	0.10547571542911265
326	justified	2029	0.09688959956408351	0.0923161560088557
326	justified	2030	0.09787362698575539	0.09325373475192782
326	knows	2026	0.11012472975515682	0.10250090733493093
326	knows	2027	0.11610166979199017	0.10806406992542261
326	knows	2028	0.11947134660523727	0.11120046745893968
326	knows	2029	0.11433743086371276	0.10642196745392417
326	knows	2030	0.10445419219161216	0.09722293528784931
326	true	2026	0.10838876974876083	0.10387206691946486
326	true	2027	0.09767410302118465	0.09360389447017582
326	true	2028	0.11252124484332232	0.10783233633261798
326	true	2029	0.10670289073364263	0.10225644070392252
326	true	2030	0.10258260040733554	0.09830784830367816
326	lucky_guessed	2026	0.1786634390187228	0.16702465914146514
326	lucky_guessed	2027	0.18221445232975517	0.17034434665637876
326	lucky_guessed	2028	0.12874819903694026	0.12036107766272741
326	lucky_guessed	2029	0.17336422228065743	0.1620706524669414
326	lucky_guessed	2030	0.16231616756221937	0.1517423078226295
327	believes	2026	0.11351829719446443	0.10542593272723447
327	believes	2027	0.12276531672848384	0.11401376115150093
327	believes	2028	0.100424316890044	0.09326538133752528
327	believes	2029	0.10859128193075655	0.10085014897628637
327	believes	2030	0.11373390922734926	0.10562617445245305
327	justified	2026	0.08958634210668125	0.08615937184274233
327	justified	2027	0.08605863982961426	0.08276661570276778
327	justified	2028	0.07690516426030221	0.073963290478364
327	justified	2029	0.09618763965310645	0.092508148191594
327	justified	2030	0.08040468108349241	0.07732893935015436
327	knows	2026	0.08913254907198398	0.0832847009072204
327	knows	2027	0.09327805842061697	0.08715822982346572
327	knows	2028	0.08986008606092584	0.08396450532383176
327	knows	2029	0.10058587897791094	0.09398659561951549
327	knows	2030	0.09181288221562582	0.08578918155457221
327	true	2026	0.08973390607048652	0.0864874180188883
327	true	2027	0.09066549857955541	0.08738530638999986
327	true	2028	0.09479557036407481	0.09136595607435843
327	true	2029	0.09110470647071034	0.08780862415407527
327	true	2030	0.08762778505235315	0.08445749447192283
327	lucky_guessed	2026	0.14698866115100506	0.13497245174232653
327	lucky_guessed	2027	0.16827764655402655	0.15452107904766998
327	lucky_guessed	2028	0.14486224979611292	0.13301987287171788
327	lucky_guessed	2029	0.16542712371677576	0.15190358424855774
327	lucky_guessed	2030	0.15642237352376	0.14363496542203533
328	believes	2026	0.11815896744479477	0.11685398628965435
328	believes	2027	0.08446103691969302	0.08352822526851372
328	believes	2028	0.10531801503956763	0.10415485300544064
328	believes	2029	0.12623482133455358	0.12484064815814123
328	believes	2030	0.11552846835896452	0.11425253918193339
328	justified	2026	0.09541525627230957	0.0905733383334572
328	justified	2027	0.09081181023199439	0.08620349757634252
328	justified	2028	0.12472786376701651	0.11839845582281217
328	justified	2029	0.07886128836576961	0.07485941380464617
328	justified	2030	0.09674109721746982	0.09183189849662055
328	knows	2026	0.09369516187109594	0.08592093764973635
328	knows	2027	0.10825586826115494	0.09927348991489574
328	knows	2028	0.1550202891481442	0.14215769877922302
328	knows	2029	0.0984212231113239	0.09025486060841721
328	knows	2030	0.10204514580675063	0.09357809341727455
328	true	2026	0.12242427914936638	0.11738110672314186
328	true	2027	0.11090860863238697	0.1063398152462045
328	true	2028	0.13474339035991234	0.12919274178268006
328	true	2029	0.11433431791204071	0.10962440511147856
328	true	2030	0.11100055856864384	0.1064279773767553
328	lucky_guessed	2026	0.20919844518876193	0.19025045413694586
328	lucky_guessed	2027	0.17750401146598466	0.16142671979259696
328	lucky_guessed	2028	0.1512159830465893	0.1375197096776691
328	lucky_guessed	2029	0.29971380050350394	0.27256744955944223
328	lucky_guessed	2030	0.14020714976037268	0.12750799314540326
329	believes	2026	0.10581500735496369	0.10239838450718483
329	believes	2027	0.11490042523491163	0.11119044658547303
329	believes	2028	0.12562265495396144	0.12156647007203307
329	believes	2029	0.09974028828135734	0.096519809860532
329	believes	2030	0.09825717949202513	0.09508458863934384
329	justified	2026	0.08091376571278341	0.07877668038598704
329	justified	2027	0.10703391733780576	0.10420694948879829
329	justified	2028	0.10066613480305256	0.09800735211388004
329	justified	2029	0.07273192198298446	0.07081093459733645
329	justified	2030	0.08246147667411309	0.08028351337857502
329	knows	2026	0.09927262344800053	0.0937697359469586
329	knows	2027	0.12109052403815632	0.11437822503687906
329	knows	2028	0.11409554692214707	0.1077709940164681
329	knows	2029	0.10952685738618234	0.1034555564211733
329	knows	2030	0.1138165730292886	0.10750748422534087
329	true	2026	0.09728600229496912	0.09492480843666669
329	true	2027	0.1101974298291384	0.10752286731885699
329	true	2028	0.11662997928712968	0.11379929466354173
329	true	2029	0.09630152341909334	0.09396422349640869
329	true	2030	0.10018785076645577	0.09775622717903543
329	lucky_guessed	2026	0.1616327839647628	0.13958770061221132
329	lucky_guessed	2027	0.13681959638037555	0.11815878183222432
329	lucky_guessed	2028	0.17978306931141977	0.1552624698938423
329	lucky_guessed	2029	0.16264158497209938	0.14045891132538008
329	lucky_guessed	2030	0.15219278875310743	0.13143522564356555
330	believes	2026	0.09863082294864058	0.09367282162664428
330	believes	2027	0.1466433755324594	0.13927186601833388
330	believes	2028	0.12264396731126205	0.11647886664713453
330	believes	2029	0.09525428417851321	0.09046601563563791
330	believes	2030	0.0926789131011384	0.08802010401956055
330	justified	2026	0.092470155984339	0.08880071702924376
330	justified	2027	0.09318246425256395	0.08948475918631493
330	justified	2028	0.08526242719239027	0.08187900831074899
330	justified	2029	0.10122061600481168	0.09720393767791777
330	justified	2030	0.09361001788306061	0.08989534645690406
330	knows	2026	0.13583924368969214	0.12687057662697768
330	knows	2027	0.12242568521961801	0.11434263660394939
330	knows	2028	0.10323534948840431	0.09641932597770562
330	knows	2029	0.11940723201058012	0.1115234741237239
330	knows	2030	0.1076905189385022	0.10058034676780965
330	true	2026	0.10823158970338462	0.10454863371673288
330	true	2027	0.1041810549047488	0.10063593244180914
330	true	2028	0.0966329124408587	0.0933446417579924
330	true	2029	0.11407116045008162	0.11018949277398722
330	true	2030	0.09822896604498321	0.0948863840913277
330	lucky_guessed	2026	0.20823447816531243	0.18171794272309705
330	lucky_guessed	2027	0.19755763026001383	0.17240068242493445
330	lucky_guessed	2028	0.17806493664039777	0.1553901843849498
330	lucky_guessed	2029	0.16180708711168754	0.1412026060574381
330	lucky_guessed	2030	0.14973493795894063	0.1306677218845011
331	believes	2026	0.10448763007029581	0.10193300195079155
331	believes	2027	0.08448870682393803	0.08242303430281973
331	believes	2028	0.10450273181650814	0.10194773447295792
331	believes	2029	0.12187146511242629	0.11889181793761786
331	believes	2030	0.09729878055446402	0.0949199133083538
331	justified	2026	0.10026103830427138	0.0932090871436793
331	justified	2027	0.08233222047994719	0.076541308999401
331	justified	2028	0.10552029718831382	0.09809843127899728
331	justified	2029	0.08428641533333305	0.07835805378347344
331	justified	2030	0.0825643167505875	0.07675708056811528
331	knows	2026	0.11648574339154585	0.10482348984847556
331	knows	2027	0.10313709800765573	0.09281127656684011
331	knows	2028	0.12571794865553262	0.11313139042576455
331	knows	2029	0.1056342554103274	0.09505842498198253
331	knows	2030	0.09923288129196724	0.08929794000437692
331	true	2026	0.10359993163459473	0.09719142474111088
331	true	2027	0.10260596793366625	0.09625894586096141
331	true	2028	0.10755764035303099	0.10090431666088401
331	true	2029	0.10419861418619639	0.09775307385843884
331	true	2030	0.10189798205660569	0.09559475472683211
331	lucky_guessed	2026	0.18459183981679084	0.1705107833554018
331	lucky_guessed	2027	0.17680108616978413	0.16331432489549086
331	lucky_guessed	2028	0.15986918310240292	0.14767402325170015
331	lucky_guessed	2029	0.21199610530667234	0.19582459343821382
331	lucky_guessed	2030	0.17106350345019458	0.1580144171365421
332	believes	2026	0.08745290632356671	0.08939340918546786
332	believes	2027	0.09741165511868241	0.09957313383319132
332	believes	2028	0.08368612175488954	0.08554304298934153
332	believes	2029	0.09388224327162845	0.09596540745002924
332	believes	2030	0.08397880325944186	0.08584221883834832
332	justified	2026	0.07501747453854656	0.07250330212050797
332	justified	2027	0.09836651331004735	0.0950698097600542
332	justified	2028	0.12299688205521218	0.11887470425237155
332	justified	2029	0.08098482261556039	0.078270657568653
332	justified	2030	0.08838232641937561	0.08542023780345587
332	knows	2026	0.09470841309416092	0.08697110637307594
332	knows	2027	0.1196092182607042	0.10983761320348333
332	knows	2028	0.15488485090976292	0.1422313647115844
332	knows	2029	0.1066584241500275	0.09794484829044825
332	knows	2030	0.11372393281835312	0.10443313255049487
332	true	2026	0.08691010909594396	0.08438891670385554
332	true	2027	0.1124641584015423	0.10920166358368882
332	true	2028	0.12657103311742607	0.12289930920551442
332	true	2029	0.10131738481620102	0.09837824893842977
332	true	2030	0.09495411911821007	0.09219957646248739
332	lucky_guessed	2026	0.13098527166395704	0.1287216900957697
332	lucky_guessed	2027	0.11960252147910745	0.11753564739708552
332	lucky_guessed	2028	0.17352871512054663	0.17052993215733056
332	lucky_guessed	2029	0.14417251767444464	0.14168104478210083
332	lucky_guessed	2030	0.15267503289994688	0.15003662641344256
333	believes	2026	0.11157270306606323	0.10583378062769921
333	believes	2027	0.08645749761894787	0.08201041639374537
333	believes	2028	0.11288568203369245	0.10707922439853425
333	believes	2029	0.1037296470893898	0.09839414492043724
333	believes	2030	0.11627541037158637	0.11029459657686842
333	justified	2026	0.09197448735264971	0.0919295967457924
333	justified	2027	0.11595794749079504	0.11590135111518458
333	justified	2028	0.11802390089194736	0.11796629617256044
333	justified	2029	0.08732136199868695	0.08727874247402792
333	justified	2030	0.11337171477220959	0.11331638067660256
333	knows	2026	0.12331421745427568	0.11680662247126194
333	knows	2027	0.1375650442857783	0.13030539807049793
333	knows	2028	0.12482795824424593	0.11824047943134011
333	knows	2029	0.10232312007717445	0.09692327700468012
333	knows	2030	0.13128157050596004	0.1243535186784931
333	true	2026	0.09502935616159489	0.0955800548582283
333	true	2027	0.11814142506095905	0.11882605906699033
333	true	2028	0.1069467610882299	0.10756652159508111
333	true	2029	0.1007741182197614	0.1013581080288014
333	true	2030	0.1050067773376284	0.10561529556560814
333	lucky_guessed	2026	0.15944561087900927	0.14236640364691205
333	lucky_guessed	2027	0.1701504916727292	0.15192461833635412
333	lucky_guessed	2028	0.1808502966634227	0.16147830092347923
333	lucky_guessed	2029	0.2003540053867341	0.1788928465695287
333	lucky_guessed	2030	0.17665132080884166	0.1577291033875838
334	believes	2026	0.07952459098314897	0.0754696127745989
334	believes	2027	0.13967718261093137	0.13255500914588317
334	believes	2028	0.09380665219711164	0.08902342821854474
334	believes	2029	0.09085180960292322	0.08621925376588338
334	believes	2030	0.11510868310937933	0.10923926340092294
334	justified	2026	0.08786805893130037	0.08306846702046827
334	justified	2027	0.10857314722820131	0.10264258718729402
334	justified	2028	0.08722209112428096	0.08245778372865196
334	justified	2029	0.09485997417932256	0.08967846487696292
334	justified	2030	0.09500341891496879	0.0898140742717443
334	knows	2026	0.11897116896359723	0.10882219060592248
334	knows	2027	0.11913619771568978	0.10897314138225021
334	knows	2028	0.11389701690695855	0.10418089518047428
334	knows	2029	0.12693235298789346	0.1161042362720105
334	knows	2030	0.11996145233066216	0.10972799666182151
334	true	2026	0.11044768201608401	0.10462934351802684
334	true	2027	0.10941207063577092	0.10364828771962471
334	true	2028	0.10716193405896228	0.10151668741294642
334	true	2029	0.11467435573732511	0.10863335780466393
334	true	2030	0.10088264006053135	0.09556818404175897
334	lucky_guessed	2026	0.21082179560318473	0.17886888099866724
334	lucky_guessed	2027	0.2621834639940883	0.22244598897756715
334	lucky_guessed	2028	0.20172746409634565	0.17115291930028076
334	lucky_guessed	2029	0.18366764252712353	0.15583030967218237
334	lucky_guessed	2030	0.18373823712704912	0.15589020469896134
335	believes	2026	0.09514047814066735	0.09058801431911685
335	believes	2027	0.10851871586256803	0.10332610449903223
335	believes	2028	0.08091356075766702	0.07704185372801049
335	believes	2029	0.10202791518001825	0.09714588807943428
335	believes	2030	0.09299423627353441	0.08854446994356026
335	justified	2026	0.10056843023424288	0.09753241190926577
335	justified	2027	0.08893261362183366	0.08624786410337035
335	justified	2028	0.09168583760861651	0.08891797216145499
335	justified	2029	0.09794356032126826	0.09498678309747878
335	justified	2030	0.0993388992274317	0.09633999870034715
335	knows	2026	0.11371239038257296	0.10689081426314295
335	knows	2027	0.09175382595098677	0.08624953828393661
335	knows	2028	0.10613426258259927	0.0997672963386311
335	knows	2029	0.10295540760969416	0.0967791400318726
335	knows	2030	0.10675142525422628	0.10034743558538409
335	true	2026	0.09429286262037467	0.09190275166173527
335	true	2027	0.09128169691012775	0.0889679121967877
335	true	2028	0.09667644776113125	0.09422591830625096
335	true	2029	0.09602291116571494	0.09358894738648782
335	true	2030	0.11351317149645858	0.11063586914711857
335	lucky_guessed	2026	0.1550179178115475	0.13874750285215343
335	lucky_guessed	2027	0.1741273393554856	0.15585123226357409
335	lucky_guessed	2028	0.17201479431535463	0.15396041633004307
335	lucky_guessed	2029	0.16839977992758132	0.1507248276564298
335	lucky_guessed	2030	0.18005230632584018	0.16115432485586118
336	believes	2026	0.09332840254971397	0.08968742785180753
336	believes	2027	0.09441252978246918	0.09072926056632463
336	believes	2028	0.08635851163358216	0.0829894498344236
336	believes	2029	0.10858329527798775	0.10434718901321093
336	believes	2030	0.10296005642384705	0.09894332678857275
336	justified	2026	0.0853056907141572	0.08282069651579323
336	justified	2027	0.08514036882043345	0.08266019052524459
336	justified	2028	0.08271286222300264	0.08030339831697829
336	justified	2029	0.10604535197437474	0.10295620185773367
336	justified	2030	0.08071157565584135	0.07836041015250297
336	knows	2026	0.10936909910047031	0.10263310609389974
336	knows	2027	0.11269582972512628	0.1057549448943866
336	knows	2028	0.09281898681029026	0.08710230768269932
336	knows	2029	0.12549827425371843	0.11776889269473576
336	knows	2030	0.10251659357329372	0.09620264326148964
336	true	2026	0.09154887421566657	0.08889799303248094
336	true	2027	0.1043446225503969	0.10132322879918769
336	true	2028	0.09472405043084677	0.09198122912328242
336	true	2029	0.11078618731284398	0.10757827217657856
336	true	2030	0.0962439508982125	0.0934571194858405
336	lucky_guessed	2026	0.13008852418562092	0.11445225297558599
336	lucky_guessed	2027	0.1569177183734327	0.13805665420572896
336	lucky_guessed	2028	0.1616026915852838	0.14217850694088277
336	lucky_guessed	2029	0.14995352936343434	0.13192954093934425
336	lucky_guessed	2030	0.16290378108589607	0.14332320917807223
337	believes	2026	0.08898184486285353	0.08256818210273653
337	believes	2027	0.09288853771037915	0.08619328705477618
337	believes	2028	0.10325955285278052	0.09581677674739676
337	believes	2029	0.12771939964536436	0.11851359863604032
337	believes	2030	0.12333862991086281	0.1144485874672341
337	justified	2026	0.07912681548841322	0.07677131682534864
337	justified	2027	0.09264766701492272	0.08988967082307978
337	justified	2028	0.07116710807498024	0.06904855917483733
337	justified	2029	0.11206604642027494	0.10872999124241245
337	justified	2030	0.10246214909527081	0.09941198899823044
337	knows	2026	0.11967607374851934	0.11258993792684316
337	knows	2027	0.11498102722540697	0.10817288963938292
337	knows	2028	0.08720843971655486	0.08204474383924411
337	knows	2029	0.10049907292758754	0.09454842583154478
337	knows	2030	0.12954557722060162	0.12187505857364458
337	true	2026	0.09367694127155352	0.09113213169258585
337	true	2027	0.10984259510076817	0.10685863251193005
337	true	2028	0.09375672853308259	0.09120975146887617
337	true	2029	0.09807847007064209	0.09541408941582608
337	true	2030	0.12920919922219173	0.125699127230001
337	lucky_guessed	2026	0.15442943219231567	0.14045262365927116
337	lucky_guessed	2027	0.13044647655366592	0.11864027225233591
337	lucky_guessed	2028	0.20831754081659984	0.18946352872360464
337	lucky_guessed	2029	0.16066188122729166	0.1461209979216006
337	lucky_guessed	2030	0.16821140640731766	0.15298724487895451
338	believes	2026	0.10463180645353613	0.10381594463864835
338	believes	2027	0.10675391695775237	0.10592150808144947
338	believes	2028	0.1168979434269305	0.11598643695950371
338	believes	2029	0.10124656778049576	0.10045710221222963
338	believes	2030	0.129122363740489	0.12811553790430605
338	justified	2026	0.087445962496261	0.0807914147498715
338	justified	2027	0.10866691047502855	0.10039747042810093
338	justified	2028	0.08449295267212038	0.0780631259341038
338	justified	2029	0.09895174628862359	0.09142162023741314
338	justified	2030	0.10236849985299723	0.09457836237206821
338	knows	2026	0.11551071487027478	0.10284489341433799
338	knows	2027	0.12069798605454413	0.1074633770992202
338	knows	2028	0.11352944049591068	0.10108086700272004
338	knows	2029	0.11090832814146427	0.09874716124197924
338	knows	2030	0.11642862164470692	0.10366215114221884
338	true	2026	0.11464284446499183	0.10654902913353831
338	true	2027	0.132186600649303	0.12285419146196151
338	true	2028	0.11085125543177614	0.10302512729520015
338	true	2029	0.11838806268610497	0.11002983395144998
338	true	2030	0.12156278968793927	0.11298042438200033
338	lucky_guessed	2026	0.16530818836517738	0.148805599592999
338	lucky_guessed	2027	0.2078847473389432	0.1871317735675274
338	lucky_guessed	2028	0.1618412580646624	0.1456847702667734
338	lucky_guessed	2029	0.1597991021139364	0.143846481167392
338	lucky_guessed	2030	0.1634630560835642	0.14714466544201
339	believes	2026	0.09708031481784754	0.09125166375532627
339	believes	2027	0.10241341811595174	0.09626457033524559
339	believes	2028	0.09745322849882834	0.09160218789495715
339	believes	2029	0.10855208591959496	0.10203467575130996
339	believes	2030	0.11143921906160656	0.10474846693736066
339	justified	2026	0.09448696906261933	0.09272144638889122
339	justified	2027	0.09709929278676721	0.0952849579137289
339	justified	2028	0.0892660968882489	0.08759812807080311
339	justified	2029	0.07739393822745332	0.07594780492351459
339	justified	2030	0.07986019028968605	0.07836797418747157
339	knows	2026	0.10537334103735933	0.10028188065790039
339	knows	2027	0.10316628643566585	0.09818146717576522
339	knows	2028	0.10415578947607122	0.09912315911446327
339	knows	2029	0.0764914961809686	0.07279555735681326
339	knows	2030	0.1059141493679422	0.10079655805099055
339	true	2026	0.095394091340835	0.09311476467147471
339	true	2027	0.10331569990264743	0.10084709595829681
339	true	2028	0.10394731378276456	0.10146361818712346
339	true	2029	0.08284389760392653	0.08086444266548896
339	true	2030	0.09778651550196679	0.09545002474499645
339	lucky_guessed	2026	0.19591855087044457	0.17036953081033587
339	lucky_guessed	2027	0.19078699415589281	0.16590716159669802
339	lucky_guessed	2028	0.2011811063428003	0.17494581571396137
339	lucky_guessed	2029	0.2089991352366754	0.18174432411754762
339	lucky_guessed	2030	0.15223515221361542	0.13238272404650758
340	believes	2026	0.11918160480543398	0.11443718454868718
340	believes	2027	0.10476151157168573	0.10059113109695111
340	believes	2028	0.1046773183093155	0.10051028942747245
340	believes	2029	0.08629307662087682	0.08285789363768523
340	believes	2030	0.093337334836636	0.08962173172126746
340	justified	2026	0.0924211257825363	0.08785070929868427
340	justified	2027	0.08497244797088181	0.08077038406405194
340	justified	2028	0.10095674745316807	0.09596422676258765
340	justified	2029	0.08729663112285783	0.08297963153547507
340	justified	2030	0.10026045391634242	0.095302366386269
340	knows	2026	0.10166127699828295	0.0933279992413143
340	knows	2027	0.09527773655391811	0.08746772406732997
340	knows	2028	0.10506800208806515	0.09645547162787432
340	knows	2029	0.10978973523064124	0.10079015952634988
340	knows	2030	0.1113307967648545	0.10220489868704627
340	true	2026	0.10963741591399051	0.10430388155111651
340	true	2027	0.09313038645189578	0.08859987000157567
340	true	2028	0.09033885412384163	0.08594413742283728
340	true	2029	0.09561372397371645	0.09096240053522693
340	true	2030	0.10350160903714313	0.09846656343879177
340	lucky_guessed	2026	0.17898009684673993	0.16352744233275815
340	lucky_guessed	2027	0.18756154667986483	0.17136799313947398
340	lucky_guessed	2028	0.19030741843280075	0.17387679379743695
340	lucky_guessed	2029	0.14604916000078044	0.1334396729611023
340	lucky_guessed	2030	0.16371566483440655	0.14958089984218947
341	believes	2026	0.10107880848081056	0.09806834286605483
341	believes	2027	0.0836330507237855	0.08114217823285308
341	believes	2028	0.07012790101618956	0.06803925713704934
341	believes	2029	0.11141120897109312	0.10809300984758925
341	believes	2030	0.10149779064091746	0.09847484633349454
341	justified	2026	0.0834076265480579	0.07923516384855331
341	justified	2027	0.10957090365419513	0.10408962421526129
341	justified	2028	0.11044381612593415	0.10491886928056518
341	justified	2029	0.09024664821088563	0.08573206376580167
341	justified	2030	0.10364183414634619	0.09845715613809825
341	knows	2026	0.10454330161037913	0.09596663655545873
341	knows	2027	0.11196447147266363	0.10277897842738863
341	knows	2028	0.13727305732751027	0.12601126421760092
341	knows	2029	0.0860540027901847	0.07899418788863079
341	knows	2030	0.12353050213355964	0.11339613939060524
341	true	2026	0.0923632901427122	0.08794414015779653
341	true	2027	0.10673363951105337	0.1016269357469662
341	true	2028	0.109588300235169	0.1043450143519691
341	true	2029	0.11230018677268609	0.10692714984518228
341	true	2030	0.12943296875712984	0.12324020861349619
341	lucky_guessed	2026	0.2054230626408876	0.17675598080733454
341	lucky_guessed	2027	0.18793684850932216	0.16170999283647497
341	lucky_guessed	2028	0.16792950548813476	0.1444947031139136
341	lucky_guessed	2029	0.196264340465804	0.16887537139480327
341	lucky_guessed	2030	0.148193179535856	0.1275126096411531
342	believes	2026	0.11153184197003961	0.10681923835139154
342	believes	2027	0.14190767176154379	0.13591158494324287
342	believes	2028	0.15774523785579528	0.15107995944191044
342	believes	2029	0.13652773676164395	0.13075897068601877
342	believes	2030	0.1154357482894992	0.11055819121251147
342	justified	2026	0.09139082802956987	0.09073633868075559
342	justified	2027	0.09592512937338515	0.09523816792646404
342	justified	2028	0.08648497730618288	0.08586562088169544
342	justified	2029	0.0922926950168575	0.09163174700747573
342	justified	2030	0.0839519728729266	0.08335075639155827
342	knows	2026	0.08757156734293	0.08467656448751218
342	knows	2027	0.1123998567431559	0.10868406272355441
342	knows	2028	0.09811842147046049	0.09487475324634706
342	knows	2029	0.10339625915517907	0.09997811243728857
342	knows	2030	0.09615179911797925	0.09297314488754789
342	true	2026	0.09071003248952668	0.09049793108548597
342	true	2027	0.09711409020858207	0.09688701461043636
342	true	2028	0.08557111885641412	0.08537103344186116
342	true	2029	0.08505773307680574	0.08485884807902787
342	true	2030	0.09283590384598407	0.09261883165440046
342	lucky_guessed	2026	0.14863093764854013	0.132246557836141
342	lucky_guessed	2027	0.17836122982840683	0.15869952157608094
342	lucky_guessed	2028	0.16748876731366713	0.1490255885072013
342	lucky_guessed	2029	0.17802083331902346	0.15839664878675738
342	lucky_guessed	2030	0.1769121093375512	0.1574101453544316
343	believes	2026	0.081706853783795	0.07818625761433431
343	believes	2027	0.11706913735223937	0.11202484623787384
343	believes	2028	0.10958730393317659	0.10486539108765734
343	believes	2029	0.12543957073138357	0.1200346132307034
343	believes	2030	0.10043662469942585	0.09610899758106914
343	justified	2026	0.09098692481239029	0.08908805289171895
343	justified	2027	0.09279511389081871	0.09085850556488505
343	justified	2028	0.11105141221995217	0.10873380000423906
343	justified	2029	0.12180155571510526	0.1192595909820582
343	justified	2030	0.1180241556614096	0.11556102422127683
343	knows	2026	0.09666984181827634	0.09128898495261085
343	knows	2027	0.1065467782058902	0.10061614925025958
343	knows	2028	0.11420903179072964	0.107851904880484
343	knows	2029	0.12270842223199026	0.11587820048110341
343	knows	2030	0.14574953684078035	0.13763679577049337
343	true	2026	0.09718020139344734	0.09438074457331136
343	true	2027	0.09767104796036255	0.09485745139005433
343	true	2028	0.11741413064816283	0.1140317977849846
343	true	2029	0.1247134907225106	0.12112088618825367
343	true	2030	0.12303863967689418	0.11949428234849949
343	lucky_guessed	2026	0.15720310409617078	0.1467990334465115
343	lucky_guessed	2027	0.17399031246285257	0.16247522493562158
343	lucky_guessed	2028	0.24607202068893141	0.22978639641407064
343	lucky_guessed	2029	0.18886721078845137	0.1763675351888841
343	lucky_guessed	2030	0.18135909235445494	0.1693563216670548
344	believes	2026	0.07223753686300875	0.07151604924015231
344	believes	2027	0.07524937590867509	0.07449780690863099
344	believes	2028	0.08059480902044812	0.07978985138069632
344	believes	2029	0.10021884357648352	0.09921788675600747
344	believes	2030	0.11131612229658426	0.11020432906623555
344	justified	2026	0.13226363300895383	0.12666615181567953
344	justified	2027	0.0968114237748419	0.0927143026573757
344	justified	2028	0.09466555976327785	0.09065925297757313
344	justified	2029	0.08971135678877117	0.08591471502849023
344	justified	2030	0.0815788078634492	0.07812634075365432
344	knows	2026	0.13714115161673038	0.12689090769834435
344	knows	2027	0.11097840772927157	0.10268362723859678
344	knows	2028	0.10384206871352482	0.09608067455316267
344	knows	2029	0.09258485078035492	0.08566484688321517
344	knows	2030	0.0933610303364935	0.08638301300078265
344	true	2026	0.1370375470147165	0.1320391041421262
344	true	2027	0.09973520278449216	0.09609736246726176
344	true	2028	0.10601792300964481	0.10215092054806779
344	true	2029	0.08935499895009799	0.08609577644238288
344	true	2030	0.09192458749405155	0.08857163927522434
344	lucky_guessed	2026	0.13411073326649653	0.11888761591613592
344	lucky_guessed	2027	0.1568675812990051	0.13906129883064614
344	lucky_guessed	2028	0.17174095916425203	0.1522463765045207
344	lucky_guessed	2029	0.1961255458355112	0.17386303092013428
344	lucky_guessed	2030	0.18180684641364966	0.16116966927918244
345	believes	2026	0.08637191467394983	0.08841899323174678
345	believes	2027	0.09322129828962097	0.09543071232865272
345	believes	2028	0.07375404088555476	0.07550206645865502
345	believes	2029	0.09348219125595791	0.0956977886521525
345	believes	2030	0.09476976092066633	0.0970158746746636
345	justified	2026	0.11153073210103094	0.1045801063474574
345	justified	2027	0.091114266071582	0.08543600006951355
345	justified	2028	0.0940337246410758	0.08817351718182015
345	justified	2029	0.10673436084615583	0.10008264626208518
345	justified	2030	0.08203629001240845	0.07692376596324009
345	knows	2026	0.13380195813693604	0.12122509480955102
345	knows	2027	0.10279485780437808	0.09313254123319219
345	knows	2028	0.10589178778052817	0.09593837184437887
345	knows	2029	0.10146388645966012	0.09192667601493354
345	knows	2030	0.09986570649159228	0.09047871874398333
345	true	2026	0.10257879670870401	0.09679151061475313
345	true	2027	0.09793141827299712	0.09240632777362578
345	true	2028	0.09924089470969075	0.09364192622563265
345	true	2029	0.09730951309821458	0.09181950921796198
345	true	2030	0.09122829754036617	0.08608138341512593
345	lucky_guessed	2026	0.14558841822138832	0.13046274667826535
345	lucky_guessed	2027	0.20238349531287375	0.18135719175624931
345	lucky_guessed	2028	0.1471613965719025	0.1318723030054827
345	lucky_guessed	2029	0.2214900556111986	0.1984787070975511
345	lucky_guessed	2030	0.22627142928378208	0.20276332774142553
346	believes	2026	0.09842555875740629	0.09229307957894811
346	believes	2027	0.10853952672914123	0.1017768890960978
346	believes	2028	0.12435094971413517	0.11660316936550646
346	believes	2029	0.1093155623907685	0.10250457326653974
346	believes	2030	0.10064172002114596	0.09437116123229426
346	justified	2026	0.12247701735919515	0.11580616048122494
346	justified	2027	0.12133450244511222	0.11472587400507368
346	justified	2028	0.09811232488467857	0.09276852005188174
346	justified	2029	0.09753154392614234	0.09221937202118279
346	justified	2030	0.09120883014178442	0.08624103238672862
346	knows	2026	0.12533737154538813	0.11492085538155189
346	knows	2027	0.14318623488575324	0.13128633853611432
346	knows	2028	0.10673646334653873	0.0978658281799371
346	knows	2029	0.10821237635866127	0.09921908127381152
346	knows	2030	0.10479279295507798	0.0960836920044902
346	true	2026	0.11316761441532486	0.10741301009963297
346	true	2027	0.11858175437262962	0.1125518395511448
346	true	2028	0.10205890458427584	0.09686918121854297
346	true	2029	0.09923222356956823	0.09418623771080994
346	true	2030	0.09744472155788807	0.0924896306680117
346	lucky_guessed	2026	0.1690422980790767	0.1510817851725858
346	lucky_guessed	2027	0.17463757243136033	0.15608256927975608
346	lucky_guessed	2028	0.16711519687000895	0.14935943583054118
346	lucky_guessed	2029	0.17807078585056169	0.15915100847009875
346	lucky_guessed	2030	0.1752728285989259	0.15665033034860296
347	believes	2026	0.0677992748161243	0.0759680072503606
347	believes	2027	0.07050838153993497	0.07900351817277985
347	believes	2028	0.06980044685108379	0.07821028863276953
347	believes	2029	0.08913053543709104	0.09986934492554679
347	believes	2030	0.09427505886008414	0.10563370145823117
347	justified	2026	0.14742234664232437	0.13491541508332916
347	justified	2027	0.09522421100310549	0.08714563460746126
347	justified	2028	0.09640581620907446	0.08822699547614087
347	justified	2029	0.10997391679550095	0.10064401341271839
347	justified	2030	0.11828854220837505	0.10825324745619719
347	knows	2026	0.1570884040663723	0.13868212282702694
347	knows	2027	0.1221940642094263	0.10787640451338003
347	knows	2028	0.11349421881244451	0.10019593290192613
347	knows	2029	0.1388316158994679	0.12256450960129267
347	knows	2030	0.13588459421491067	0.11996279481743759
347	true	2026	0.15210993985058105	0.14096186938956076
347	true	2027	0.11459762034155742	0.10619881124671539
347	true	2028	0.11182173228751782	0.10362636680489953
347	true	2029	0.1247551597990491	0.11561190911351323
347	true	2030	0.12625815550465885	0.11700475092618735
347	lucky_guessed	2026	0.14333865326431025	0.12797283175654597
347	lucky_guessed	2027	0.17384259809476138	0.15520677117761805
347	lucky_guessed	2028	0.2109708348174393	0.18835488219528676
347	lucky_guessed	2029	0.164394910080669	0.1467718699058282
347	lucky_guessed	2030	0.17270494979758763	0.1541910781261152
348	believes	2026	0.0964745262988916	0.0901970602491947
348	believes	2027	0.12394369448756982	0.11587884707065471
348	believes	2028	0.10565426727014138	0.09877948797618452
348	believes	2029	0.10715683363258884	0.10018428439158444
348	believes	2030	0.11042001714265613	0.10323513699437249
348	justified	2026	0.09301390123686706	0.09028475509167018
348	justified	2027	0.06763342004347768	0.06564896949206937
348	justified	2028	0.10964169059100219	0.1064246639611085
348	justified	2029	0.0722934949784389	0.07017231190236538
348	justified	2030	0.0812602351458544	0.0788759565105422
348	knows	2026	0.10771096472868476	0.10154595845866429
348	knows	2027	0.09346379087307374	0.08811424397964657
348	knows	2028	0.1318676361856885	0.12431998487697227
348	knows	2029	0.09827674429421894	0.09265172045103628
348	knows	2030	0.1081084225585278	0.10192066716524749
348	true	2026	0.11693067817993737	0.11402366959274562
348	true	2027	0.09838201555102294	0.09593614447181863
348	true	2028	0.10446034434142017	0.10186336019022743
348	true	2029	0.10415912520318596	0.10156962964810079
348	true	2030	0.09728898547469829	0.09487028816945468
348	lucky_guessed	2026	0.16274625426257955	0.1465535303840072
348	lucky_guessed	2027	0.22097226379686652	0.1989862410235704
348	lucky_guessed	2028	0.23640818312331133	0.21288633649589586
348	lucky_guessed	2029	0.2354631415029676	0.2120353234483222
348	lucky_guessed	2030	0.2110487945936623	0.19005012478558858
349	believes	2026	0.09887348484809699	0.09839828675930595
349	believes	2027	0.11154455769031532	0.11100846087213484
349	believes	2028	0.08916806475308217	0.0887395121030268
349	believes	2029	0.09710712351284363	0.09664041477316287
349	believes	2030	0.08725092096645913	0.08683158234445933
349	justified	2026	0.12145727894679963	0.11959145059765171
349	justified	2027	0.10251505646870776	0.10094021879547455
349	justified	2028	0.09380906859963913	0.09236797242888566
349	justified	2029	0.09311600593404083	0.09168555660125724
349	justified	2030	0.10087807852647725	0.09932838813036098
349	knows	2026	0.1496622284116252	0.14139153285548337
349	knows	2027	0.12062446062032295	0.11395846211821184
349	knows	2028	0.11945604744262732	0.11285461826959185
349	knows	2029	0.11309613021675352	0.10684616540246589
349	knows	2030	0.11504509771807359	0.10868742826098256
349	true	2026	0.12520410064675658	0.12407842309987994
349	true	2027	0.11198694744773506	0.11098010189208644
349	true	2028	0.10349927206681477	0.1025687369958238
349	true	2029	0.11021048018572446	0.10921960638578734
349	true	2030	0.1202623620646546	0.11918111440574226
349	lucky_guessed	2026	0.18983479229666395	0.1653874127294469
349	lucky_guessed	2027	0.16497829236328176	0.14373199243606166
349	lucky_guessed	2028	0.15508170987650532	0.13510991556306332
349	lucky_guessed	2029	0.22491802078380282	0.19595253896097747
349	lucky_guessed	2030	0.17032041156628658	0.14838614072357126
350	believes	2026	0.11184904094951625	0.10668046220103418
350	believes	2027	0.10635752395199004	0.10144270990108059
350	believes	2028	0.10375171345776152	0.09895731471509885
350	believes	2029	0.10143256883021534	0.09674533847750787
350	believes	2030	0.13486179982814053	0.1286297943799366
350	justified	2026	0.08081550328197971	0.07745516378764379
350	justified	2027	0.08356220699713783	0.0800876585132089
350	justified	2028	0.08553152564170502	0.08197509213634423
350	justified	2029	0.08486636216800886	0.08133758641394676
350	justified	2030	0.0895994070742486	0.0858738295051757
350	knows	2026	0.10071439406501485	0.09338216659542325
350	knows	2027	0.09531018125925061	0.08837139226440537
350	knows	2028	0.10247051698142245	0.09501043993474505
350	knows	2029	0.10930168833798755	0.10134428712295185
350	knows	2030	0.11752350748541936	0.10896753991090284
350	true	2026	0.08702110548071054	0.08375534005975489
350	true	2027	0.09468882846266082	0.09113530544044748
350	true	2028	0.09393399058879674	0.0904087954465072
350	true	2029	0.10501772944456117	0.1010765789901654
350	true	2030	0.09911374089047856	0.09539415785422958
350	lucky_guessed	2026	0.18462461666532617	0.16761123469725997
350	lucky_guessed	2027	0.14839311341563505	0.1347185083409104
350	lucky_guessed	2028	0.18872423413123787	0.17133306744989618
350	lucky_guessed	2029	0.15061833183336687	0.13673867018716737
350	lucky_guessed	2030	0.17176911603991105	0.15594038401983837
351	believes	2026	0.08097884391454925	0.07942594635807855
351	believes	2027	0.1098650980476589	0.10775826082879648
351	believes	2028	0.09666710434970982	0.09481335955811752
351	believes	2029	0.13462692271907475	0.13204523830349793
351	believes	2030	0.09631422554941133	0.09446724776757398
351	justified	2026	0.08947781218983006	0.08549356964786237
351	justified	2027	0.08822580501927692	0.08429731149608478
351	justified	2028	0.08236745759494128	0.07869982289766843
351	justified	2029	0.07798536229234916	0.07451285228688821
351	justified	2030	0.0789789533414452	0.07546220099667976
351	knows	2026	0.1325972117031212	0.12195242294788881
351	knows	2027	0.11482132636395043	0.10560357021326754
351	knows	2028	0.10627801614192205	0.09774610950056009
351	knows	2029	0.0925576332163761	0.08512718697533037
351	knows	2030	0.10808079916119373	0.0994041666680195
351	true	2026	0.10585858521180758	0.10147279179675298
351	true	2027	0.11500588092764581	0.11024110880967534
351	true	2028	0.10670685524301772	0.10228591742177606
351	true	2029	0.11300194254802463	0.10832019496445477
351	true	2030	0.1080547839388431	0.10357800051201088
351	lucky_guessed	2026	0.14801007554468176	0.12920363501132417
351	lucky_guessed	2027	0.16065991580379285	0.1402461626080103
351	lucky_guessed	2028	0.1950479370281028	0.17026477672381843
351	lucky_guessed	2029	0.1648197209932036	0.1438774150712832
351	lucky_guessed	2030	0.14001262897410008	0.12222235914935717
352	believes	2026	0.09686008929847598	0.09837516962849016
352	believes	2027	0.11296556979690649	0.1147325711904395
352	believes	2028	0.08035600936791472	0.08161293376343744
352	believes	2029	0.13288961309478223	0.1349682653066615
352	believes	2030	0.10441498796581497	0.10604824161622393
352	justified	2026	0.09089278056994146	0.0866572612470403
352	justified	2027	0.1009317637715034	0.09622843713688976
352	justified	2028	0.09022566686184172	0.08602123441936727
352	justified	2029	0.08958975219741347	0.0854149527888501
352	justified	2030	0.09127397681667213	0.0870206941020173
352	knows	2026	0.09713308003950942	0.0889694120625187
352	knows	2027	0.11096957308363309	0.10164300020202881
352	knows	2028	0.11296444312294224	0.10347020896001606
352	knows	2029	0.10216407489036793	0.09357757082561334
352	knows	2030	0.09810160454555143	0.08985653574721651
352	true	2026	0.09698274888805827	0.09277855064689546
352	true	2027	0.10061426031511385	0.09625263620048964
352	true	2028	0.10214647872379462	0.09771843300313522
352	true	2029	0.09037777804531143	0.0864599050229982
352	true	2030	0.09579711664910241	0.09164431551753728
352	lucky_guessed	2026	0.17951520246182898	0.16449762404278534
352	lucky_guessed	2027	0.1782963879516693	0.16338077105027757
352	lucky_guessed	2028	0.1378935536713329	0.12635788857255012
352	lucky_guessed	2029	0.20633744308496035	0.18907601514003614
352	lucky_guessed	2030	0.16815241936421885	0.15408540938665988
353	believes	2026	0.08418066889587296	0.080079562391791
353	believes	2027	0.11554376748906313	0.10991471627610987
353	believes	2028	0.09261152157879769	0.08809968152714
353	believes	2029	0.0855232563169121	0.08135674175564858
353	believes	2030	0.09143386096112738	0.0869793940769923
353	justified	2026	0.10531380216210687	0.10254847149689672
353	justified	2027	0.0800019833220373	0.07790129059975268
353	justified	2028	0.08186863217290918	0.07971892497006722
353	justified	2029	0.09304972906844043	0.09060642853328002
353	justified	2030	0.07301605612488747	0.07109879993519967
353	knows	2026	0.1178684775748891	0.11105493971968276
353	knows	2027	0.110654982086173	0.10425842954877142
353	knows	2028	0.10406318422243227	0.09804767897776363
353	knows	2029	0.1124764723839871	0.1059746262740172
353	knows	2030	0.10245896977511831	0.09653619819503524
353	true	2026	0.10913772879327453	0.10674846360921889
353	true	2027	0.09972243967522347	0.09753929590065936
353	true	2028	0.1001892208598365	0.09799585821737676
353	true	2029	0.10511112236093459	0.10281000845751358
353	true	2030	0.10163536336295916	0.09941034147697202
353	lucky_guessed	2026	0.19077171162782616	0.1674776107387754
353	lucky_guessed	2027	0.2628674503945129	0.23077012916334885
353	lucky_guessed	2028	0.21949775618804848	0.19269607351750895
353	lucky_guessed	2029	0.3143647253316611	0.2759793506587092
353	lucky_guessed	2030	0.21132585355167974	0.18552199767025265
354	believes	2026	0.08931004702077637	0.08756110344444525
354	believes	2027	0.11790460250570779	0.1155956965757371
354	believes	2028	0.09015435799958717	0.08838888042386767
354	believes	2029	0.06346995481206635	0.0622270333999573
354	believes	2030	0.09921376446309521	0.0972708780597212
354	justified	2026	0.08836768832020812	0.0825400660326059
354	justified	2027	0.0824818454268712	0.07704237937463689
354	justified	2028	0.08671679048066026	0.08099804066926723
354	justified	2029	0.08483684657238112	0.07924207423768334
354	justified	2030	0.0900901221385895	0.08414890976053989
354	knows	2026	0.1141355726888133	0.10284098248663893
354	knows	2027	0.1024826729971273	0.09234122658337969
354	knows	2028	0.10122006287088138	0.09120356141184956
354	knows	2029	0.1050817078387462	0.09468306699590247
354	knows	2030	0.11720925050005686	0.10561049630699276
354	true	2026	0.10699508331982018	0.10069239971439302
354	true	2027	0.08791802383501163	0.08273909906339237
354	true	2028	0.11556510526757281	0.10875759344806035
354	true	2029	0.10389938814263985	0.09777906046082362
354	true	2030	0.10517960883845813	0.09898386810269115
354	lucky_guessed	2026	0.19530241250457936	0.18129679595304518
354	lucky_guessed	2027	0.16579024536822867	0.1539010189381264
354	lucky_guessed	2028	0.16462941429646974	0.15282343391880313
354	lucky_guessed	2029	0.18114740766742315	0.16815688134182089
354	lucky_guessed	2030	0.1419864837937667	0.13180428367645122
355	believes	2026	0.08460527425182243	0.08084084524546255
355	believes	2027	0.12116503337864282	0.11577391361405791
355	believes	2028	0.08782883422965217	0.0839209760719587
355	believes	2029	0.09835279240353155	0.0939766810103063
355	believes	2030	0.07101195683567417	0.06785234920512706
355	justified	2026	0.08157383428895026	0.07847250236629642
355	justified	2027	0.0844800682237949	0.08126824503693363
355	justified	2028	0.08876807865918998	0.08539323084851543
355	justified	2029	0.09050705735681215	0.08706609581990711
355	justified	2030	0.08929926930933978	0.08590422631555675
355	knows	2026	0.08947674607942345	0.08351985217150994
355	knows	2027	0.08990330376308575	0.08391801187493134
355	knows	2028	0.0976855659974345	0.09118217178074405
355	knows	2029	0.09424027993167496	0.08796625484691432
355	knows	2030	0.10988995489649836	0.10257405627985901
355	true	2026	0.08817525135060461	0.08508590211085566
355	true	2027	0.09956528590838332	0.09607687010445898
355	true	2028	0.09035247806667664	0.08718684649603516
355	true	2029	0.09752838830089629	0.09411133819175307
355	true	2030	0.09726390869741758	0.09385612501904061
355	lucky_guessed	2026	0.20498788343407204	0.17778104018665197
355	lucky_guessed	2027	0.20538887435888542	0.17812880993052393
355	lucky_guessed	2028	0.2093489073659995	0.18156325091007894
355	lucky_guessed	2029	0.23329502288786821	0.20233113852660115
355	lucky_guessed	2030	0.19449964632968222	0.16868484547062448
356	believes	2026	0.10436455404147017	0.09878317216934109
356	believes	2027	0.07146507514696693	0.06764314653740157
356	believes	2028	0.07837965132562341	0.0741879334663318
356	believes	2029	0.12179745893688101	0.1152837710701023
356	believes	2030	0.1504938429899132	0.1424454819841528
356	justified	2026	0.085494302930824	0.07959553669535707
356	justified	2027	0.08902932322381589	0.08288665467402913
356	justified	2028	0.10430749760878384	0.09711069590494885
356	justified	2029	0.09904352365049143	0.09220991517456867
356	justified	2030	0.09000169947132004	0.08379194083505596
356	knows	2026	0.13314081753961676	0.11930000792220397
356	knows	2027	0.12749310226423285	0.11423940750268823
356	knows	2028	0.13573159916577193	0.12162146181017519
356	knows	2029	0.14522385015137065	0.13012693472755843
356	knows	2030	0.12484417959351464	0.11186585669053435
356	true	2026	0.10202876006430803	0.09567847608963864
356	true	2027	0.11841658776218371	0.11104632315123225
356	true	2028	0.12220326388041192	0.1145973160301886
356	true	2029	0.13191140030966853	0.12370121672089703
356	true	2030	0.11452446712710013	0.10739644863656486
356	lucky_guessed	2026	0.17349693226486737	0.1612818961360892
356	lucky_guessed	2027	0.18965658148994374	0.17630382669066286
356	lucky_guessed	2028	0.2002087382744074	0.18611305981258028
356	lucky_guessed	2029	0.1652652906584329	0.15362980252689684
356	lucky_guessed	2030	0.17347551876470801	0.16126199025150942
357	believes	2026	0.12535773163163447	0.11887776639407487
357	believes	2027	0.14844455826298017	0.14077119368682778
357	believes	2028	0.13226363779789357	0.12542669392560002
357	believes	2029	0.10441141821775182	0.09901420536419225
357	believes	2030	0.11017877158083247	0.10448343392221257
357	justified	2026	0.07279458537458619	0.07222387119190786
357	justified	2027	0.08600315863161628	0.08532888839388328
357	justified	2028	0.07472794178544372	0.07414206996544703
357	justified	2029	0.07435850954259743	0.07377553409489884
357	justified	2030	0.0858248193851998	0.0851519473385099
357	knows	2026	0.09505725663609133	0.09045593030651837
357	knows	2027	0.11643873719066627	0.11080242234025205
357	knows	2028	0.10715932653616264	0.10197218935064724
357	knows	2029	0.09603769645954573	0.09138891111701711
357	knows	2030	0.10747048873112437	0.10226828947827069
357	true	2026	0.08644878362281366	0.0852550447063028
357	true	2027	0.10238589494466323	0.10097208641925348
357	true	2028	0.09513000907611611	0.09381639436457004
357	true	2029	0.0941732216877236	0.09287281889533344
357	true	2030	0.10105408958882864	0.09965867146541013
357	lucky_guessed	2026	0.1357660651276786	0.13216927989676913
357	lucky_guessed	2027	0.13012822151762868	0.12668079697277676
357	lucky_guessed	2028	0.14412688591105222	0.14030860146615554
357	lucky_guessed	2029	0.24253331729594907	0.23610799847395056
357	lucky_guessed	2030	0.10326881174656373	0.10053296065922242
358	believes	2026	0.13160725869828488	0.12377158435589503
358	believes	2027	0.14801758999436346	0.13920487218827235
358	believes	2028	0.1329364927842761	0.12502167808499676
358	believes	2029	0.07651019077486597	0.07195490298363275
358	believes	2030	0.09822138078731275	0.09237344533966652
358	justified	2026	0.10169585670588188	0.09913933658901966
358	justified	2027	0.08035727668052632	0.07833718460377463
358	justified	2028	0.12280708457310673	0.11971985179515435
358	justified	2029	0.08411434654040514	0.08199980592869478
358	justified	2030	0.10043354169762284	0.0979087547684928
358	knows	2026	0.1262677263865606	0.11868755567185107
358	knows	2027	0.09188586446238657	0.08636972380771739
358	knows	2028	0.12959430376321285	0.12181443020176386
358	knows	2029	0.1020203035163888	0.09589576687388046
358	knows	2030	0.10253323468224748	0.09637790548558954
358	true	2026	0.11336200943060387	0.11069622794194224
358	true	2027	0.09583055618971904	0.0935770382429056
358	true	2028	0.11244674595729963	0.10980248748535797
358	true	2029	0.09016911210041301	0.08804872669886908
358	true	2030	0.08809831866910751	0.08602662932388568
358	lucky_guessed	2026	0.21000477285410074	0.1840619377391472
358	lucky_guessed	2027	0.19506094123972137	0.17096418492711402
358	lucky_guessed	2028	0.18721732873680422	0.16408952919171815
358	lucky_guessed	2029	0.19192238688701752	0.16821335032460877
358	lucky_guessed	2030	0.16458570240820655	0.14425368955999696
359	believes	2026	0.19855407092734076	0.18924392116187314
359	believes	2027	0.12703306328931657	0.12107651533809144
359	believes	2028	0.11291530281938464	0.10762073305734586
359	believes	2029	0.09889868565571636	0.09426135149901922
359	believes	2030	0.10528596492396013	0.10034913287077829
359	justified	2026	0.11164228316992231	0.10510561739876295
359	justified	2027	0.08968338535414883	0.08443241503500995
359	justified	2028	0.0945672299987775	0.08903031013423553
359	justified	2029	0.10950886440463163	0.10309711049502386
359	justified	2030	0.08303706854075352	0.0781752406718123
359	knows	2026	0.12153404914177966	0.11124078805629285
359	knows	2027	0.09418943541531252	0.08621211171820284
359	knows	2028	0.08579578899805637	0.07852936068081912
359	knows	2029	0.11329005756588585	0.10369501692377647
359	knows	2030	0.09322198722558767	0.08532660103384246
359	true	2026	0.1323615584715619	0.12537281374506953
359	true	2027	0.10350649514098961	0.09804130962619592
359	true	2028	0.10327633053505553	0.09782329780611992
359	true	2029	0.11376427883374288	0.1077574781210318
359	true	2030	0.10348317228850568	0.09801921822991563
359	lucky_guessed	2026	0.2045896358917772	0.18958676013838766
359	lucky_guessed	2027	0.1618665322617666	0.14999660805192094
359	lucky_guessed	2028	0.20422069361778986	0.18924487297436557
359	lucky_guessed	2029	0.1960354228642349	0.18165984083792414
359	lucky_guessed	2030	0.21810174779460134	0.20210800788936784
360	believes	2026	0.11133005078867708	0.10685121530460462
360	believes	2027	0.1260701772835471	0.12099834286417142
360	believes	2028	0.0964276379884643	0.09254833025790542
360	believes	2029	0.10314868901565587	0.0989989917396185
360	believes	2030	0.1374157316545041	0.13188746277611993
360	justified	2026	0.09884276004785	0.09322879258822317
360	justified	2027	0.0918994037964674	0.08667979780587468
360	justified	2028	0.11988208879274778	0.11307315159644961
360	justified	2029	0.09162387704734921	0.08641992013619397
360	justified	2030	0.09572750488088187	0.09029047441823213
360	knows	2026	0.09941311320420852	0.09058564648347349
360	knows	2027	0.09067059883064854	0.08261943065042518
360	knows	2028	0.14758124746912832	0.13447665282714963
360	knows	2029	0.11637361396333319	0.1060401260428533
360	knows	2030	0.10598741630124343	0.09657617909057425
360	true	2026	0.0879437716676487	0.08341411668001539
360	true	2027	0.08379725729430632	0.07948117376439358
360	true	2028	0.10650189382998052	0.10101637933098358
360	true	2029	0.09620641823247791	0.0912511852020371
360	true	2030	0.09610729595136594	0.09115716833915441
360	lucky_guessed	2026	0.18854265460245012	0.17295590610439066
360	lucky_guessed	2027	0.1668114939712903	0.15302125213663295
360	lucky_guessed	2028	0.16104220992442386	0.1477289125755752
360	lucky_guessed	2029	0.14049042393979472	0.12887613480743584
360	lucky_guessed	2030	0.17645760560198132	0.16186992344121412
361	believes	2026	0.06628343992921935	0.06672159564395445
361	believes	2027	0.0782524466920593	0.07876972154603101
361	believes	2028	0.08352023910129591	0.084072335825566
361	believes	2029	0.11182483927270155	0.11256403887412524
361	believes	2030	0.07578815431686353	0.0762891393737438
361	justified	2026	0.09787989318248357	0.09157392802651403
361	justified	2027	0.09219871626412274	0.0862587640095495
361	justified	2028	0.09394203470508072	0.08788976821530552
361	justified	2029	0.07622092690966165	0.07131035239205434
361	justified	2030	0.10438562022195969	0.09766052007624612
361	knows	2026	0.11950875265431124	0.10818631971305133
361	knows	2027	0.11327324574138467	0.10254157378882485
361	knows	2028	0.12270927553242757	0.11108362040149876
361	knows	2029	0.09537775378033156	0.08634152674857996
361	knows	2030	0.12530644998522214	0.11343473477145086
361	true	2026	0.11646641067429463	0.10969011132437416
361	true	2027	0.10781139987368135	0.10153867012569326
361	true	2028	0.10434368911100474	0.09827271921850454
361	true	2029	0.09202022667864176	0.0866662658360961
361	true	2030	0.10948322683832737	0.10311322612690768
361	lucky_guessed	2026	0.19898779395680577	0.17507511614672108
361	lucky_guessed	2027	0.19844860094762984	0.17460071881395064
361	lucky_guessed	2028	0.22318799285331567	0.19636713888003463
361	lucky_guessed	2029	0.18729590966245718	0.16478826407351585
361	lucky_guessed	2030	0.17312026666413602	0.15231613050674916
362	believes	2026	0.06943483203968291	0.06706011850100493
362	believes	2027	0.09746650014191055	0.094133086484018
362	believes	2028	0.09222852595453057	0.08907425420355455
362	believes	2029	0.12549620661804345	0.12120415992974333
362	believes	2030	0.10713579002762844	0.1034716807674495
362	justified	2026	0.11158619322256356	0.10306045078549068
362	justified	2027	0.09977386531622957	0.09215064372338681
362	justified	2028	0.09123598914151941	0.08426510392760492
362	justified	2029	0.10578505588153286	0.09770254930889229
362	justified	2030	0.10268045355249521	0.09483515410255051
362	knows	2026	0.14005167930231738	0.12530950166099478
362	knows	2027	0.12948116804522233	0.11585166792042786
362	knows	2028	0.11131705811855343	0.09959955602598129
362	knows	2029	0.11796507742966482	0.10554778878590261
362	knows	2030	0.11864255602045384	0.1061539543457922
362	true	2026	0.14786066581067447	0.1377770766523753
362	true	2027	0.1277308582451617	0.11902005276948269
362	true	2028	0.10684617156660255	0.09955962993426405
362	true	2029	0.1087272193188598	0.1013123966956512
362	true	2030	0.11716983174148882	0.10917925197133521
362	lucky_guessed	2026	0.1679992968276166	0.15251882084909846
362	lucky_guessed	2027	0.14716113007366532	0.1336008093931893
362	lucky_guessed	2028	0.18505260920084146	0.16800073740381127
362	lucky_guessed	2029	0.18234166682485936	0.16553959773012028
362	lucky_guessed	2030	0.14160321352872018	0.12855503304876487
363	believes	2026	0.12021194662101045	0.11677039130499009
363	believes	2027	0.0827382481228272	0.08036952965790585
363	believes	2028	0.08269628151247976	0.08032876451226302
363	believes	2029	0.12757938401059177	0.12392690587012455
363	believes	2030	0.09856689456281827	0.09574501679191962
363	justified	2026	0.08698220840769227	0.08458360038130223
363	justified	2027	0.08755585362081411	0.08514142684208743
363	justified	2028	0.1078233679212093	0.10485004727940611
363	justified	2029	0.08248775970657121	0.08021308990761934
363	justified	2030	0.11146154090417057	0.10838789456268608
363	knows	2026	0.12503851343971464	0.118100135111001
363	knows	2027	0.10821570628296287	0.10221082434183072
363	knows	2028	0.13316436144565275	0.12577508038180696
363	knows	2029	0.09515066761744255	0.08987076375423962
363	knows	2030	0.12567889749659336	0.11870498430154074
363	true	2026	0.10224453924127153	0.09952050645521592
363	true	2027	0.09950841405841869	0.09685727802323264
363	true	2028	0.1222263893766783	0.11896999353926743
363	true	2029	0.10555641721220763	0.10274414827932998
363	true	2030	0.09834657297655353	0.09572639109522911
363	lucky_guessed	2026	0.17228117756898442	0.15516448039753875
363	lucky_guessed	2027	0.2229247667260874	0.20077646371406677
363	lucky_guessed	2028	0.1539754957721624	0.13867752782148482
363	lucky_guessed	2029	0.20295827986679005	0.18279371247795662
363	lucky_guessed	2030	0.150511745071765	0.13555791205592294
364	believes	2026	0.08481560793666783	0.07897729265922988
364	believes	2027	0.14287025115306037	0.13303572198690558
364	believes	2028	0.11942921739524259	0.11120826088200561
364	believes	2029	0.0968597814916907	0.09019240085492748
364	believes	2030	0.11818112607062817	0.11004608240793133
364	justified	2026	0.09036824467980636	0.08606084854906464
364	justified	2027	0.08052341877626541	0.07668527559112409
364	justified	2028	0.09768380818707345	0.09302771622786844
364	justified	2029	0.10672159855748055	0.10163472094552901
364	justified	2030	0.1131899968635632	0.10779480349385366
364	knows	2026	0.10415667088848939	0.09615416164545396
364	knows	2027	0.08817554975988712	0.08140089340860385
364	knows	2028	0.10391092657052023	0.09592729822257483
364	knows	2029	0.10966920600998464	0.10124316063732819
364	knows	2030	0.12095808206425693	0.11166469584634138
364	true	2026	0.11022183722293068	0.10560635898814824
364	true	2027	0.09948918460873397	0.09532313024303579
364	true	2028	0.10614785130478831	0.10170296896831199
364	true	2029	0.11487591434388486	0.110065549213765
364	true	2030	0.1225580344786626	0.11742598483327435
364	lucky_guessed	2026	0.15929828290617123	0.14960116777681606
364	lucky_guessed	2027	0.15220643722719382	0.14294103073131573
364	lucky_guessed	2028	0.13701836440353407	0.12867751583808143
364	lucky_guessed	2029	0.14587904076267583	0.1369988078597965
364	lucky_guessed	2030	0.12972629482142764	0.12182934330859173
365	believes	2026	0.10053544982169171	0.09612869016739924
365	believes	2027	0.13193968262793007	0.12615638458494
365	believes	2028	0.1311228384210531	0.12537534502310207
365	believes	2029	0.13368823050895873	0.12782828855310624
365	believes	2030	0.13202205707156517	0.12623514831836888
365	justified	2026	0.0869591474121076	0.08228450292570896
365	justified	2027	0.08885220200853206	0.08407579298677419
365	justified	2028	0.12074114220485918	0.11425048617284256
365	justified	2029	0.11837556818409262	0.11201207781414185
365	justified	2030	0.09173728247513645	0.08680578079323424
365	knows	2026	0.09359351782059942	0.08457996868318403
365	knows	2027	0.12474431048299967	0.1127307758031006
365	knows	2028	0.13517343093975698	0.12215551698353676
365	knows	2029	0.12611883361564538	0.11397292511237575
365	knows	2030	0.11732408634532918	0.10602515836504935
365	true	2026	0.09977283116016918	0.09481658725616232
365	true	2027	0.11341505915401484	0.10778113367532134
365	true	2028	0.13390087788304814	0.12724931350392724
365	true	2029	0.117285832007373	0.11145962478088131
365	true	2030	0.11764933464503462	0.11180507032112419
365	lucky_guessed	2026	0.2329910492565449	0.22742052020783024
365	lucky_guessed	2027	0.17832640600188684	0.17406284125141183
365	lucky_guessed	2028	0.15023018213668551	0.1466383634970577
365	lucky_guessed	2029	0.20153312510347027	0.19671471627940001
365	lucky_guessed	2030	0.18671981343279093	0.1822555726475037
366	believes	2026	0.12719721680760487	0.125470011053396
366	believes	2027	0.09682520258768416	0.09551041716030452
366	believes	2028	0.1466268095146719	0.14463577012347129
366	believes	2029	0.12539588106549424	0.1236931355749383
366	believes	2030	0.08342068159479146	0.08228791560441222
366	justified	2026	0.08531604549329573	0.08202333897741086
366	justified	2027	0.09250985070794501	0.08893950486680399
366	justified	2028	0.08910898675284444	0.08566989461480055
366	justified	2029	0.07353490315940799	0.07069688068218273
366	justified	2030	0.08986665291708021	0.08639831924186214
366	knows	2026	0.09952422705713364	0.09281073564385454
366	knows	2027	0.112093410932722	0.10453205452700999
366	knows	2028	0.11520063462498285	0.10742967780142328
366	knows	2029	0.10673256314850987	0.09953282729119502
366	knows	2030	0.10790802411046994	0.10062899653386112
366	true	2026	0.10398359005453373	0.09990431462163002
366	true	2027	0.08872037222549356	0.08523987270987073
366	true	2028	0.1035661973145972	0.09950329619565018
366	true	2029	0.09310810532900547	0.08945547507769727
366	true	2030	0.09530140401447935	0.0915627306727183
366	lucky_guessed	2026	0.27505395340603744	0.25076097183567164
366	lucky_guessed	2027	0.20716557408380737	0.18886854758805324
366	lucky_guessed	2028	0.1548687138287294	0.14119058717656038
366	lucky_guessed	2029	0.2159138356014583	0.19684415576555278
366	lucky_guessed	2030	0.17825244447941782	0.16250904833844784
367	believes	2026	0.08772909122401656	0.0881909715473586
367	believes	2027	0.07613599069487201	0.07653683510702165
367	believes	2028	0.09859353764692291	0.09911261762840265
367	believes	2029	0.09499140332809436	0.09549151862020265
367	believes	2030	0.11981039106625097	0.12044117455429726
367	justified	2026	0.08045536897330365	0.07438007120775016
367	justified	2027	0.09987873700357691	0.0923367534729877
367	justified	2028	0.10564831817774031	0.09767066547972482
367	justified	2029	0.11171813765176576	0.10328214437115849
367	justified	2030	0.11724266548907644	0.10838950736224383
367	knows	2026	0.10673130879227972	0.09497279059404658
367	knows	2027	0.10885617500155567	0.09686356168846537
367	knows	2028	0.10385352596550287	0.09241205121142981
367	knows	2029	0.11298871870175964	0.10054082576309656
367	knows	2030	0.1311188457937153	0.11667356865954931
367	true	2026	0.07930846409969852	0.07368024822584278
367	true	2027	0.09602942340804727	0.0892145855301764
367	true	2028	0.07849633420464452	0.0729257520577669
367	true	2029	0.08581151921966336	0.07972180660053292
367	true	2030	0.10832541729660938	0.10063798014734875
367	lucky_guessed	2026	0.18208410988296056	0.17124348042061519
367	lucky_guessed	2027	0.20440153949089085	0.1922322109724496
367	lucky_guessed	2028	0.17013063626971675	0.16000167340097143
367	lucky_guessed	2029	0.1353292840396584	0.12727226783642456
367	lucky_guessed	2030	0.11352838151676876	0.10676931221481735
368	believes	2026	0.06183325568679362	0.05950872338763557
368	believes	2027	0.0852330213299212	0.08202880850244516
368	believes	2028	0.08313486000215015	0.08000952453154422
368	believes	2029	0.07793841159800881	0.07500842912996061
368	believes	2030	0.10361644928709687	0.09972113793050315
368	justified	2026	0.12075192443069566	0.11496747569574181
368	justified	2027	0.08910204560409639	0.0848337391782868
368	justified	2028	0.10041841583428414	0.09560801483092725
368	justified	2029	0.10536810384325702	0.1003205950946041
368	justified	2030	0.09279533408669143	0.08835010594313954
368	knows	2026	0.13398130012797416	0.12285464970464435
368	knows	2027	0.09911472752326049	0.09088361673465391
368	knows	2028	0.1208969295072875	0.11085688757160941
368	knows	2029	0.13311641134553848	0.12206158673019851
368	knows	2030	0.10356898484859772	0.09496796449718464
368	true	2026	0.12080080456092068	0.11481674471639022
368	true	2027	0.09687049515914696	0.09207186122364786
368	true	2028	0.10095038541740861	0.09594964763373319
368	true	2029	0.11047395321363222	0.10500145036321584
368	true	2030	0.11927322336767063	0.11336483468535648
368	lucky_guessed	2026	0.1704927762927475	0.14672227442690272
368	lucky_guessed	2027	0.15417384643310045	0.13267856795860491
368	lucky_guessed	2028	0.1678663010290282	0.14446198849105052
368	lucky_guessed	2029	0.20338983510690967	0.17503274831397017
368	lucky_guessed	2030	0.2587288471319281	0.22265626577553563
369	believes	2026	0.13562121704669008	0.12778339099239774
369	believes	2027	0.09898414106179308	0.09326364616674446
369	believes	2028	0.12439131163625483	0.11720248466285738
369	believes	2029	0.10792563807231675	0.10168839587356764
369	believes	2030	0.09439389672068557	0.08893868138495484
369	justified	2026	0.09661124660014506	0.09618947405949584
369	justified	2027	0.11207292158310707	0.11158364851669353
369	justified	2028	0.08958834056936918	0.08919722769851597
369	justified	2029	0.09576417239800958	0.0953460979013348
369	justified	2030	0.08779698224478537	0.08741368984803181
369	knows	2026	0.09092648456067831	0.08749613946103238
369	knows	2027	0.1333910370481641	0.12835864970265418
369	knows	2028	0.09846764440924174	0.09475279715538677
369	knows	2029	0.11121761119418609	0.10702175132566004
369	knows	2030	0.12006729354636848	0.1155375654475143
369	true	2026	0.08652367198428657	0.08579392159113441
369	true	2027	0.1057652099732258	0.10487317428183955
369	true	2028	0.08484334422099414	0.0841277659014233
369	true	2029	0.10134369420830726	0.10048895007879972
369	true	2030	0.1068880569499925	0.10598655104075771
369	lucky_guessed	2026	0.23632826210548716	0.20546266303593527
369	lucky_guessed	2027	0.2099942757322559	0.1825680209800434
369	lucky_guessed	2028	0.15186900948053644	0.1320341919434621
369	lucky_guessed	2029	0.1869075101627543	0.16249649719132764
369	lucky_guessed	2030	0.15988296672604943	0.13900148812060859
370	believes	2026	0.12186461744782058	0.11780276140717112
370	believes	2027	0.10192148513795071	0.09852435142720146
370	believes	2028	0.10360763717296957	0.100154302515856
370	believes	2029	0.12139226272074632	0.11734615068308703
370	believes	2030	0.11563329191010882	0.11177913148945703
370	justified	2026	0.09956631200141305	0.09283458923851143
370	justified	2027	0.09396248806763619	0.08760964234031024
370	justified	2028	0.1122708407309127	0.10468015911414595
370	justified	2029	0.09285271559021362	0.08657490207506603
370	justified	2030	0.10690245321112077	0.09967473066897102
370	knows	2026	0.13003436406794341	0.11544918718233656
370	knows	2027	0.13139066697632784	0.11665336170549727
370	knows	2028	0.12497484868254091	0.11095716737689466
370	knows	2029	0.12006610811393884	0.10659901087883264
370	knows	2030	0.12989819095028962	0.1153282877888424
370	true	2026	0.10368074575387343	0.09698606537091674
370	true	2027	0.10115086190653608	0.0946195364805753
370	true	2028	0.10636471798947301	0.09949673314054804
370	true	2029	0.09629867203832423	0.09008065319681083
370	true	2030	0.10099004275142594	0.09446910144100264
370	lucky_guessed	2026	0.17694813169050536	0.17250899446992524
370	lucky_guessed	2027	0.13570532774322044	0.1323008579380822
370	lucky_guessed	2028	0.1293304776471294	0.12608593512727423
370	lucky_guessed	2029	0.1562699502509373	0.15234957117719566
370	lucky_guessed	2030	0.14606631892848812	0.14240192062807153
371	believes	2026	0.08836865688792182	0.09038821882644872
371	believes	2027	0.09678984777754998	0.09900186615025504
371	believes	2028	0.09508704343462328	0.09726014621258197
371	believes	2029	0.11091686094100463	0.11345173561926798
371	believes	2030	0.08759111006464396	0.08959290208309947
371	justified	2026	0.07664112557230485	0.07321061616936603
371	justified	2027	0.0812951587777438	0.07765633165303841
371	justified	2028	0.11650986513601237	0.11129480357605197
371	justified	2029	0.0901381616692616	0.08610351566346543
371	justified	2030	0.09554629385150491	0.09126957613597088
371	knows	2026	0.11180872009137265	0.10373441001912015
371	knows	2027	0.09774880802823324	0.0906898399569769
371	knows	2028	0.14656182722318267	0.13597780804481463
371	knows	2029	0.11400452608976623	0.10577164503597444
371	knows	2030	0.1308519731596975	0.12140244718360163
371	true	2026	0.11032804352223277	0.10653930604971387
371	true	2027	0.10388415592553502	0.10031670578511122
371	true	2028	0.1344712823650074	0.12985345021455053
371	true	2029	0.1143164820138252	0.1103907789440972
371	true	2030	0.11586160460313276	0.11188284100892835
371	lucky_guessed	2026	0.1955939199937514	0.17593488126333423
371	lucky_guessed	2027	0.21029340663183949	0.18915693047829255
371	lucky_guessed	2028	0.1460206245943335	0.13134417087618408
371	lucky_guessed	2029	0.1521689250259332	0.13687450896869413
371	lucky_guessed	2030	0.14610501577408166	0.1314200799442632
372	believes	2026	0.09560214448649869	0.09294299887051746
372	believes	2027	0.10390248387335861	0.10101246675119645
372	believes	2028	0.10823144840552634	0.1052210224042613
372	believes	2029	0.14878988417305966	0.14465133717365608
372	believes	2030	0.0972301130822183	0.09452568599710774
372	justified	2026	0.09241392127653521	0.08606907439180722
372	justified	2027	0.10739327079480945	0.1000199892563687
372	justified	2028	0.09416909845779821	0.08770374667167816
372	justified	2029	0.11498147515282113	0.10708721155760192
372	justified	2030	0.08800473625856799	0.0819626100401531
372	knows	2026	0.10272833809032851	0.09197007568239153
372	knows	2027	0.1098013542203756	0.09830236763683958
372	knows	2028	0.11203898985058418	0.10030566606535056
372	knows	2029	0.11906430825685164	0.10659525545741479
372	knows	2030	0.09036609131997195	0.08090246968185084
372	true	2026	0.11049905353000128	0.10304318155065978
372	true	2027	0.13502059956303383	0.12591014772877818
372	true	2028	0.1203928785909265	0.1122694253908985
372	true	2029	0.11544755439223933	0.10765778463061056
372	true	2030	0.10751505055075951	0.10026052277744017
372	lucky_guessed	2026	0.15671373170886532	0.14421474673234075
372	lucky_guessed	2027	0.1831797105952681	0.1685698839657306
372	lucky_guessed	2028	0.17012727136690314	0.15655846545739682
372	lucky_guessed	2029	0.149898718270419	0.1379432769237545
372	lucky_guessed	2030	0.22551717015842324	0.2075306434448933
373	believes	2026	0.1013278073766523	0.09363847502435492
373	believes	2027	0.11125255446211757	0.10281007565547165
373	believes	2028	0.1492509084814877	0.13792489769621027
373	believes	2029	0.10121061483972606	0.09353017572600716
373	believes	2030	0.13294874238373727	0.12285983300658566
373	justified	2026	0.08590803638255926	0.08423177491357775
373	justified	2027	0.08131549797727446	0.07972884739334817
373	justified	2028	0.08233484018957526	0.08072829991725503
373	justified	2029	0.08727707150181006	0.08557409703929833
373	justified	2030	0.07665039228987072	0.0751547685439657
373	knows	2026	0.0972604715457129	0.0919146366214534
373	knows	2027	0.10031307121628891	0.09479945287838352
373	knows	2028	0.10065321627205678	0.09512090216505281
373	knows	2029	0.09245674079035002	0.08737493863531978
373	knows	2030	0.08527696390909512	0.08058979177580154
373	true	2026	0.09307936638044781	0.09100387909404008
373	true	2027	0.09231224409323587	0.0902538621290509
373	true	2028	0.08640742520691425	0.08448070912104015
373	true	2029	0.0856290961015344	0.08371973522794499
373	true	2030	0.07897561259030167	0.077214611347583
373	lucky_guessed	2026	0.20231823928529558	0.18148897359550437
373	lucky_guessed	2027	0.18457808545831872	0.16557522147479584
373	lucky_guessed	2028	0.19549701681735002	0.17537001630946192
373	lucky_guessed	2029	0.17229465209710704	0.15455640418560687
373	lucky_guessed	2030	0.13064032210770862	0.11719051160820047
374	believes	2026	0.14172408690414598	0.13400621943341426
374	believes	2027	0.13901956068714463	0.131448973579052
374	believes	2028	0.14374532489759417	0.1359173868855663
374	believes	2029	0.09364543663671485	0.08854578784031941
374	believes	2030	0.12636058373223907	0.11947936643126389
374	justified	2026	0.0785309976473379	0.07645839017379177
374	justified	2027	0.0761506108283524	0.07414082705065585
374	justified	2028	0.09603843302726964	0.09350376544372689
374	justified	2029	0.08323501757709308	0.08103826056827804
374	justified	2030	0.08462254179574653	0.08238916494061013
374	knows	2026	0.09922483286055356	0.09269999671509796
374	knows	2027	0.094047856849152	0.08786344879240701
374	knows	2028	0.11817289776796407	0.11040207293973528
374	knows	2029	0.09677415498071677	0.09041047074804594
374	knows	2030	0.09804547126080025	0.09159818768936055
374	true	2026	0.08785095882452752	0.08477020459814524
374	true	2027	0.09325143655770801	0.08998129857474987
374	true	2028	0.10486081806190356	0.10118356271092475
374	true	2029	0.09429813423751053	0.0909912906984157
374	true	2030	0.08845006608396676	0.08534830238601729
374	lucky_guessed	2026	0.17820437538738196	0.16251308425988317
374	lucky_guessed	2027	0.12937628837985593	0.11798441878321696
374	lucky_guessed	2028	0.14570986468540675	0.13287978741060905
374	lucky_guessed	2029	0.17525888411456622	0.15982695003694228
374	lucky_guessed	2030	0.1870109971168911	0.17054426338251416
375	believes	2026	0.0970566850136935	0.09401435497312402
375	believes	2027	0.08558072213960267	0.08289811658984371
375	believes	2028	0.10305554590960915	0.0998251761197914
375	believes	2029	0.08065378284329236	0.07812561668559702
375	believes	2030	0.09138625780849964	0.08852167246451431
375	justified	2026	0.09698856054420665	0.09053854515474476
375	justified	2027	0.11079720875058639	0.1034288789440524
375	justified	2028	0.10840087496776366	0.10119190817982451
375	justified	2029	0.10746448405108006	0.10031778992487825
375	justified	2030	0.11792695875384386	0.11008448027466237
375	knows	2026	0.12503073896706	0.112769008897878
375	knows	2027	0.15179737008807898	0.13691064389091465
375	knows	2028	0.13429558654758952	0.1211252554327519
375	knows	2029	0.12755563132013206	0.11504628575460986
375	knows	2030	0.14693269807308718	0.13252304891806244
375	true	2026	0.10505112600489579	0.09888926486051057
375	true	2027	0.14012154737736093	0.1319026015068002
375	true	2028	0.12176902944744294	0.11462656577592807
375	true	2029	0.1252752741608407	0.11792714879026717
375	true	2030	0.12932246927142074	0.12173695230644901
375	lucky_guessed	2026	0.15845661660116883	0.14130134774101835
375	lucky_guessed	2027	0.16505692161528945	0.14718707226298297
375	lucky_guessed	2028	0.15999419728072073	0.14267246260476732
375	lucky_guessed	2029	0.1757625224760214	0.15673363372848675
375	lucky_guessed	2030	0.16209263941942442	0.1445437173918217
376	believes	2026	0.1108948616890373	0.10555714703238366
376	believes	2027	0.12302849249796065	0.11710674844606934
376	believes	2028	0.08925762469985615	0.08496137756701348
376	believes	2029	0.09549673902887391	0.09090018391519873
376	believes	2030	0.11715506699821217	0.1115160291862428
376	justified	2026	0.08633654218324156	0.08180587491241462
376	justified	2027	0.10856271796514473	0.10286569164606
376	justified	2028	0.08263868498888709	0.07830206950817117
376	justified	2029	0.10351148789326867	0.09807953407054928
376	justified	2030	0.10725571618995103	0.1016272771690837
376	knows	2026	0.11048684115579366	0.09953813623164201
376	knows	2027	0.12589044593176923	0.11341531920302819
376	knows	2028	0.10128852825007666	0.09125133109238115
376	knows	2029	0.12193316059680495	0.10985018146663723
376	knows	2030	0.12483701345217196	0.11246627672368774
376	true	2026	0.0966053158184824	0.09107294973660193
376	true	2027	0.10034528819919168	0.09459874242987992
376	true	2028	0.08774005649021671	0.0827153835885638
376	true	2029	0.11166193259298934	0.1052673084123137
376	true	2030	0.10483961244807459	0.0988356869805047
376	lucky_guessed	2026	0.19721491694640783	0.17600510925082882
376	lucky_guessed	2027	0.24506218107211264	0.21870655942605263
376	lucky_guessed	2028	0.1636319786872901	0.1460339041879477
376	lucky_guessed	2029	0.17663059363444183	0.1576345613760883
376	lucky_guessed	2030	0.17224251162983814	0.15371840298107325
377	believes	2026	0.09139299438059041	0.08807179712916015
377	believes	2027	0.07072868791452147	0.06815842609641362
377	believes	2028	0.10087915787681496	0.097213235952079
377	believes	2029	0.08405163216071064	0.08099721807129041
377	believes	2030	0.10601373349914088	0.10216122245387436
377	justified	2026	0.08658436468020135	0.0823542441905027
377	justified	2027	0.10485441478115422	0.09973170226788053
377	justified	2028	0.08619588973468381	0.08198474837398656
377	justified	2029	0.09370684796848341	0.08912875515599208
377	justified	2030	0.10513906033865825	0.10000244133072413
377	knows	2026	0.10196146279893357	0.093723529158367
377	knows	2027	0.11124654756506949	0.10225842939349732
377	knows	2028	0.10188018802221128	0.09364882094315638
377	knows	2029	0.10037678563383458	0.0922668853204629
377	knows	2030	0.10922860508534586	0.10040352573042174
377	true	2026	0.08630231922271848	0.08191079653339643
377	true	2027	0.10277775502979374	0.09754787421968326
377	true	2028	0.09527848832211049	0.09043021023364971
377	true	2029	0.09211939018331138	0.08743186387161951
377	true	2030	0.11415315893676238	0.10834443685323565
377	lucky_guessed	2026	0.19697902052916344	0.1728968316412713
377	lucky_guessed	2027	0.2456235311474492	0.2155941795113537
377	lucky_guessed	2028	0.151174874044534	0.13269259170774697
377	lucky_guessed	2029	0.16802795051161648	0.14748525092972348
377	lucky_guessed	2030	0.2610203500226934	0.22910861974835403
378	believes	2026	0.09548683884144857	0.0886908837754715
378	believes	2027	0.10989685928820112	0.10207531941237871
378	believes	2028	0.08343150348561033	0.0774935464262444
378	believes	2029	0.17455874649095837	0.1621351139577292
378	believes	2030	0.11933919401552176	0.11084562767716939
378	justified	2026	0.08507015866190301	0.08183255261338837
378	justified	2027	0.07851650343962124	0.07552831685994606
378	justified	2028	0.08344351537272249	0.08026781622828168
378	justified	2029	0.07763735025430676	0.0746826225480499
378	justified	2030	0.09992897554403628	0.0961258716033341
378	knows	2026	0.10036328957548309	0.09257068620765156
378	knows	2027	0.09453006498125129	0.08719037627784136
378	knows	2028	0.1117790855051241	0.10310011452036734
378	knows	2029	0.10904310399606673	0.1005765654536102
378	knows	2030	0.10717780503551666	0.09885609569329337
378	true	2026	0.10759866007053079	0.10356032375487034
378	true	2027	0.09975538607523694	0.09601141939380901
378	true	2028	0.09096339208583222	0.08754940189845363
378	true	2029	0.11354375624383811	0.10928229170556761
378	true	2030	0.11527833167229667	0.11095176596138699
378	lucky_guessed	2026	0.24574361315316756	0.2126397556124977
378	lucky_guessed	2027	0.2648766388177364	0.22919539198993544
378	lucky_guessed	2028	0.2552519306576924	0.22086721790340175
378	lucky_guessed	2029	0.1911725197321481	0.1654198754306279
378	lucky_guessed	2030	0.2068397367322484	0.17897657849722126
379	believes	2026	0.08014175732786387	0.07672185998599161
379	believes	2027	0.0798830140600672	0.07647415809591449
379	believes	2028	0.09042906960023321	0.08657018073798092
379	believes	2029	0.10987499923154019	0.10518629224108948
379	believes	2030	0.1285135128073202	0.12302944263593137
379	justified	2026	0.08274550694294182	0.08115890551719955
379	justified	2027	0.11853822282679745	0.11626531496399788
379	justified	2028	0.11278959249851134	0.11062691158835115
379	justified	2029	0.08408886538046967	0.08247650576566061
379	justified	2030	0.09313887868185103	0.09135298983823611
379	knows	2026	0.10215205514075619	0.09708763068940657
379	knows	2027	0.12530067327874464	0.11908860253137635
379	knows	2028	0.11786016083221039	0.11201697070220096
379	knows	2029	0.11805042166851612	0.11219779891739895
379	knows	2030	0.11813631945283727	0.11227943812034712
379	true	2026	0.07864706275046565	0.07735828032076678
379	true	2027	0.10383881288799413	0.102137215487015
379	true	2028	0.10483774134615574	0.10311977459328499
379	true	2029	0.0971233263193945	0.09553177500016098
379	true	2030	0.11589991923955809	0.11400067756039473
379	lucky_guessed	2026	0.20144603512955367	0.18139160231388982
379	lucky_guessed	2027	0.18472240010946203	0.16633284501019713
379	lucky_guessed	2028	0.17816115293458118	0.1604247856261357
379	lucky_guessed	2029	0.17844614206553064	0.1606814034100088
379	lucky_guessed	2030	0.1625305761497865	0.146350270005807
380	believes	2026	0.09902063586547068	0.09876973089648748
380	believes	2027	0.07790163504605693	0.07770424278378622
380	believes	2028	0.08927805891355924	0.08905184032379963
380	believes	2029	0.07374379109800251	0.07355693425289715
380	believes	2030	0.08266842053026778	0.08245894987490646
380	justified	2026	0.1098990552497128	0.10524908327732535
380	justified	2027	0.09694628272708002	0.09284435940768689
380	justified	2028	0.1001671629766573	0.09592896002453284
380	justified	2029	0.125720483901679	0.12040108670422837
380	justified	2030	0.10888858158998195	0.10428136407245225
380	knows	2026	0.13585282135784874	0.1256957445427816
380	knows	2027	0.1279189761556973	0.11835507564975399
380	knows	2028	0.10383310436400381	0.09606999126535092
380	knows	2029	0.140916381129364	0.13038072575374204
380	knows	2030	0.1232088927623159	0.1139971430498105
380	true	2026	0.12014978646106468	0.11558654411890164
380	true	2027	0.1172435444833913	0.11279068008562344
380	true	2028	0.11689267103629881	0.11245313267611846
380	true	2029	0.13166975621018057	0.12666898987993588
380	true	2030	0.11964383931960747	0.1150998126538663
380	lucky_guessed	2026	0.14804731988373407	0.1310255739132746
380	lucky_guessed	2027	0.22868824909269697	0.20239480936314241
380	lucky_guessed	2028	0.17721203907764083	0.15683707846061884
380	lucky_guessed	2029	0.1861570554715736	0.1647536412703956
380	lucky_guessed	2030	0.16398864610436062	0.14513404557379952
381	believes	2026	0.0902280865663237	0.08568068996497497
381	believes	2027	0.08409993279014942	0.07986138841779962
381	believes	2028	0.10305497005551037	0.09786111259475122
381	believes	2029	0.08537349567512571	0.0810707651302088
381	believes	2030	0.12625507910799832	0.11989196159672647
381	justified	2026	0.11125521573078302	0.10539590501753823
381	justified	2027	0.10133211149050796	0.09599540594774238
381	justified	2028	0.08778358317275968	0.08316041754450006
381	justified	2029	0.13131415062519425	0.12439842622966864
381	justified	2030	0.09644059366142703	0.091361502313481
381	knows	2026	0.11696043042550323	0.10694233408467482
381	knows	2027	0.12094804945997972	0.11058839870187899
381	knows	2028	0.1102387741449795	0.10079641269109745
381	knows	2029	0.14825394455887989	0.1355554422184265
381	knows	2030	0.10940755453248206	0.10003639013326278
381	true	2026	0.11373434607633005	0.10824540009122999
381	true	2027	0.111804164593861	0.10640837131297225
381	true	2028	0.12676317216353336	0.12064544054674799
381	true	2029	0.13468127047961231	0.1281814026351961
381	true	2030	0.09882800772922957	0.09405845820479013
381	lucky_guessed	2026	0.19770316465902085	0.17558084286162876
381	lucky_guessed	2027	0.21909377166407168	0.1945779126037661
381	lucky_guessed	2028	0.175456393794812	0.15582341112792744
381	lucky_guessed	2029	0.2402630070104136	0.21337838143418397
381	lucky_guessed	2030	0.15744830770960386	0.13983036954652986
382	believes	2026	0.09364231007642461	0.08931487723862234
382	believes	2027	0.08175932397791888	0.07798103205955628
382	believes	2028	0.09490926066656322	0.09052327904260687
382	believes	2029	0.10190622106428934	0.09719689333572268
382	believes	2030	0.11270566040224671	0.10749726501523817
382	justified	2026	0.06308688628805667	0.060907604921038715
382	justified	2027	0.09061874624321921	0.08748840082898116
382	justified	2028	0.1026329446926156	0.09908757928989885
382	justified	2029	0.08192807484430457	0.07909794108039354
382	justified	2030	0.09306195474396987	0.08984721082673526
382	knows	2026	0.08122780093565447	0.07574336037319372
382	knows	2027	0.12277905897963261	0.11448910845121586
382	knows	2028	0.11528433533659856	0.10750042296111482
382	knows	2029	0.10885744359312104	0.10150747015679921
382	knows	2030	0.1238265211323363	0.11546584674026995
382	true	2026	0.08078354578153597	0.07763527518503019
382	true	2027	0.09670004929555978	0.09293148579747855
382	true	2028	0.11155864331463938	0.10721101542661184
382	true	2029	0.09206283134309631	0.08847498802494888
382	true	2030	0.10204702446896376	0.09807008035876877
382	lucky_guessed	2026	0.22143374737076693	0.19669242108693966
382	lucky_guessed	2027	0.14864947459669384	0.1320405105314367
382	lucky_guessed	2028	0.16004972789373298	0.1421669860511976
382	lucky_guessed	2029	0.18611949882875214	0.16532391864740673
382	lucky_guessed	2030	0.16025623380103002	0.1423504185557607
383	believes	2026	0.10263818528817284	0.09653201864306714
383	believes	2027	0.11166944467110354	0.10502598895904369
383	believes	2028	0.13089525700227153	0.1231080163172795
383	believes	2029	0.10391895382588076	0.09773659150269388
383	believes	2030	0.08836695908205001	0.08310981841299718
383	justified	2026	0.08987117997519167	0.08784964661427894
383	justified	2027	0.09852637505916924	0.09631015452921857
383	justified	2028	0.07979752575486936	0.07800258592570175
383	justified	2029	0.14384263333315098	0.1406070834929823
383	justified	2030	0.07609961976066983	0.07438785943726654
383	knows	2026	0.09563306559230715	0.09030266029216469
383	knows	2027	0.12703555047277984	0.11995483035414033
383	knows	2028	0.1253577991791213	0.11837059372857958
383	knows	2029	0.1440414739467178	0.13601287597790315
383	knows	2030	0.10077443519826759	0.0951574597288237
383	true	2026	0.09244650982648409	0.0900083327937652
383	true	2027	0.11031594738067951	0.10740648319700145
383	true	2028	0.09164027877486826	0.08922336521696098
383	true	2029	0.11659576219018299	0.11352067466099412
383	true	2030	0.08442898798476829	0.08220226444716223
383	lucky_guessed	2026	0.18669680172645564	0.16539553464054454
383	lucky_guessed	2027	0.18894011443746164	0.16738289544036367
383	lucky_guessed	2028	0.15352778333634384	0.13601095236916433
383	lucky_guessed	2029	0.23077524752842363	0.20444482762319816
383	lucky_guessed	2030	0.17051599660009026	0.15106088675133844
384	believes	2026	0.09519841807045634	0.09246015830208484
384	believes	2027	0.11013155517122183	0.10696376296557453
384	believes	2028	0.09237900952605198	0.08972184640974912
384	believes	2029	0.08383171644371501	0.0814204051939686
384	believes	2030	0.08497688696295662	0.0825326363595495
384	justified	2026	0.08499761129765353	0.08134605455161675
384	justified	2027	0.10112769205322958	0.0967831757722374
384	justified	2028	0.09233994933808685	0.08837296062174048
384	justified	2029	0.08217035794630795	0.07864026197887715
384	justified	2030	0.09968588048234392	0.09540330543343818
384	knows	2026	0.11455610635670836	0.1061803332704835
384	knows	2027	0.12384808233863617	0.11479292615514597
384	knows	2028	0.10212188940051647	0.09465524445282714
384	knows	2029	0.10268658219394516	0.09517864971605244
384	knows	2030	0.1350698273928654	0.12519419298961956
384	true	2026	0.09822261486981804	0.09412179606429945
384	true	2027	0.11693091108911344	0.11204901622430873
384	true	2028	0.10960084951033419	0.10502498655485816
384	true	2029	0.10844223456485429	0.10391474407393825
384	true	2030	0.1100471844468457	0.10545268689582739
384	lucky_guessed	2026	0.19113967248001262	0.16543360490936673
384	lucky_guessed	2027	0.16999322351038645	0.14713110789926517
384	lucky_guessed	2028	0.19940185579237954	0.17258462045759002
384	lucky_guessed	2029	0.20477927868177823	0.1772388423790406
384	lucky_guessed	2030	0.21006181235026028	0.1818109365784982
385	believes	2026	0.10548606715786833	0.09918416528470152
385	believes	2027	0.10106317096464043	0.09502549979564057
385	believes	2028	0.1520278805235748	0.14294549826344868
385	believes	2029	0.10323414928037214	0.09706678048700224
385	believes	2030	0.10975841963001404	0.10320128076894483
385	justified	2026	0.11361645007589154	0.110383319811338
385	justified	2027	0.10664583184043908	0.10361106120395558
385	justified	2028	0.09469912899829311	0.09200432010585961
385	justified	2029	0.10872374745857386	0.10562984654766537
385	justified	2030	0.09959117120902061	0.09675715175582401
385	knows	2026	0.12693194657962686	0.1201365396098112
385	knows	2027	0.11139291076328876	0.10542939895569152
385	knows	2028	0.10907556881140924	0.10323611782597367
385	knows	2029	0.11381161872168792	0.10771861937875109
385	knows	2030	0.10593812071287849	0.1002666356119243
385	true	2026	0.11359867757719144	0.11125298264130863
385	true	2027	0.10689689068123114	0.10468958069769546
385	true	2028	0.09678400193981004	0.09478551262579123
385	true	2029	0.12906241757621867	0.12639741243902755
385	true	2030	0.10361686635217718	0.101477285470972
385	lucky_guessed	2026	0.15168518272619685	0.1349679439167812
385	lucky_guessed	2027	0.1705232523123767	0.1517298680132001
385	lucky_guessed	2028	0.1740302363923332	0.15485034703503714
385	lucky_guessed	2029	0.23199164425739613	0.20642382247588145
385	lucky_guessed	2030	0.1648743034720497	0.14670349037652444
386	believes	2026	0.08440456182495977	0.08414488826674206
386	believes	2027	0.08390892493346737	0.08365077621931513
386	believes	2028	0.085781152251262	0.08551724356491285
386	believes	2029	0.10338867100506104	0.10307059217734361
386	believes	2030	0.09418836954050355	0.09389859575893912
386	justified	2026	0.10173520797766343	0.09593618413764175
386	justified	2027	0.09534427124569403	0.08990953814833144
386	justified	2028	0.11569580968059333	0.1091010154902116
386	justified	2029	0.0979849388600037	0.09239968467212233
386	justified	2030	0.09898733226476568	0.09334494050016089
386	knows	2026	0.10102543904712079	0.09235657071312732
386	knows	2027	0.12810891194040197	0.1171160441984017
386	knows	2028	0.15336385836236846	0.14020389481381623
386	knows	2029	0.10707424174222954	0.09788633310871561
386	knows	2030	0.12496729487937283	0.11424400542294859
386	true	2026	0.1016682206645932	0.09629739100282346
386	true	2027	0.10764047875598241	0.10195415246512542
386	true	2028	0.1356650054979355	0.12849822682482137
386	true	2029	0.12529614066516465	0.11867711827654817
386	true	2030	0.10840202161090547	0.10267546527641053
386	lucky_guessed	2026	0.21041254941193369	0.18316650139936086
386	lucky_guessed	2027	0.1729210607483307	0.15052973695751296
386	lucky_guessed	2028	0.20189565596121622	0.1757524494308875
386	lucky_guessed	2029	0.19569859598212927	0.17035783870779259
386	lucky_guessed	2030	0.21156406054041813	0.18416890484590626
387	believes	2026	0.1013248407153797	0.09839806224474522
387	believes	2027	0.14280793888211474	0.13868291684403503
387	believes	2028	0.12569055164721393	0.1220599671042135
387	believes	2029	0.08602265673346418	0.08353788342479943
387	believes	2030	0.1024480459662381	0.09948882359613034
387	justified	2026	0.07438044158652111	0.07376973908881897
387	justified	2027	0.08784218561435941	0.0871209551266928
387	justified	2028	0.07075537716412326	0.0701744383495866
387	justified	2029	0.07169482500366901	0.07110617282887481
387	justified	2030	0.08556125858797245	0.08485875570937051
387	knows	2026	0.09484475737747189	0.09124284091493491
387	knows	2027	0.10696903687437975	0.10290667701861958
387	knows	2028	0.09449673145795287	0.09090803196516273
387	knows	2029	0.08539939639832363	0.08215618612204421
387	knows	2030	0.09949980479327913	0.09572110373679611
387	true	2026	0.09454863481312625	0.09339542864185486
387	true	2027	0.10813334548676819	0.10681444710624657
387	true	2028	0.0880656439887613	0.08699151061469877
387	true	2029	0.08205817980103793	0.08105731924353873
387	true	2030	0.1025069663177589	0.10125669267404536
387	lucky_guessed	2026	0.21720294184864145	0.20834234429565276
387	lucky_guessed	2027	0.15741454149105755	0.15099295765214038
387	lucky_guessed	2028	0.20955796184323186	0.20100923433469123
387	lucky_guessed	2029	0.2360839381485592	0.22645310742934746
387	lucky_guessed	2030	0.16321817838582434	0.1565598404291658
388	believes	2026	0.1085790364541772	0.10246699391772236
388	believes	2027	0.09102130051092676	0.08589760372180483
388	believes	2028	0.08311616922635462	0.07843746163814493
388	believes	2029	0.10794370089500571	0.10186742214951268
388	believes	2030	0.11225099638256944	0.10593225487357436
388	justified	2026	0.11468142871302403	0.1141172754300675
388	justified	2027	0.08455451887331325	0.08413856914242389
388	justified	2028	0.07463735659913093	0.07427019244509896
388	justified	2029	0.10484305821017526	0.10432730290307596
388	justified	2030	0.11214372670885507	0.11159205716396219
388	knows	2026	0.12529479183944298	0.11980129644694798
388	knows	2027	0.09502921081447598	0.0908626965955073
388	knows	2028	0.08921439271340555	0.08530282665291548
388	knows	2029	0.11558621314844648	0.11051838614586357
388	knows	2030	0.11449428070489975	0.10947432900311327
388	true	2026	0.11880941747842533	0.11851828625295788
388	true	2027	0.08093599964958341	0.08073767364763415
388	true	2028	0.08861011695641652	0.0883929862567982
388	true	2029	0.11326404215110843	0.11298649934269565
388	true	2030	0.12525600362506642	0.12494907565078238
388	lucky_guessed	2026	0.20336868081195086	0.19010984260163585
388	lucky_guessed	2027	0.155882142961265	0.14571924027069916
388	lucky_guessed	2028	0.17681184596996652	0.1652844089525103
388	lucky_guessed	2029	0.1745396270240628	0.16316032974602895
388	lucky_guessed	2030	0.22026467017169093	0.20590427990119836
389	believes	2026	0.08771294551213414	0.08627233962020044
389	believes	2027	0.1066227450461617	0.1048715627796125
389	believes	2028	0.10421358083659685	0.10250196691579946
389	believes	2029	0.09334500668667507	0.09181189927783982
389	believes	2030	0.11085510740859265	0.10903441241367118
389	justified	2026	0.08291125201245245	0.07834708110503807
389	justified	2027	0.08187620498595491	0.07736901224991632
389	justified	2028	0.08781247988589293	0.08297850191215654
389	justified	2029	0.1099563109938868	0.10390334009375457
389	justified	2030	0.11971635275799818	0.1131261025671345
389	knows	2026	0.09797757579321242	0.09007016629116452
389	knows	2027	0.10226877501244785	0.09401503861665254
389	knows	2028	0.11150495102484538	0.10250579686001726
389	knows	2029	0.12340303958944703	0.11344363449158391
389	knows	2030	0.1363508657635553	0.12534648927411485
389	true	2026	0.08266945590748352	0.07882312182915636
389	true	2027	0.08499183415688352	0.08103744756381102
389	true	2028	0.08401584389145406	0.08010686687047598
389	true	2029	0.10072038046155742	0.09603419706408939
389	true	2030	0.11654651637567537	0.11112399565474858
389	lucky_guessed	2026	0.2113217824399692	0.182468129683977
389	lucky_guessed	2027	0.2337420862216092	0.20182718889096898
389	lucky_guessed	2028	0.1596658882977406	0.13786527671512366
389	lucky_guessed	2029	0.19607311065519661	0.16930149542315398
389	lucky_guessed	2030	0.20191501823015282	0.1743457551141384
390	believes	2026	0.09099169290618969	0.0882909317489511
390	believes	2027	0.1001565246636282	0.09718373843648971
390	believes	2028	0.08197535309604499	0.07954220955929411
390	believes	2029	0.09528665441507268	0.0924584127720387
390	believes	2030	0.1029926346671524	0.09993566871447489
390	justified	2026	0.07452638008201663	0.07184647590985559
390	justified	2027	0.11072770942223222	0.10674603675642029
390	justified	2028	0.09588263124372519	0.092434774750158
390	justified	2029	0.0736676412004451	0.07101861653576835
390	justified	2030	0.09040433118897113	0.08715346962735862
390	knows	2026	0.10042058728377959	0.09401394159381464
390	knows	2027	0.12741260413329966	0.11928391824132156
390	knows	2028	0.11401379974513438	0.10673993251839216
390	knows	2029	0.08669816796312674	0.08116698696595544
390	knows	2030	0.10180655752868584	0.09531148952875315
390	true	2026	0.09910465201239617	0.09603395646073079
390	true	2027	0.10217556286159296	0.09900971706124893
390	true	2028	0.09663019746233986	0.09363617133461541
390	true	2029	0.0905395246981024	0.08773421425005618
390	true	2030	0.10229308425028637	0.09912359712334305
390	lucky_guessed	2026	0.1906305255005004	0.16747517511583396
390	lucky_guessed	2027	0.1559829972352219	0.13703618404489404
390	lucky_guessed	2028	0.21214083809347825	0.18637269091949177
390	lucky_guessed	2029	0.1952610639274812	0.17154325514605542
390	lucky_guessed	2030	0.17294797879888762	0.15194047731456953
391	believes	2026	0.0905825383821679	0.0851969004184297
391	believes	2027	0.09403463336972104	0.08844374907317465
391	believes	2028	0.08459269646064728	0.07956318806255705
391	believes	2029	0.10401519084574808	0.0978309066489319
391	believes	2030	0.11738788138124281	0.11040851602296228
391	justified	2026	0.09545521682210954	0.09087103339150251
391	justified	2027	0.0798749438613492	0.0760389943306678
391	justified	2028	0.09131184330974917	0.08692664307602259
391	justified	2029	0.10204686080834686	0.09714611735987845
391	justified	2030	0.09457654422247333	0.09003455855230602
391	knows	2026	0.11616928043628438	0.10681164170895624
391	knows	2027	0.10682472065444325	0.09821980256183017
391	knows	2028	0.1096577669034878	0.1008246419803184
391	knows	2029	0.133691931853875	0.12292281290651876
391	knows	2030	0.12108674374033339	0.11133299474287733
391	true	2026	0.10169723987742695	0.09715892569505828
391	true	2027	0.09199989512103032	0.08789433208601154
391	true	2028	0.10877133663718776	0.10391733568012426
391	true	2029	0.10918120111575477	0.10430890965466018
391	true	2030	0.10212597206276633	0.09756852539106453
391	lucky_guessed	2026	0.18059745104390348	0.1623937424965383
391	lucky_guessed	2027	0.1350729470249912	0.12145797878449874
391	lucky_guessed	2028	0.21693812285542263	0.1950713781231695
391	lucky_guessed	2029	0.17418840761290555	0.156630712384172
391	lucky_guessed	2030	0.17398805570406986	0.1564505553769491
392	believes	2026	0.10306926408551906	0.10000085201334401
392	believes	2027	0.1454569230718702	0.14112661390846298
392	believes	2028	0.10494367700284583	0.10181946292922256
392	believes	2029	0.10206695994595615	0.09902838685778001
392	believes	2030	0.1078819297414123	0.10467024274116916
392	justified	2026	0.08845585212075345	0.08988473173381259
392	justified	2027	0.1086126507422186	0.11036713502613017
392	justified	2028	0.0896637155201966	0.09111210646399809
392	justified	2029	0.1219196402278304	0.1238890801707664
392	justified	2030	0.07780820840189402	0.07906509033845996
392	knows	2026	0.11675792451453562	0.11446387371791927
392	knows	2027	0.11611734833804425	0.1138358835332917
392	knows	2028	0.1037217703115245	0.10168385287851987
392	knows	2029	0.1359147856632958	0.13324434231977775
392	knows	2030	0.0993432148156291	0.09739132690708846
392	true	2026	0.11284554945371664	0.11407242597211947
392	true	2027	0.10814213348082645	0.10931787363947601
392	true	2028	0.09507772989004193	0.09611143157158661
392	true	2029	0.12509231740403678	0.12645234292208837
392	true	2030	0.09165350081652	0.09264997368164903
392	lucky_guessed	2026	0.17833372728957914	0.16635012480746955
392	lucky_guessed	2027	0.21244567510560733	0.1981698308320504
392	lucky_guessed	2028	0.1714088105248772	0.15989054598523725
392	lucky_guessed	2029	0.14625366579024832	0.13642576716995145
392	lucky_guessed	2030	0.171136213595767	0.15963626692165903
393	believes	2026	0.07881191682474928	0.07719561215061466
393	believes	2027	0.11540266976836985	0.11303594805839039
393	believes	2028	0.1036545804637683	0.10152879302388662
393	believes	2029	0.0994602990126791	0.09742052948718348
393	believes	2030	0.1023711137089285	0.10027164809191984
393	justified	2026	0.08220596857648109	0.07855801858426625
393	justified	2027	0.08561494142448496	0.08181571576835325
393	justified	2028	0.09511974706676071	0.09089873870714459
393	justified	2029	0.12923349055918665	0.12349865987665931
393	justified	2030	0.10993564753061338	0.10505717274954779
393	knows	2026	0.10070641096058196	0.09361399841618669
393	knows	2027	0.10404185166453815	0.09671453529163601
393	knows	2028	0.1188386386284185	0.11046923450282656
393	knows	2029	0.12822715294360867	0.1191965474499295
393	knows	2030	0.1252432607870275	0.116422800744473
393	true	2026	0.10146313987400889	0.09788479467636242
393	true	2027	0.09823444219715675	0.09476996490110452
393	true	2028	0.10584933342722011	0.10211629841161049
393	true	2029	0.11128818867283219	0.1073633391561831
393	true	2030	0.12071922161465375	0.1164617637095976
393	lucky_guessed	2026	0.14660416403910412	0.13109233230594944
393	lucky_guessed	2027	0.1306668341676106	0.11684129273093376
393	lucky_guessed	2028	0.19781649881196672	0.17688601389890143
393	lucky_guessed	2029	0.21269556595664915	0.19019076296464402
393	lucky_guessed	2030	0.1467086669125524	0.1311857779833134
394	believes	2026	0.1100314700812759	0.11369326988743034
394	believes	2027	0.07735485088068751	0.07992918691155917
394	believes	2028	0.10804474146170337	0.11164042379738634
394	believes	2029	0.08133440861250062	0.08404118260607668
394	believes	2030	0.09570713454065805	0.09889222664612304
394	justified	2026	0.0881580613664587	0.08156623598506238
394	justified	2027	0.10142553295191403	0.09384166152744045
394	justified	2028	0.09878741287780078	0.09140080108669665
394	justified	2029	0.13809925065650425	0.12777318255201997
394	justified	2030	0.1026009932034234	0.09492922932078295
394	knows	2026	0.11373377856849716	0.10138340287844765
394	knows	2027	0.11714223015044228	0.10442172996362321
394	knows	2028	0.10921024711093698	0.09735108268327404
394	knows	2029	0.15006027419839396	0.13376519646662016
394	knows	2030	0.11212715483720878	0.09995124276670753
394	true	2026	0.11877004698668785	0.11049979315332054
394	true	2027	0.11630401350059623	0.1082054757135638
394	true	2028	0.12278124557283684	0.11423168200334377
394	true	2029	0.15107504909611497	0.14055531760141127
394	true	2030	0.14974217314016916	0.13931525311404475
394	lucky_guessed	2026	0.2039017119029812	0.18775853274750165
394	lucky_guessed	2027	0.188986848418676	0.17402449953215082
394	lucky_guessed	2028	0.188801642713758	0.1738539568177845
394	lucky_guessed	2029	0.2524573699071578	0.2324699724817179
394	lucky_guessed	2030	0.18434185495952649	0.16974725659793444
395	believes	2026	0.09988254606849617	0.09328768851841185
395	believes	2027	0.10376782828602517	0.09691644060355006
395	believes	2028	0.11357422471386894	0.10607535866738683
395	believes	2029	0.12185264993549987	0.1138071915440625
395	believes	2030	0.08507105088206501	0.07945413897617051
395	justified	2026	0.08742921063207346	0.0837598361377126
395	justified	2027	0.11065552901958667	0.10601135377301842
395	justified	2028	0.09680011921733045	0.09273745084895267
395	justified	2029	0.10163299661309441	0.0973674940097718
395	justified	2030	0.09399319479077906	0.09004833209425768
395	knows	2026	0.12668895501143435	0.11670172006927727
395	knows	2027	0.13067046864644336	0.1203693601539468
395	knows	2028	0.10354974435489109	0.09538663633194415
395	knows	2029	0.10475657182257525	0.09649832630754526
395	knows	2030	0.10753015034552668	0.09905325609085923
395	true	2026	0.10573533599160981	0.10112982124619305
395	true	2027	0.10515664811302873	0.10057633927945595
395	true	2028	0.09169073764459394	0.08769696356443378
395	true	2029	0.0946969660180803	0.09057224962830965
395	true	2030	0.10538116234723315	0.10079107434564158
395	lucky_guessed	2026	0.1767129340007323	0.1569674370781927
395	lucky_guessed	2027	0.1663341050374409	0.14774831459882729
395	lucky_guessed	2028	0.1695078232010132	0.15056740879225167
395	lucky_guessed	2029	0.2609357138557017	0.23177935716877643
395	lucky_guessed	2030	0.15107496266630624	0.13419419371032265
396	believes	2026	0.07585043367138826	0.07306432990586703
396	believes	2027	0.13303720691216553	0.12815054450047483
396	believes	2028	0.11223770359087089	0.10811503911194731
396	believes	2029	0.08089849232044635	0.0779269655516547
396	believes	2030	0.08056133609074381	0.0776021935918327
396	justified	2026	0.09728810476348432	0.0935499619135764
396	justified	2027	0.09466762501880832	0.09103016999342636
396	justified	2028	0.08688458395534958	0.0835461800767922
396	justified	2029	0.09588136896677145	0.09219727773368737
396	justified	2030	0.09389059291917573	0.09028299413361314
396	knows	2026	0.1201445098331786	0.11092181474177874
396	knows	2027	0.12595724643390793	0.1162883462067962
396	knows	2028	0.10659543236604017	0.09841280985409216
396	knows	2029	0.11977640693286408	0.11058196865333664
396	knows	2030	0.10895092095306144	0.1005874832456498
396	true	2026	0.11308335064560752	0.10870448874118989
396	true	2027	0.11081868860036918	0.10652751990896353
396	true	2028	0.10437632772902004	0.10033462289266472
396	true	2029	0.11407291995969605	0.10965573952875347
396	true	2030	0.12242051182253913	0.11768009236663712
396	lucky_guessed	2026	0.1625076649508674	0.1420774590679363
396	lucky_guessed	2027	0.17881820684210623	0.156337465502888
396	lucky_guessed	2028	0.17179901131667663	0.1502007121057139
396	lucky_guessed	2029	0.15145893037904515	0.13241775388199828
396	lucky_guessed	2030	0.2244105604546666	0.19619802073366974
397	believes	2026	0.10001155698301614	0.09619251500395738
397	believes	2027	0.10699941414564752	0.10291353380657517
397	believes	2028	0.08348583921019216	0.08029784839974194
397	believes	2029	0.11092541358781516	0.10668961500797441
397	believes	2030	0.1017634260849335	0.097877487220716
397	justified	2026	0.07899845025021139	0.07517260198121568
397	justified	2027	0.08075081172590945	0.07684009762603707
397	justified	2028	0.08773936347571834	0.08349019794382281
397	justified	2029	0.08492842551702522	0.08081539204961272
397	justified	2030	0.09801387512470207	0.09326712106439189
397	knows	2026	0.09365884402331712	0.08613240170034585
397	knows	2027	0.11625891147194345	0.10691632347772088
397	knows	2028	0.10498999010662702	0.09655297475300888
397	knows	2029	0.10626215699931701	0.09772291007490731
397	knows	2030	0.11779530317711492	0.10832925045646903
397	true	2026	0.08825564300477164	0.08446501665529468
397	true	2027	0.10905916531080449	0.10437501672149845
397	true	2028	0.09283659284198037	0.08884921228430374
397	true	2029	0.10174238191475508	0.09737249302590786
397	true	2030	0.1256454609966938	0.12024892227201987
397	lucky_guessed	2026	0.1557958593666413	0.13833682858268723
397	lucky_guessed	2027	0.18213049622975916	0.16172031361451403
397	lucky_guessed	2028	0.16619747158935097	0.1475727996340762
397	lucky_guessed	2029	0.21076148540231995	0.18714281365667737
397	lucky_guessed	2030	0.15628826668416046	0.13877405500804557
398	believes	2026	0.07633749689049689	0.07329316219690696
398	believes	2027	0.10199114115675421	0.09792374070337378
398	believes	2028	0.08489017408562091	0.08150475915009509
398	believes	2029	0.08922477932035751	0.08566650059394719
398	believes	2030	0.14017154607970986	0.13458151341991847
398	justified	2026	0.09418633256924062	0.08951202318199569
398	justified	2027	0.07702103061863212	0.07319860631761917
398	justified	2028	0.0858656625997602	0.08160429407862146
398	justified	2029	0.0940692892767352	0.08940078855138366
398	justified	2030	0.08364585349768783	0.07949465037147072
398	knows	2026	0.12548488931659743	0.11481166295135806
398	knows	2027	0.10595977942945133	0.09694727826201567
398	knows	2028	0.1051643365774424	0.09621949249339216
398	knows	2029	0.10418624358630985	0.09532459205203565
398	knows	2030	0.09027449247911956	0.0825961170310145
398	true	2026	0.12838270405416355	0.12231084736711463
398	true	2027	0.10594080215740505	0.10093033464349926
398	true	2028	0.11231574580488367	0.1070037754950937
398	true	2029	0.11030098809887516	0.10508430570298402
398	true	2030	0.11312157848254219	0.1077714963369833
398	lucky_guessed	2026	0.1264526719401778	0.1149868634473451
398	lucky_guessed	2027	0.15930805526990102	0.14486315960210194
398	lucky_guessed	2028	0.15425548198364708	0.14026871690974796
398	lucky_guessed	2029	0.14828284755547505	0.13483763752743147
398	lucky_guessed	2030	0.1927492491593658	0.17527214927614543
399	believes	2026	0.11202222944266697	0.10857070849283483
399	believes	2027	0.10671033956800059	0.10342248344859385
399	believes	2028	0.08415852898806193	0.08156551751744112
399	believes	2029	0.09652949677863014	0.0935553229734327
399	believes	2030	0.121251897729185	0.11751600113704141
399	justified	2026	0.0910106677656127	0.08622896245925062
399	justified	2027	0.11127950779690982	0.10543287656141309
399	justified	2028	0.10995143046628106	0.10417457648410021
399	justified	2029	0.08890534112414654	0.0842342497910722
399	justified	2030	0.10569125827028092	0.10013823396099174
399	knows	2026	0.11690231578499463	0.10724468882386871
399	knows	2027	0.1394824014343907	0.12795937050339637
399	knows	2028	0.14961513252503528	0.13725500836527355
399	knows	2029	0.10109363810147572	0.09274201017716013
399	knows	2030	0.13477290104283968	0.12363893509870608
399	true	2026	0.1250456792605697	0.11926149886369349
399	true	2027	0.1307148784305101	0.12466846049852941
399	true	2028	0.12718344786414146	0.1213003816895002
399	true	2029	0.11545539420563693	0.1101148272078259
399	true	2030	0.11681591323106144	0.11141241333126634
399	lucky_guessed	2026	0.17016398120021597	0.15566200643739742
399	lucky_guessed	2027	0.16893151585091465	0.1545345761329132
399	lucky_guessed	2028	0.22290272142987216	0.20390616517901575
399	lucky_guessed	2029	0.1572085892527043	0.14381071869419546
399	lucky_guessed	2030	0.14386842800600147	0.13160745304882432
