draw	predicate	normalized_mdl	bits_per_label
0	believes	0.0889556999012853	0.08614503274609922
0	justified	0.08599564714097716	0.08045192120968703
0	knows	0.10510279300490072	0.09420271569962117
0	true	0.09338741715775768	0.0876060163249392
0	lucky_guessed	0.26800013160574465	0.24279263932941625
1	believes	0.08828120047093461	0.08765951229196565
1	justified	0.09870548911700358	0.091009352639643
1	knows	0.1361763150285459	0.12149905453441043
1	true	0.11702127728123407	0.10892108614866089
1	lucky_guessed	0.15374271641687673	0.1479179774971936
2	believes	0.08051240698293129	0.07687893183741588
2	justified	0.08834916490798639	0.08604071852749459
2	knows	0.11611904559786751	0.10913254258197234
2	true	0.10338322470416964	0.10039556121293335
2	lucky_guessed	0.14883326295683627	0.13575539409416978
3	believes	0.06451617438494489	0.06533157880262122
3	justified	0.11164495211988823	0.10425544366554841
3	knows	0.11846667677571301	0.10688894870678939
3	true	0.11458735105840477	0.10801776942937098
3	lucky_guessed	0.20677322911481436	0.18692772155275134
4	believes	0.10369268133759149	0.1016609527531708
4	justified	0.07450271253897253	0.07137817352809338
4	knows	0.09186414754325396	0.08535056782681742
4	true	0.10421706677963373	0.10021035947496765
4	lucky_guessed	0.21803003576004365	0.1887116606142231
5	believes	0.07270994522994353	0.07259824581269066
5	justified	0.10427577861218486	0.0985020053321854
5	knows	0.12514028428650262	0.11376240553299118
5	true	0.10779699657621868	0.10219485651533326
5	lucky_guessed	0.16791007869155503	0.14659486704309088
6	believes	0.09503554867231812	0.09283514912519693
6	justified	0.07009865070963482	0.06714605172606845
6	knows	0.08495674311070386	0.07837738688758204
6	true	0.08191717944016068	0.07891892039800125
6	lucky_guessed	0.1925990612272762	0.1734331974999519
7	believes	0.1364818913645389	0.1305373975686259
7	justified	0.07341314889637744	0.07008058641510581
7	knows	0.0785323971821725	0.07259231657790033
7	true	0.10167759888174896	0.09741842371150213
7	lucky_guessed	0.1588897895283509	0.1401489374058675
8	believes	0.11287129719523513	0.11220008034606882
8	justified	0.1316822503673163	0.12277279362160767
8	knows	0.12924615485042074	0.1167025436743187
8	true	0.11577502940424665	0.10885821208853311
8	lucky_guessed	0.16101418600668954	0.13995699938446118
9	believes	0.10523200489481338	0.09919787846562958
9	justified	0.08616295673237585	0.081581340769601
9	knows	0.10754201921945944	0.0983501891412529
9	true	0.11128652856017394	0.10563947492053885
9	lucky_guessed	0.13413772230014354	0.12055052552762578
10	believes	0.09431722983822692	0.09376550526190865
10	justified	0.10268500128647937	0.09501495678291326
10	knows	0.11858066462696283	0.10540181963141525
10	true	0.11156832015535133	0.10383864600458705
10	lucky_guessed	0.15520079185104857	0.14651446159836842
11	believes	0.10523858587561137	0.10216933156257782
11	justified	0.10072815056848673	0.09456042247198608
11	knows	0.10505587826036981	0.0946901945905821
11	true	0.08324563655491368	0.07891437153403659
11	lucky_guessed	0.16479864686430348	0.14708851292892558
12	believes	0.0841647112725423	0.08271109883986676
12	justified	0.10950495233424444	0.10218710181589707
12	knows	0.14448103549596675	0.13101875630925935
12	true	0.125228585559744	0.11731909337409209
12	lucky_guessed	0.16143652489124152	0.1464468273111248
13	believes	0.10093134928771058	0.10076191200461035
13	justified	0.11079353462587804	0.10757309669810465
13	knows	0.13038591158721158	0.12236000070338467
13	true	0.11195935243112447	0.10935797509101902
13	lucky_guessed	0.19497596543990448	0.16745942436604117
14	believes	0.09753214612227053	0.09404684183428744
14	justified	0.09152446776072509	0.08855039506260144
14	knows	0.10548626775493383	0.09863719326272315
14	true	0.1075107935546233	0.10391643516360563
14	lucky_guessed	0.2581817161354731	0.23180693233834257
15	believes	0.09309642927974107	0.09009549035976579
15	justified	0.12380522520676417	0.11921975065685736
15	knows	0.12199033680471068	0.11310386822272128
15	true	0.1158494312129298	0.11150804997860662
15	lucky_guessed	0.1509063753157892	0.13720407431660592
16	believes	0.11067188693310252	0.10460077381843443
16	justified	0.08760321367106515	0.0849487196724847
16	knows	0.09870314460307938	0.09301263837959073
16	true	0.11314781621993929	0.11023394286064125
16	lucky_guessed	0.2146445868013298	0.18884371668087638
17	believes	0.0820891186264671	0.07882819786827605
17	justified	0.11131798007675071	0.10412875984436974
17	knows	0.13403297126639474	0.12064062134781674
17	true	0.125712163284057	0.11753175507779871
17	lucky_guessed	0.1646418574270645	0.1545921338572244
18	believes	0.12679024326166327	0.11659353053761044
18	justified	0.08195669052456538	0.0801553060294712
18	knows	0.10104431845233046	0.09612198895197832
18	true	0.0926449770820959	0.09111489142034557
18	lucky_guessed	0.13625770518680697	0.1200140776798841
19	believes	0.11144733878538647	0.10604310022758907
19	justified	0.11990582009141144	0.11494847670801082
19	knows	0.12415265624241206	0.11303178394535185
19	true	0.10975360686691275	0.10533582748438482
19	lucky_guessed	0.1857346009869345	0.1698529565659051
20	believes	0.08187599371501421	0.07613085097512973
20	justified	0.1021657071707414	0.09766956149034305
20	knows	0.1090077165279033	0.10066226308039329
20	true	0.094708204050677	0.09069930980062298
20	lucky_guessed	0.16644550890185084	0.14364891670145946
21	believes	0.10067733247674276	0.09533005546296829
21	justified	0.09418710201714134	0.08991462468419542
21	knows	0.10109847126124866	0.09330380511913788
21	true	0.10165257178690953	0.0971784605799983
21	lucky_guessed	0.20777532161315582	0.17919636170954326
22	believes	0.09651453090462327	0.09638219587637684
22	justified	0.09487756756217526	0.08843594152946643
22	knows	0.11608521461109528	0.1045529392153704
22	true	0.12977601912582606	0.1221441333147147
22	lucky_guessed	0.17031730891853267	0.1584752616799384
23	believes	0.10144471634354653	0.09864180995143541
23	justified	0.09893502426021329	0.09333464443048839
23	knows	0.13175549119096883	0.11984536373053864
23	true	0.10931618466784457	0.10376992079076233
23	lucky_guessed	0.1457377378115362	0.13175968747706662
24	believes	0.08938302839999802	0.09108666915734223
24	justified	0.14312517446691408	0.13483990370249907
24	knows	0.18157207553382165	0.16565406034507923
24	true	0.15564065237789804	0.14782396111598772
24	lucky_guessed	0.17328691031185864	0.1505963286292769
25	believes	0.14470727469195213	0.14679395583777144
25	justified	0.08636638751749354	0.08271424437433891
25	knows	0.10987299820887071	0.1019111557933601
25	true	0.10576780556037854	0.10203773206118116
25	lucky_guessed	0.20466147111820396	0.18190320349520384
26	believes	0.15150611014326054	0.14547010859289058
26	justified	0.11307349059178368	0.10502452950230705
26	knows	0.12597084423018787	0.11269385318947402
26	true	0.1144137935211791	0.1073005210282283
26	lucky_guessed	0.18409454865247216	0.1660066242443766
27	believes	0.12566542235014663	0.11950293054383802
27	justified	0.08208598482017118	0.07932452921606185
27	knows	0.0891856374679793	0.08365658768638129
27	true	0.10471611540709858	0.10046229980267456
27	lucky_guessed	0.1578205841849777	0.14413316970675055
28	believes	0.10524602911539972	0.10710967258846098
28	justified	0.08711534475230703	0.0834586916270208
28	knows	0.0939878776251297	0.08710572766075289
28	true	0.09276521827765129	0.08872557203520025
28	lucky_guessed	0.22235136783173934	0.1941394364956005
29	believes	0.11034373500777787	0.10437042345209732
29	justified	0.08721254364438155	0.084888239601768
29	knows	0.09926897239986637	0.09409828054906413
29	true	0.09908928317914589	0.09658350183358509
29	lucky_guessed	0.16412879835716987	0.14398791383697437
30	believes	0.1016277295331332	0.09799201736028984
30	justified	0.1000856423192631	0.09315313901121569
30	knows	0.11830016033501309	0.10656491515597943
30	true	0.12234533906858928	0.11513339153346805
30	lucky_guessed	0.21380814518727578	0.19515156369774278
31	believes	0.10174232946911002	0.09813008593261405
31	justified	0.09166767097055425	0.08934338600015207
31	knows	0.10855590594712095	0.10329261907783521
31	true	0.09727710836437883	0.09492946298509544
31	lucky_guessed	0.1903904814068093	0.17049004183688113
32	believes	0.11882453167537599	0.11705835095926535
32	justified	0.08919081463117243	0.08185542648111048
32	knows	0.10156037862427876	0.09023857233584713
32	true	0.10663213589878473	0.09861435183982152
32	lucky_guessed	0.17285786819066637	0.15866160865651616
33	believes	0.08098229681792797	0.07947468661420058
33	justified	0.1054056768855952	0.0995473473025589
33	knows	0.10940136844102148	0.10013388864943562
33	true	0.1083642387966105	0.10317054198747655
33	lucky_guessed	0.1471901520090128	0.13178379136990218
34	believes	0.1105872939507154	0.10561043706815948
34	justified	0.09252928124863434	0.08642145215416597
34	knows	0.09903124614136694	0.08911237784055802
34	true	0.10719637560140077	0.10098216985692086
34	lucky_guessed	0.17255453307615026	0.15975395189277367
35	believes	0.10304197789734874	0.10191173677765661
35	justified	0.08627715786986773	0.0810444664188643
35	knows	0.10866886439584424	0.09781775790786212
35	true	0.12314219492234355	0.11629398330753135
35	lucky_guessed	0.1996940691581638	0.18078284068379225
36	believes	0.10050979590144203	0.09800939704741413
36	justified	0.11686775418595982	0.11178155698426
36	knows	0.1393250062083035	0.12902674067006484
36	true	0.1347714883184131	0.12907429490054698
36	lucky_guessed	0.14383791906690668	0.1303881273979431
37	believes	0.10110876730928302	0.09636369710385836
37	justified	0.09594701885857063	0.0903363528076785
37	knows	0.11063549975308086	0.1004146276148446
37	true	0.10468669052103886	0.09884762522219705
37	lucky_guessed	0.183960907154479	0.16287064513620125
38	believes	0.09403627714287778	0.0917901444172311
38	justified	0.10016149559347017	0.0929477312996067
38	knows	0.08770446493367624	0.07857221923943133
38	true	0.10546992488409176	0.09878760282942957
38	lucky_guessed	0.13788497251511403	0.1266529029629713
39	believes	0.10316021035613542	0.0971223072171801
39	justified	0.11159563203146552	0.11133115643929187
39	knows	0.11686686688172374	0.11286501920633821
39	true	0.10888554796949114	0.1083856900994214
39	lucky_guessed	0.19906626050979542	0.17510112938844466
40	believes	0.08762347680999391	0.08368466540442328
40	justified	0.08231821142185916	0.0806702648190865
40	knows	0.11203238418161622	0.10620483186955891
40	true	0.09144350062848035	0.09011768202815668
40	lucky_guessed	0.1857229194677699	0.17034534054554873
41	believes	0.09206137337250606	0.0908130228197863
41	justified	0.13126307613623042	0.11897396409916815
41	knows	0.14161307243099067	0.12283847556390555
41	true	0.11807926269782795	0.1075890823083976
41	lucky_guessed	0.1972718012456963	0.18021759899161266
42	believes	0.08779149481372588	0.08160790442281342
42	justified	0.09567605416049604	0.09209390280167108
42	knows	0.1250265338352884	0.11641799236341248
42	true	0.12089877455768194	0.11657650767209159
42	lucky_guessed	0.21663699808884365	0.18659318442321016
43	believes	0.08693253846799201	0.08402532880327444
43	justified	0.09164001230676293	0.08619463482171076
43	knows	0.12186636873461436	0.11067379003880777
43	true	0.09125371665260922	0.08652524154180417
43	lucky_guessed	0.2145150897369419	0.18901126321864667
44	believes	0.07851513425663803	0.07906849250435434
44	justified	0.1119934740267203	0.10706312702136545
44	knows	0.13844411528424655	0.12817139907805275
44	true	0.1400752261976959	0.1351891820523113
44	lucky_guessed	0.1533501717907541	0.13600865493080336
45	believes	0.08726944794823172	0.08488983588313286
45	justified	0.10200625645661998	0.09610596662521736
45	knows	0.1198628571132504	0.10980138171682384
45	true	0.10299830257474649	0.09749021503499901
45	lucky_guessed	0.1623935154578999	0.14031300375025632
46	believes	0.13500711799530773	0.1301557442746127
46	justified	0.08233222192813809	0.07797901202750689
46	knows	0.11091654015986371	0.10192890153055922
46	true	0.09976192038793787	0.09497235653408723
46	lucky_guessed	0.18362119483587608	0.1585430737621325
47	believes	0.11513529614932305	0.1093673505166569
47	justified	0.10268002266975851	0.09770038811248484
47	knows	0.11805700726844641	0.10935333612571063
47	true	0.08567141115782502	0.0814527417575742
47	lucky_guessed	0.15025146083732374	0.13184477182719592
48	believes	0.09134992388008874	0.08933693051552144
48	justified	0.09506236634760346	0.09248305413998761
48	knows	0.11384639474143249	0.10603895654252829
48	true	0.09939190667144181	0.09742377288382581
48	lucky_guessed	0.23584284588786597	0.22086209686418584
49	believes	0.10423032552253311	0.10009435953432637
49	justified	0.09679186154934835	0.09137248357746248
49	knows	0.11238782745575611	0.10208010084860511
49	true	0.1042143175680196	0.09834897301098863
49	lucky_guessed	0.18177315393143556	0.15811552452901173
50	believes	0.09067108229854856	0.0872427054933038
50	justified	0.12847847744583352	0.12069047067955513
50	knows	0.12812240555933463	0.11577102969436455
50	true	0.11432934545139775	0.10705634222042157
50	lucky_guessed	0.1337289133214724	0.1269135660409054
51	believes	0.10569523013190706	0.09947409683747858
51	justified	0.08051041706802531	0.0816106094893717
51	knows	0.09614157945421001	0.09449515746495711
51	true	0.10938199905326877	0.11054760839491888
51	lucky_guessed	0.1702557820400668	0.16768013519210878
52	believes	0.10353804153055968	0.10083438222711721
52	justified	0.09396046117363574	0.08908254953271208
52	knows	0.11945842037385036	0.10950195937222602
52	true	0.11409035499012093	0.10890216796868811
52	lucky_guessed	0.18204346083212014	0.15988247751650958
53	believes	0.09817980288366347	0.0946355107469438
53	justified	0.11672003743663474	0.11101024548685826
53	knows	0.13293605150788548	0.12238010572186983
53	true	0.11967010037185852	0.1142974631596385
53	lucky_guessed	0.16941604526807938	0.1456114595434491
54	believes	0.106116588018299	0.10659690493378216
54	justified	0.11968586153898489	0.11479576294566692
54	knows	0.12858919033764887	0.11966510339812239
54	true	0.11232578359965434	0.10775834651465167
54	lucky_guessed	0.1272679736240867	0.11213485780361107
55	believes	0.07614654915474438	0.07420209513616002
55	justified	0.12202400454820059	0.1165654814345992
55	knows	0.12332628532992013	0.1139826321348127
55	true	0.11715183308797916	0.1116221661360116
55	lucky_guessed	0.18049345842216277	0.16276665359023915
56	believes	0.10016794954920055	0.09707813441083195
56	justified	0.0684148850253855	0.06684700632299395
56	knows	0.09881121202325364	0.09380406682695158
56	true	0.09823297596436247	0.09654863848398876
56	lucky_guessed	0.16680531260894535	0.14848557368554594
57	believes	0.08507039456399478	0.08076826540659138
57	justified	0.12447566649886976	0.1190819977823928
57	knows	0.11263309203390391	0.10516909488612548
57	true	0.1027964068016272	0.09931887010164885
57	lucky_guessed	0.17280398294279006	0.1639424649093693
58	believes	0.07226587459425285	0.07228934189095099
58	justified	0.10163851503537163	0.09634129039506681
58	knows	0.1218973586476698	0.11209277415879858
58	true	0.11709788398838822	0.11162789752177021
58	lucky_guessed	0.194753901153115	0.17191931548259223
59	believes	0.09126529336373088	0.09454145907734707
59	justified	0.10516259348475276	0.09874807298753642
59	knows	0.11213301280290465	0.10150040236175532
59	true	0.10804580019550183	0.10133102511863733
59	lucky_guessed	0.16244340357032852	0.15086251548375681
60	believes	0.14310480254688646	0.13376192025749578
60	justified	0.07483328257287244	0.07120277800129293
60	knows	0.09691823152515361	0.089496933311206
60	true	0.09451458474661437	0.090595093461679
60	lucky_guessed	0.1744548671518512	0.15585639747002203
61	believes	0.08542688065104627	0.08100959917753663
61	justified	0.08465767259762985	0.08352583496359227
61	knows	0.11921047982973693	0.11451124891516656
61	true	0.1037767120004637	0.1024336579953633
61	lucky_guessed	0.24361818748320543	0.21416625225017147
62	believes	0.10528777296585974	0.10944919633036748
62	justified	0.08948844638466398	0.08299177090099909
62	knows	0.10570891970347436	0.09431101203039396
62	true	0.1028178371987326	0.09609524563206734
62	lucky_guessed	0.1813399706704676	0.16441987798643587
63	believes	0.0819747572144112	0.07645014827752777
63	justified	0.11138397855543465	0.10922858539993632
63	knows	0.12858470472918881	0.12229524452000964
63	true	0.11408318595674506	0.11134139505692281
63	lucky_guessed	0.2259180105958653	0.19609761515163993
64	believes	0.08921053119016681	0.08425530249860744
64	justified	0.08669004094561698	0.08236683517165753
64	knows	0.10272279006245091	0.09479668995020037
64	true	0.11937216760983695	0.11364539205981136
64	lucky_guessed	0.1427577252579475	0.12678642867752157
65	believes	0.0891192460215409	0.09208318772679366
65	justified	0.11405164022133073	0.10559378052940123
65	knows	0.11911002105648888	0.10653645459758418
65	true	0.10864290316763345	0.10105221587753468
65	lucky_guessed	0.15275235934522702	0.13639187889175003
66	believes	0.12547997371444744	0.12006581719900147
66	justified	0.09530432588244026	0.08968988646365367
66	knows	0.11628930900984222	0.10607092022789154
66	true	0.11007227378834203	0.10446529245709392
66	lucky_guessed	0.18739227252546198	0.16938605469765008
67	believes	0.11596262125434581	0.11009386828235629
67	justified	0.08728800930405556	0.08547387447746867
67	knows	0.12279075928280643	0.11602412062207834
67	true	0.10746981295436348	0.10454526637174484
67	lucky_guessed	0.18411138420720555	0.17015580718822879
68	believes	0.07261192242852621	0.07995862969474955
68	justified	0.12407538074905017	0.1158594708592559
68	knows	0.12009497250063321	0.1085728944340861
68	true	0.11776701924962066	0.1105834742312708
68	lucky_guessed	0.13348890830486446	0.12416925167457933
69	believes	0.15703181043609238	0.15191884318029672
69	justified	0.10871922295772048	0.10186769148348308
69	knows	0.11192027114691236	0.10156560259140293
69	true	0.11011194978310204	0.1037422790801254
69	lucky_guessed	0.1970555468974099	0.1762072402196773
70	believes	0.09380723401407835	0.09073202769212796
70	justified	0.11840401429548295	0.11203820903001523
70	knows	0.13270786788576058	0.12089091939929285
70	true	0.133152240155593	0.12614573445480456
70	lucky_guessed	0.16375441201188692	0.1421731811343392
71	believes	0.08194883187238963	0.0812634571057829
71	justified	0.09989964094588474	0.09426506674913009
71	knows	0.11287629469441371	0.10336401939775268
71	true	0.09579371620560344	0.09105634758483364
71	lucky_guessed	0.15647060668963386	0.13951953590899094
72	believes	0.10875324951725981	0.1107180941203929
72	justified	0.08365732571848589	0.07948345686644598
72	knows	0.10904201958794632	0.10019128703159312
72	true	0.08552261280840485	0.081219207861856
72	lucky_guessed	0.25067043829681945	0.22478586953122506
73	believes	0.10428173024759575	0.10452282105375857
73	justified	0.10797262546210638	0.10401040201195264
73	knows	0.13225307399167402	0.12344398578228893
73	true	0.09465884681334315	0.09160108961905314
73	lucky_guessed	0.19877267240252183	0.177153352344794
74	believes	0.12165281586340422	0.11347797570209607
74	justified	0.09919588897742164	0.09515090087158419
74	knows	0.11455241963464365	0.1056020277458557
74	true	0.10290147792184398	0.09852785641464329
74	lucky_guessed	0.189614538869586	0.1700241143475145
75	believes	0.08425273493386985	0.08240793875589399
75	justified	0.10732896519422683	0.0997843715872548
75	knows	0.13089815036220773	0.1156943367312365
75	true	0.12487743984764323	0.11502058500611179
75	lucky_guessed	0.19290926211299741	0.17700237743095168
76	believes	0.06577833690035174	0.06730002986854847
76	justified	0.10458277542803937	0.09753475736098025
76	knows	0.12955469451726923	0.11653013133490911
76	true	0.10491048325572869	0.09861372609383229
76	lucky_guessed	0.22456837963758006	0.20136402668227213
77	believes	0.10012238377931398	0.0964222644778216
77	justified	0.07692445975101649	0.07543224382081201
77	knows	0.09044175704923081	0.08546557023558211
77	true	0.08393356019837765	0.08205121589067975
77	lucky_guessed	0.17474789061474966	0.15575909952458783
78	believes	0.0958624866579602	0.09076962700437687
78	justified	0.09455102272800998	0.09525942840495752
78	knows	0.0996343412305918	0.09603720966887878
78	true	0.0875720075986982	0.08692652313610602
78	lucky_guessed	0.18363330457641594	0.17708640903586556
79	believes	0.08121673773043567	0.07838697343632418
79	justified	0.0944402693481843	0.08960481298810594
79	knows	0.09632307098863527	0.08890830745846355
79	true	0.10640531329230969	0.10108250027646479
79	lucky_guessed	0.17820381994605083	0.16131771050612054
80	believes	0.10760187798398801	0.10374002777427754
80	justified	0.11886825564786886	0.11256511660543099
80	knows	0.12087321081031452	0.11083470868621469
80	true	0.10649962895869136	0.10182530142519684
80	lucky_guessed	0.22684256711183048	0.2002213986237222
81	believes	0.11039093486093407	0.11553914481399613
81	justified	0.08554324102824488	0.08126409904490912
81	knows	0.10920389026569075	0.09915898007823105
81	true	0.1038661062295413	0.099399105424473
81	lucky_guessed	0.18640457452312684	0.16789344760788444
82	believes	0.08758303659524408	0.08552701472274826
82	justified	0.1232187237212681	0.11438678731396114
82	knows	0.15251354053528943	0.13756127532266602
82	true	0.12628707941481693	0.11856318143831189
82	lucky_guessed	0.161154757980565	0.14068183898925393
83	believes	0.14681375494003948	0.13558420192195578
83	justified	0.08856170042242023	0.08621175321773543
83	knows	0.10401431927547357	0.09763488974645465
83	true	0.08954593262054662	0.08665853024024331
83	lucky_guessed	0.15950342575847104	0.14104928771925354
84	believes	0.09322027564810854	0.08967475910950122
84	justified	0.08925802058652559	0.08481468422103719
84	knows	0.09468105673925874	0.0864442544517102
84	true	0.08943873475931648	0.08494337826208552
84	lucky_guessed	0.15020312710141467	0.14325392644553656
85	believes	0.15473971321024454	0.1464181191985017
85	justified	0.09681068015412686	0.09249991807152246
85	knows	0.10652008480566207	0.09693745672789074
85	true	0.11502351615521225	0.11024284124764729
85	lucky_guessed	0.2078385894110522	0.2053032223848018
86	believes	0.09460692128779032	0.08913396620984373
86	justified	0.08670388891729022	0.08337435572299748
86	knows	0.10198844718799956	0.09529281031748096
86	true	0.08112341809090154	0.07817148495960527
86	lucky_guessed	0.2107495966144431	0.18438949770820323
87	believes	0.10786080577053127	0.10246000442203458
87	justified	0.10236301776778448	0.09674041423910013
87	knows	0.12526390115086605	0.11428414858430787
87	true	0.10697406183228962	0.10153029167215213
87	lucky_guessed	0.17978254858509524	0.15922950043141337
88	believes	0.15041179739299512	0.15610183777701636
88	justified	0.08880690359840619	0.08404847498306492
88	knows	0.09907512611680183	0.0910824054510425
88	true	0.10636294616619164	0.10125835550766998
88	lucky_guessed	0.19639433718277896	0.17668847249220035
89	believes	0.10858154609957688	0.10219247833088844
89	justified	0.10950660333526271	0.11211659376618051
89	knows	0.12611754023039284	0.12321681606928904
89	true	0.1127087034390313	0.11471619258832833
89	lucky_guessed	0.1748217882563187	0.16735241732702588
90	believes	0.12927276757988393	0.11970653761364154
90	justified	0.08174290714510314	0.07711321281982106
90	knows	0.12194128555187615	0.11108440213662751
90	true	0.11312318704742617	0.10705827228943547
90	lucky_guessed	0.16897007117587817	0.15336699746620766
91	believes	0.12546715073959078	0.11832979160977225
91	justified	0.10638702064917795	0.10238480948859327
91	knows	0.12188217158709232	0.11349383171461838
91	true	0.13370232131390503	0.13097522896122227
91	lucky_guessed	0.17699253391811012	0.15835286381594313
92	believes	0.09589980986584228	0.08767021922131847
92	justified	0.09403920269277674	0.0901778436448085
92	knows	0.11457046637391144	0.10602619642345286
92	true	0.09599065241369507	0.09257013368611787
92	lucky_guessed	0.2117147789580028	0.18507323223345373
93	believes	0.10275871859016227	0.0988581120970035
93	justified	0.09000602388804575	0.08588492890859385
93	knows	0.1067507929206981	0.098714857493353
93	true	0.08583997276296952	0.08235388053270724
93	lucky_guessed	0.16948432121115847	0.1484429172445029
94	believes	0.11911902220802428	0.11803299947438803
94	justified	0.10929719513426556	0.10085027407685555
94	knows	0.14722911020105525	0.1302780947879672
94	true	0.1554563888768913	0.14481123049561423
94	lucky_guessed	0.18704264811657087	0.16069344087068044
95	believes	0.13273222623118272	0.12433860500398243
95	justified	0.09121154854886927	0.08795317651192652
95	knows	0.09615715818880603	0.0904095333781603
95	true	0.09137292335731567	0.08852098128335709
95	lucky_guessed	0.20827317469645978	0.18569383271230055
96	believes	0.0710512825233787	0.07028129110037135
96	justified	0.10788280609678709	0.10280801196367587
96	knows	0.1547030836636759	0.14244375251717808
96	true	0.11488616870383403	0.11028540149261976
96	lucky_guessed	0.1694209820339946	0.15256921064195014
97	believes	0.08917069163410672	0.08631610239219746
97	justified	0.08090584968642121	0.07665000449290672
97	knows	0.10191753585726303	0.09352430408923032
97	true	0.10230244868967867	0.09769416224946521
97	lucky_guessed	0.24345468983119994	0.20712001319824894
98	believes	0.09309284349920406	0.09212149875672554
98	justified	0.10765105772200993	0.10070304621512847
98	knows	0.1238253370721691	0.11161936124980562
98	true	0.1202152231056856	0.11302511796079119
98	lucky_guessed	0.18874187640558035	0.18090146672680016
99	believes	0.07509243884886665	0.07385130907312824
99	justified	0.09853408458527715	0.09388799304311694
99	knows	0.13083406610881693	0.11950203897035373
99	true	0.09753018073849501	0.09269285732254147
99	lucky_guessed	0.1808491270755138	0.16202135068018406
100	believes	0.07618216705417094	0.07320113843116367
100	justified	0.1012332803965231	0.09812039230121655
100	knows	0.13158898741414674	0.12417505236146162
100	true	0.09486392240966988	0.09256242614464338
100	lucky_guessed	0.15407263738522656	0.14372779636585337
101	believes	0.11514841895329848	0.1115399799719253
101	justified	0.08129904626630223	0.07957869491178803
101	knows	0.10592819312115928	0.10052817999245055
101	true	0.11256893369966371	0.11026691406667083
101	lucky_guessed	0.14565690980926715	0.1342005004958228
102	believes	0.08223356974720927	0.07776521788927487
102	justified	0.106541600442922	0.10069907423735809
102	knows	0.12482491415772445	0.11414870529138432
102	true	0.11187171164581282	0.10626476996594465
102	lucky_guessed	0.17156713265946008	0.1548018935417123
103	believes	0.10122983191562203	0.09731439336146028
103	justified	0.09935958588197659	0.09712711371595689
103	knows	0.11749045712119774	0.11004403171204445
103	true	0.11580615902475688	0.11229129280793415
103	lucky_guessed	0.1560408142649212	0.15156835568132795
104	believes	0.08798000829427363	0.08226039410864285
104	justified	0.07333582347601686	0.07036960712060111
104	knows	0.10056185275616283	0.093915840633352
104	true	0.09196249558036458	0.08866110256938642
104	lucky_guessed	0.20400939607094476	0.18562056023461485
105	believes	0.11012911198895904	0.10701087240528566
105	justified	0.09717507381479303	0.09174879213688164
105	knows	0.11061666610529938	0.10095129961679852
105	true	0.09346572785670969	0.08848911352358779
105	lucky_guessed	0.20040567172578053	0.17725748772022662
106	believes	0.17134019462066916	0.1640875094489304
106	justified	0.08696147903093242	0.08326906336170249
106	knows	0.09978206867380447	0.0923987804377328
106	true	0.09222268962633487	0.08792607428757804
106	lucky_guessed	0.22615909501750947	0.2067091420853896
107	believes	0.0971190888191529	0.09195509771057835
107	justified	0.09657770977164842	0.09193030365839967
107	knows	0.11851377273345648	0.10890256177766368
107	true	0.09659506456053082	0.09244594552350185
107	lucky_guessed	0.2051323663514894	0.17914107105490296
108	believes	0.11042406686218581	0.10031131522526138
108	justified	0.1112135897027547	0.10829523251555292
108	knows	0.13455936917834085	0.12751133657391864
108	true	0.11302089345362024	0.11034671911697008
108	lucky_guessed	0.11992752379666573	0.11117923235147034
109	believes	0.11005380409258747	0.1055659104651015
109	justified	0.06384217930306019	0.06149985000235349
109	knows	0.08863952120836402	0.08316674316483008
109	true	0.08220385711706621	0.07989029873086932
109	lucky_guessed	0.19399967471603163	0.16487444442209614
110	believes	0.11410739150155692	0.10913698473252069
110	justified	0.09549652434481905	0.09125275650788942
110	knows	0.09920303485023498	0.09182764493344116
110	true	0.1024016438325301	0.09814531574732965
110	lucky_guessed	0.15742407208187678	0.1391875997550966
111	believes	0.10832564472865633	0.10680200663145312
111	justified	0.09115471863877911	0.08685635611181447
111	knows	0.10935294249179718	0.10041241722984384
111	true	0.11792436875816752	0.1128117356520739
111	lucky_guessed	0.21641380699930096	0.1924688659718134
112	believes	0.09998748905035706	0.09647971380677098
112	justified	0.10148426516680467	0.09511524999369854
112	knows	0.13161167454530837	0.11874957804963225
112	true	0.12071285032905814	0.11303030233511775
112	lucky_guessed	0.17097872113262091	0.15421772079441362
113	believes	0.07512553334092886	0.07062897559506685
113	justified	0.10059934156807358	0.09917800537284123
113	knows	0.11620446199746777	0.11089196440918865
113	true	0.12079318695212447	0.11914444564237654
113	lucky_guessed	0.1724110659401694	0.14611640407338228
114	believes	0.0925981202481991	0.09430411442934908
114	justified	0.08500975566689996	0.08171289083568589
114	knows	0.09948777154649374	0.09219603251343181
114	true	0.09092336524452563	0.08782339315343823
114	lucky_guessed	0.19111499702783893	0.17039472438745473
115	believes	0.06625290836756255	0.06396717968517446
115	justified	0.10332817497636633	0.09799784322636652
115	knows	0.12761607544066156	0.11636884882856205
115	true	0.11437722525697856	0.10853270829874087
115	lucky_guessed	0.18428442506373183	0.17268988321915954
116	believes	0.09067872181980823	0.08846060094187326
116	justified	0.12297401511584406	0.11515606622410267
116	knows	0.13725554423490577	0.12425158886212997
116	true	0.12030696963891284	0.11307595012214343
116	lucky_guessed	0.16289296493824085	0.1460998026335325
117	believes	0.09928632310873953	0.09328612050398137
117	justified	0.12065596458262509	0.11501519535637784
117	knows	0.138163711478817	0.12682536639968106
117	true	0.11951760360014625	0.11441444903834547
117	lucky_guessed	0.16636704618785148	0.15527127070277183
118	believes	0.09722305352056188	0.09663738365561057
118	justified	0.09566291512607357	0.09100246100600753
118	knows	0.10238940965441097	0.09409033642862857
118	true	0.09593715581955216	0.09110372321816014
118	lucky_guessed	0.1776558041088092	0.16735671508279332
119	believes	0.09781155578058058	0.10494290734845224
119	justified	0.10562059007927528	0.09896146408729156
119	knows	0.10570738877578398	0.09549093848311176
119	true	0.10811898280441334	0.10183728671584372
119	lucky_guessed	0.19245708990107507	0.18172733278539055
120	believes	0.11347783508511781	0.1101475506989736
120	justified	0.10096303892289327	0.09810627214702819
120	knows	0.10795151320409876	0.1020558324274272
120	true	0.13031406207953267	0.12686343582660065
120	lucky_guessed	0.23667670744874872	0.20937897045217338
121	believes	0.09995171243715102	0.09291633754186691
121	justified	0.10080108134252663	0.0981804626659545
121	knows	0.11116107462943407	0.10409311675948121
121	true	0.11178184523148255	0.10818016168997967
121	lucky_guessed	0.25034844103600457	0.22799345935182
122	believes	0.11360182076918487	0.1104922851904809
122	justified	0.08552775859337296	0.08377991755284131
122	knows	0.10645910600751628	0.09952526929315922
122	true	0.11813680124010068	0.11429291994006349
122	lucky_guessed	0.16443572505236742	0.15433181498420664
123	believes	0.07931215201952874	0.08183621811069501
123	justified	0.09788620535081358	0.09133931064251588
123	knows	0.12449715707429652	0.11118440470611761
123	true	0.08778483741895565	0.08186869061382786
123	lucky_guessed	0.1447995362957538	0.12731195779248836
124	believes	0.06147562502055096	0.06145059266211187
124	justified	0.07984518891483845	0.07711155992803591
124	knows	0.09656349767755201	0.09027834247160173
124	true	0.09612595187632955	0.0933473665949971
124	lucky_guessed	0.19181422236843673	0.16761273733286766
125	believes	0.06402481957132333	0.0645830706497739
125	justified	0.09569171740042298	0.0888177696703195
125	knows	0.12008437557063492	0.10710218024503117
125	true	0.09848458903404718	0.09205623123682105
125	lucky_guessed	0.17587486630652582	0.1505773991568349
126	believes	0.09897351243989555	0.09500543502642908
126	justified	0.09697761471133576	0.09140402293091844
126	knows	0.11337527753472515	0.10313446835978211
126	true	0.10267032105448952	0.09701923749470687
126	lucky_guessed	0.2256747997351623	0.19178121461712674
127	believes	0.11438905017790883	0.11086110428665528
127	justified	0.07972642297205883	0.07518718298790746
127	knows	0.08527087570706238	0.07805105030011177
127	true	0.06917947162474937	0.06545193261141134
127	lucky_guessed	0.17388651287353796	0.15634444367296477
128	believes	0.12479820445428577	0.11730053873847343
128	justified	0.09012053744020279	0.08877277207965698
128	knows	0.08752676582453527	0.08305627278760899
128	true	0.0862763087458967	0.08483590711277048
128	lucky_guessed	0.18049610357397503	0.15808060571578073
129	believes	0.09850511622344273	0.09521040328349609
129	justified	0.10450675137676747	0.09863504937006469
129	knows	0.14321304001730475	0.1310791400716416
129	true	0.1123776208399116	0.10662163145330195
129	lucky_guessed	0.14011316919678687	0.12428102247140202
130	believes	0.12062980935739503	0.11956441175772319
130	justified	0.0747622435741175	0.07056663441050452
130	knows	0.09155235257704308	0.08347660779997226
130	true	0.09761448561166376	0.09240962295667356
130	lucky_guessed	0.17071129379283476	0.15754550188601377
131	believes	0.09561527575311465	0.09192001801555126
131	justified	0.10108604163576916	0.09721260511953939
131	knows	0.11312963007357019	0.10437312503503449
131	true	0.10665753466497674	0.10290347275264178
131	lucky_guessed	0.2240073111870723	0.1981830107762251
132	believes	0.09711363044465424	0.10136013175343343
132	justified	0.11204945784756846	0.10568436033216537
132	knows	0.14456773774821738	0.13085599593322814
132	true	0.12289925964816789	0.11682570618481944
132	lucky_guessed	0.19822951293082589	0.1746813993494215
133	believes	0.10183396001828689	0.099573813574602
133	justified	0.10389539505814474	0.095818312887945
133	knows	0.11880887819755832	0.10524326536050276
133	true	0.11135281396098957	0.10297882749189065
133	lucky_guessed	0.1553468806698478	0.14087248262121163
134	believes	0.12271955802898395	0.11662775432291202
134	justified	0.09363334324943631	0.09246130378983874
134	knows	0.1049187121764117	0.10063867538880766
134	true	0.10321991814021876	0.1017437892066153
134	lucky_guessed	0.1624786810970628	0.1431991434780816
135	believes	0.09810147367950885	0.09564604744585452
135	justified	0.09569745555190948	0.0909791419292283
135	knows	0.11943995243507907	0.10970918438988744
135	true	0.10292123499173735	0.0980860329713246
135	lucky_guessed	0.15951964785551795	0.13952254536185454
136	believes	0.090446551432018	0.08548672638110937
136	justified	0.16317614211793055	0.15338817179472036
136	knows	0.18004681729198707	0.16286276055365392
136	true	0.1793535462806316	0.1692135647218562
136	lucky_guessed	0.13068087289639327	0.12019258877982113
137	believes	0.10288714455146745	0.0978356513908829
137	justified	0.10850323111722286	0.1015469347558993
137	knows	0.12121053433246123	0.10924400613031643
137	true	0.13929197765359305	0.1310828984473005
137	lucky_guessed	0.175977741878749	0.15543143743494003
138	believes	0.10165575136494713	0.09963498796059919
138	justified	0.10093659398331466	0.09738947474208161
138	knows	0.10681323688007227	0.09922459979358585
138	true	0.09623252578943854	0.0931928538534461
138	lucky_guessed	0.17155685802375212	0.151218459820072
139	believes	0.1531103993418567	0.15379528267399173
139	justified	0.07959034327638295	0.0774665532718592
139	knows	0.09667529333933379	0.09145156186686187
139	true	0.09719038599666235	0.09500798702408567
139	lucky_guessed	0.21252153711022292	0.1850200954171705
140	believes	0.0892175444908525	0.08271813669952548
140	justified	0.08781429988710492	0.08422037389822969
140	knows	0.10426028052097604	0.09712353272477267
140	true	0.10295136385587843	0.09907752519509168
140	lucky_guessed	0.17348197749228914	0.15511236851254911
141	believes	0.07232226702948456	0.06819084995674338
141	justified	0.12273063483099222	0.11602770134355299
141	knows	0.1396919402705983	0.12754148802991455
141	true	0.12010241395374098	0.11445284087782086
141	lucky_guessed	0.1540002425927132	0.13930682956694687
142	believes	0.11529676088275562	0.10739720198422888
142	justified	0.08635688179079352	0.08261116405001621
142	knows	0.10116501535667227	0.09390802273223614
142	true	0.11925669542535801	0.11451289008574754
142	lucky_guessed	0.20127361009168804	0.18378521707487708
143	believes	0.10563064060763291	0.1022585653621465
143	justified	0.09016485511361351	0.0866657334834477
143	knows	0.10461681425890242	0.09739271191221469
143	true	0.09265830697378348	0.09027219554645838
143	lucky_guessed	0.14182166812407357	0.12466354918940777
144	believes	0.08705386911779307	0.08525729126685676
144	justified	0.08591782159802364	0.08270238962943084
144	knows	0.10936752821943316	0.10204519522263018
144	true	0.0891671016112703	0.08591320789845153
144	lucky_guessed	0.17300313629877212	0.1561901424103245
145	believes	0.08443655481492623	0.081539669400085
145	justified	0.08588041535172918	0.08245349316863493
145	knows	0.10550913345442338	0.09815213906181783
145	true	0.10335235567680653	0.09959002712229223
145	lucky_guessed	0.1916323835035996	0.17521292795750257
146	believes	0.1039134324202136	0.10775560471227894
146	justified	0.09887121364469689	0.09184199323136703
146	knows	0.11043948923965288	0.09846953157441388
146	true	0.1331415426637193	0.12442838692944118
146	lucky_guessed	0.19490086333488824	0.18503734439643832
147	believes	0.10162525126634443	0.09844752290709906
147	justified	0.12382774443804355	0.11634931043951097
147	knows	0.13684231794230547	0.12456236697972839
147	true	0.12698625498642768	0.12046698819675711
147	lucky_guessed	0.18513388174397585	0.16984691367053914
148	believes	0.13220801813823263	0.12629366395888128
148	justified	0.09976648294508024	0.09412160139502439
148	knows	0.1147195133196154	0.10467384210076341
148	true	0.11154518484186046	0.10583329502967413
148	lucky_guessed	0.1839531247033246	0.16771410849461013
149	believes	0.10301545687271678	0.09765058184513295
149	justified	0.10102460878863247	0.0966412843180585
149	knows	0.1159049478595235	0.10741842625383308
149	true	0.09713447802629994	0.09315697198680274
149	lucky_guessed	0.24903727956182414	0.21590324883919254
150	believes	0.10513800460371643	0.10214623751063752
150	justified	0.08648470663785518	0.08306928945602943
150	knows	0.10549686898973971	0.0984454581604738
150	true	0.10592456894430971	0.10202340417367974
150	lucky_guessed	0.18461112702524404	0.16187114319800622
151	believes	0.09833014492624556	0.09438509633809329
151	justified	0.0769337065854291	0.07319372505872003
151	knows	0.09417674619963391	0.08723302311662384
151	true	0.10080272425845595	0.09606764377347612
151	lucky_guessed	0.17326740056514503	0.1563740843024552
152	believes	0.11640562340682255	0.10809486435991703
152	justified	0.08975151080000403	0.0848690102237082
152	knows	0.10714939370758746	0.09781796592035226
152	true	0.1038534943248384	0.09896778246337379
152	lucky_guessed	0.19716264223558397	0.1777402551956652
153	believes	0.10220207332887742	0.09564225424065463
153	justified	0.08238705173365334	0.08417896705997846
153	knows	0.1043640734044105	0.10404156193132508
153	true	0.1004549792824263	0.10274829046970517
153	lucky_guessed	0.16120775383440888	0.14964343943839087
154	believes	0.0814316189442203	0.08002992125884868
154	justified	0.09786270538874152	0.09453118665909974
154	knows	0.11356670224002323	0.10684740593420775
154	true	0.10813284027320817	0.10516120287587305
154	lucky_guessed	0.2084918371638886	0.18064437193163688
155	believes	0.13728954414876254	0.1299853256740973
155	justified	0.12124216218637615	0.12340034040862338
155	knows	0.12283077564451639	0.12156820789646061
155	true	0.13588719085564624	0.13940081196805668
155	lucky_guessed	0.15086663687130056	0.14301342009616258
156	believes	0.10355523430024063	0.09835060862591215
156	justified	0.09873875429076015	0.0960608611204335
156	knows	0.11578324422988057	0.1098200758958407
156	true	0.10732951252292372	0.10444055641690783
156	lucky_guessed	0.17954975822166455	0.15066764981775307
157	believes	0.07741191810145887	0.07666502098841896
157	justified	0.10157775166684765	0.09921264676348376
157	knows	0.11520860923253685	0.1078845784564222
157	true	0.1172607554947962	0.11513647217653515
157	lucky_guessed	0.17443123056070658	0.15294145117636954
158	believes	0.09245838101716229	0.09031843643758682
158	justified	0.08324282422940715	0.07956387978887743
158	knows	0.1034196730716747	0.09585784080146664
158	true	0.09419520766171739	0.09075680369368871
158	lucky_guessed	0.20378283882629836	0.1832579850382252
159	believes	0.12091967199890923	0.11119493556793435
159	justified	0.06905871451541899	0.06791116322850413
159	knows	0.09133852650924325	0.0870115513902008
159	true	0.09769101519523975	0.09620457917805597
159	lucky_guessed	0.17970376498564355	0.16345186852186833
160	believes	0.08097475031139659	0.07789483138507297
160	justified	0.0958415110867801	0.09016596803124909
160	knows	0.11545330134214693	0.10539912665202943
160	true	0.11424527537027918	0.10813260772572202
160	lucky_guessed	0.16418630111114496	0.15010196265217973
161	believes	0.11353331553161006	0.10844510478373853
161	justified	0.1042785108552324	0.09852444781008915
161	knows	0.143903343515634	0.13162503018550664
161	true	0.10193547788766075	0.09681922346952222
161	lucky_guessed	0.143938900732213	0.12733049137380856
162	believes	0.09159765240861335	0.09133428806454336
162	justified	0.11699185830037213	0.10858214367701031
162	knows	0.14980168050154857	0.13300347228745052
162	true	0.12614682015385326	0.1179316392104792
162	lucky_guessed	0.12567767161134985	0.11221017757441554
163	believes	0.10289580092235051	0.1018896948082978
163	justified	0.08749029296051493	0.08045944656654838
163	knows	0.11077587597841884	0.09773103092099508
163	true	0.11333146547397326	0.10530824748250314
163	lucky_guessed	0.2329797613241499	0.21121881768748482
164	believes	0.09707407559827905	0.09508656150755437
164	justified	0.11739296626627276	0.11264427434802331
164	knows	0.13605767984273545	0.1269070701843738
164	true	0.1211404816501831	0.11677365530120189
164	lucky_guessed	0.16620532169075214	0.15068442256183048
165	believes	0.12745308185256646	0.12266524504331539
165	justified	0.08732551623388447	0.0832937390083855
165	knows	0.10475168028170058	0.09731318977644343
165	true	0.10559893697889072	0.10122446533626121
165	lucky_guessed	0.15953553136732052	0.14780376368073805
166	believes	0.1109173663181146	0.10899453256871246
166	justified	0.10439588064291912	0.09760142501553881
166	knows	0.12196418950403379	0.11006481642273538
166	true	0.1137493835703493	0.10688732245916645
166	lucky_guessed	0.18386317896414747	0.16290194248623646
167	believes	0.10122071005876934	0.1015889643906689
167	justified	0.09413466626440276	0.08903006072416964
167	knows	0.10254367536870453	0.09340782438690029
167	true	0.0916249531061849	0.08734453968363179
167	lucky_guessed	0.16184964367732407	0.14124473412346364
168	believes	0.10817001562723234	0.10255147208347822
168	justified	0.09655079810732221	0.10013656507199527
168	knows	0.11679248150810993	0.11624610714042727
168	true	0.10194068480535251	0.10374775288446898
168	lucky_guessed	0.1440512595137609	0.1356656293842065
169	believes	0.07965902768714495	0.0788816173560018
169	justified	0.09576870093728454	0.09109524715268169
169	knows	0.08878192030551212	0.08187216945138671
169	true	0.09799048414866436	0.09396714210737417
169	lucky_guessed	0.15551533941607526	0.14120679960785262
170	believes	0.09218044703784946	0.08935408569578149
170	justified	0.10718872985363981	0.102695910990974
170	knows	0.12788675463228513	0.11905483367620695
170	true	0.12492732667165643	0.1202880001192292
170	lucky_guessed	0.15367249506569947	0.13906760957235986
171	believes	0.0824892308769671	0.07892292724909851
171	justified	0.10673977274262655	0.10148534613875973
171	knows	0.11854194813727681	0.10979374756962489
171	true	0.12729100284317157	0.12104622466430623
171	lucky_guessed	0.21973847909145433	0.20152303013008113
172	believes	0.10389845128905491	0.10078612879880551
172	justified	0.11202816308386195	0.1060010199901464
172	knows	0.12297996686563199	0.11194138811930189
172	true	0.10666780318341565	0.10116157091800258
172	lucky_guessed	0.18067084382706616	0.16157311342421823
173	believes	0.11520329927112602	0.1114284235223797
173	justified	0.10877383834726638	0.10385656267734583
173	knows	0.13854366540258092	0.12791491033398808
173	true	0.10527942599271337	0.10140920189682105
173	lucky_guessed	0.1464275177739919	0.1284029246010819
174	believes	0.08567127804911986	0.08187921829202982
174	justified	0.11351650712719119	0.11026965300437015
174	knows	0.13563202214152503	0.12735521850341838
174	true	0.1379376101404104	0.1335816123033856
174	lucky_guessed	0.1673705491851061	0.1451825332435779
175	believes	0.0856544605561254	0.08216577445758921
175	justified	0.09286057496802096	0.08830348464303116
175	knows	0.12251431065176567	0.11345131748358649
175	true	0.10059952361846068	0.09669609974163823
175	lucky_guessed	0.18953983266479935	0.1670481195023419
176	believes	0.10019333415674037	0.09799241829112865
176	justified	0.0835270870316666	0.08267564130380398
176	knows	0.08727496198945683	0.08371856235760756
176	true	0.08201301496012982	0.08195668844399193
176	lucky_guessed	0.20505154616731328	0.17908098786357973
177	believes	0.08921816299525263	0.08674832807384131
177	justified	0.0987157562817878	0.093801145929511
177	knows	0.10924966771345922	0.10065647598777695
177	true	0.10284933108311754	0.09816269426036577
177	lucky_guessed	0.21322720360610964	0.18619395219916396
178	believes	0.09566443948944961	0.09361862500402894
178	justified	0.10345546155625306	0.09924176163120715
178	knows	0.12757575494512188	0.11895017764565287
178	true	0.12081322128219611	0.11631175526133634
178	lucky_guessed	0.17130404369124613	0.14988479316918077
179	believes	0.11846164234416649	0.1106302783677495
179	justified	0.11483833730711018	0.1087784698198603
179	knows	0.12311238130899145	0.11308852304208532
179	true	0.10366713720039468	0.09864113019531046
179	lucky_guessed	0.14920070514776268	0.1336485896990107
180	believes	0.1165110294030849	0.10954165937632847
180	justified	0.07803493627738316	0.07551633773079339
180	knows	0.08643788011930173	0.08151842273470697
180	true	0.10455468455679791	0.10189621226360211
180	lucky_guessed	0.22341174534815017	0.1954077846779199
181	believes	0.10508114376153356	0.09654752789384369
181	justified	0.0963395428106373	0.09629869125297132
181	knows	0.10944244542048452	0.10572383182889039
181	true	0.1209457724352527	0.12134112712917365
181	lucky_guessed	0.1669059846910409	0.15034293928642858
182	believes	0.08741474811531687	0.08377531208515678
182	justified	0.08725542080805249	0.08321950240619945
182	knows	0.09645709963562188	0.08865258937539598
182	true	0.0876606758426139	0.08385678351369782
182	lucky_guessed	0.13482252420318236	0.11763682964270923
183	believes	0.09693518628805703	0.0976665620339666
183	justified	0.14335481946631257	0.13351616701473532
183	knows	0.14419977730130115	0.12865575031824503
183	true	0.12588498550628718	0.1179795721146213
183	lucky_guessed	0.16499295216111115	0.14801424323377926
184	believes	0.1023648818272134	0.0989950995002411
184	justified	0.10543091442033989	0.09918837467224462
184	knows	0.11321691768161353	0.10225833709187841
184	true	0.0934407137676246	0.08811249333332
184	lucky_guessed	0.22398992989917763	0.2033027743516129
185	believes	0.0895375721601075	0.08243080468553647
185	justified	0.09946837917244687	0.0943734720884855
185	knows	0.11675091056449659	0.10682084846904678
185	true	0.1023425418433577	0.09760672650154385
185	lucky_guessed	0.16500467269190303	0.15223365537739844
186	believes	0.1037156233514263	0.10351127807840635
186	justified	0.07859633486532096	0.07591074391930888
186	knows	0.10253101323386962	0.09578788217915842
186	true	0.08965215009259186	0.0868487799607837
186	lucky_guessed	0.16739243637295834	0.1505858863526763
187	believes	0.10726978818453976	0.10538333171841553
187	justified	0.11323253589042571	0.10507111503186392
187	knows	0.11311177253341777	0.10163154722081505
187	true	0.1357575254524185	0.12698069860091984
187	lucky_guessed	0.15478354718956203	0.13871116391679264
188	believes	0.07423366398680908	0.07087030437332247
188	justified	0.15302364181787426	0.144817679654292
188	knows	0.1700623342736239	0.15514934094645097
188	true	0.16244247310782686	0.15376397406876796
188	lucky_guessed	0.2429623759668006	0.21702759842766767
189	believes	0.09206100393477151	0.09744360016997917
189	justified	0.09498717687237795	0.09461974170834309
189	knows	0.11398591008574847	0.11006638051528726
189	true	0.09982728093391852	0.10055275225922311
189	lucky_guessed	0.20916442061584387	0.18069997882717054
190	believes	0.09055796094837065	0.09038451233155963
190	justified	0.07066947258894797	0.06609108463374183
190	knows	0.09996912751401629	0.09052710086680169
190	true	0.10673762465890478	0.1008603091513928
190	lucky_guessed	0.1484716135453457	0.13133996952947954
191	believes	0.10979584474913288	0.10486726710901119
191	justified	0.11636316735422443	0.11151913547793724
191	knows	0.13888620369016377	0.12924294894317867
191	true	0.13604917649653206	0.13129968350990562
191	lucky_guessed	0.14606230585772084	0.1292692231323186
192	believes	0.09212445042328198	0.08636934865707077
192	justified	0.08738579872434601	0.08274512063371019
192	knows	0.12563418575314117	0.11507359719790354
192	true	0.10748348948088758	0.10179180130354405
192	lucky_guessed	0.17689144896666006	0.1608305795503487
193	believes	0.08473654839856361	0.08271111034703985
193	justified	0.1143011546223075	0.10870106201687225
193	knows	0.11543844497206104	0.10658767937562144
193	true	0.1098492918375834	0.10488524383724554
193	lucky_guessed	0.18344158839043836	0.1613231428577413
194	believes	0.09654860047217734	0.09317798109568555
194	justified	0.1319980110167258	0.1278004410273898
194	knows	0.15077595205408095	0.14105388684173376
194	true	0.14108181613906542	0.13639455256540087
194	lucky_guessed	0.21785745338682486	0.20085909427330692
195	believes	0.10537594677161612	0.10317831698249155
195	justified	0.10217555080769317	0.09655921544017354
195	knows	0.10972823219583172	0.09998928439339368
195	true	0.0958546923174068	0.09087176482503193
195	lucky_guessed	0.14147520828994664	0.1288970289043756
196	believes	0.09477996799785637	0.08850332683493005
196	justified	0.07908127721106362	0.08077253490784389
196	knows	0.09240219792177481	0.09087218005623951
196	true	0.0793890699216963	0.08045114433592529
196	lucky_guessed	0.23080934446097764	0.22473084242125843
197	believes	0.11145275552252969	0.10438690276806185
197	justified	0.08733762980000198	0.08365384892599355
197	knows	0.11663397326190096	0.10773334879458632
197	true	0.10447074243218682	0.09990963297213994
197	lucky_guessed	0.18686852026616177	0.16371696906547856
198	believes	0.06876395503028007	0.06784374858931971
198	justified	0.10980843423911574	0.10204466850034345
198	knows	0.12770357354000322	0.11396782657001679
198	true	0.10055719165547287	0.09406294055396562
198	lucky_guessed	0.19273906474646432	0.16501659290485585
199	believes	0.08605693994500582	0.08573343001119446
199	justified	0.09642185155745145	0.0915749810372419
199	knows	0.113266451649643	0.1042539668365397
199	true	0.09797455820264372	0.09313699776011809
199	lucky_guessed	0.17691081234010397	0.15925588027084667
200	believes	0.08825339908354499	0.09003824065351862
200	justified	0.13952065726428883	0.13218448595277166
200	knows	0.15817914967345706	0.144764070901185
200	true	0.16660067867484302	0.15919071782471925
200	lucky_guessed	0.14159165881844088	0.1261504891184243
201	believes	0.09264984242033723	0.09218964209337173
201	justified	0.0770761872443469	0.07348857481666037
201	knows	0.08227997906128906	0.07595023332611138
201	true	0.07636779478300439	0.07296491597578474
201	lucky_guessed	0.16305677538295826	0.14215273547623866
202	believes	0.10267696849453486	0.09852792822604889
202	justified	0.08642445608969879	0.08431717335111921
202	knows	0.1093632105049196	0.10354991042185642
202	true	0.10203378828558296	0.09934541599897007
202	lucky_guessed	0.16977264663771968	0.14927915198017977
203	believes	0.09353759800915981	0.09250826900791093
203	justified	0.10299983309204919	0.09411264765170463
203	knows	0.12276331364311029	0.10894143464167742
203	true	0.10703966109794034	0.09898248442132224
203	lucky_guessed	0.14627896217781175	0.1330736606502999
204	believes	0.0739086427646649	0.07292806495918619
204	justified	0.1112561647230589	0.10294609178305787
204	knows	0.10961084459220263	0.09752707247660819
204	true	0.11818859432946971	0.10999225178012921
204	lucky_guessed	0.15314500609101536	0.14134357779451995
205	believes	0.10860447121989128	0.10300821425670528
205	justified	0.08733144709834298	0.0858725870698461
205	knows	0.10811437390142027	0.10278719998948208
205	true	0.09130840736287628	0.08958835756663151
205	lucky_guessed	0.13745299617105017	0.1249938749419066
206	believes	0.09930592270294833	0.09792677899029381
206	justified	0.08894833590945321	0.0855449684633348
206	knows	0.0903154912412874	0.08463864841075767
206	true	0.09039111818909279	0.08708196740207842
206	lucky_guessed	0.19809051476095485	0.17272290173003307
207	believes	0.1312035668429963	0.12611247388184094
207	justified	0.09772077679843252	0.09148751754322822
207	knows	0.1312462495247035	0.11910663616229991
207	true	0.12083204386608196	0.11370929550697022
207	lucky_guessed	0.1581762101799859	0.1422663439820334
208	believes	0.11353831326887825	0.10897832485604453
208	justified	0.08505025076481663	0.08214368270228319
208	knows	0.09902999632444556	0.09311122877495685
208	true	0.10124352328839194	0.09800923633042614
208	lucky_guessed	0.16988307819655218	0.15792216169842405
209	believes	0.110213235159096	0.10990114789230641
209	justified	0.1040253349321521	0.09903050124124864
209	knows	0.1204843539678095	0.11064191024871826
209	true	0.11712770522813835	0.11215745313726677
209	lucky_guessed	0.17775177975064707	0.15754230059702193
210	believes	0.11843170181748967	0.11259458662774322
210	justified	0.10250170476459115	0.09852619184035735
210	knows	0.1162349067364158	0.10782431874537339
210	true	0.11985276237953335	0.11521922830527995
210	lucky_guessed	0.21751386168347553	0.18844919762394527
211	believes	0.09615733377515442	0.09844835551070774
211	justified	0.11159107986092459	0.10594809600882207
211	knows	0.14379846291292353	0.13263324823791386
211	true	0.11603434311733622	0.11085139971798517
211	lucky_guessed	0.2709093550611943	0.23352036943596546
212	believes	0.09367177182845013	0.09095859361524024
212	justified	0.08878376236927388	0.08347018001926378
212	knows	0.09115674982536867	0.08284396281921269
212	true	0.11539461831779188	0.10854169461417801
212	lucky_guessed	0.21916718860572088	0.1840455360235443
213	believes	0.06707930712145925	0.06958642374316178
213	justified	0.08370781883954943	0.07908574990530388
213	knows	0.11533671173869	0.1053799855779284
213	true	0.10891749593690803	0.10345637851616074
213	lucky_guessed	0.20491574219307798	0.1853514074418523
214	believes	0.07607008664608728	0.07433272669343857
214	justified	0.12130234457125946	0.1138046195628543
214	knows	0.13927339030767594	0.1259864277346182
214	true	0.11853289454414934	0.11167511016201759
214	lucky_guessed	0.16047296257522622	0.146737427511029
215	believes	0.10333626029590552	0.09799582640575168
215	justified	0.1020766270048604	0.09590735654574953
215	knows	0.11355199544667484	0.10289971267133972
215	true	0.13674800420195976	0.12847394940983517
215	lucky_guessed	0.13700394825823886	0.12998952404332692
216	believes	0.09090744282592117	0.08928498104678434
216	justified	0.09443629618745163	0.08940890943585858
216	knows	0.10617006645909105	0.09764447307545755
216	true	0.09908089509800824	0.09432179837113454
216	lucky_guessed	0.15126499426820658	0.13432816461818023
217	believes	0.08702485274047378	0.08396866809091932
217	justified	0.09205630981523262	0.08858007913924507
217	knows	0.11130594121910345	0.1021681871036737
217	true	0.08711831378154554	0.08353753991809512
217	lucky_guessed	0.2115176649486282	0.1794262705422741
218	believes	0.09312355584431034	0.08868677879796749
218	justified	0.11225222726833092	0.10685287919670725
218	knows	0.1314792027525857	0.12112407457363408
218	true	0.12266145081769737	0.11695072194314164
218	lucky_guessed	0.17901008653922953	0.15812232191436162
219	believes	0.09163157058552565	0.0932922720300966
219	justified	0.10155036097683151	0.09756288155406595
219	knows	0.09053017647766735	0.08348615695737696
219	true	0.10308080129351507	0.09959459970621551
219	lucky_guessed	0.1866652449387768	0.1648427567789246
220	believes	0.09521337419658332	0.09294390023938448
220	justified	0.08381131822002809	0.07935187324144061
220	knows	0.11336402293169365	0.10403126289781527
220	true	0.10378831559147356	0.09870542618264946
220	lucky_guessed	0.17204624757528217	0.14846860647870577
221	believes	0.09262482462941865	0.09239270299903084
221	justified	0.0942188868505747	0.08917259832535787
221	knows	0.09929031381235764	0.0904286027461581
221	true	0.08083960011253137	0.07680348809580384
221	lucky_guessed	0.1696342203962225	0.15273809027439
222	believes	0.1099893777397451	0.11068897314462542
222	justified	0.13050308508811467	0.12356208120701194
222	knows	0.1491960865125668	0.1366791623682764
222	true	0.13373009404579644	0.12762010223740106
222	lucky_guessed	0.17253711024753057	0.15160449709861118
223	believes	0.11238842805497634	0.11058257674460013
223	justified	0.11342034537950287	0.10710790550489917
223	knows	0.11867880802827566	0.10769843446120943
223	true	0.1160776848752815	0.10923326783833662
223	lucky_guessed	0.1919494793094826	0.17192816891948512
224	believes	0.09003234516819983	0.08856652799539501
224	justified	0.10307047968556858	0.09746545801347786
224	knows	0.11651010170620332	0.10641196057022716
224	true	0.10445407239142403	0.09869551328424556
224	lucky_guessed	0.17425104412972958	0.15527417619072936
225	believes	0.08200299422691065	0.0798109977949774
225	justified	0.10076914600870351	0.09446719068967599
225	knows	0.12336688749389658	0.11071255497609989
225	true	0.12197139491549916	0.11437376747009405
225	lucky_guessed	0.19454462100866393	0.1751385978414679
226	believes	0.1142766512052507	0.10748940444709117
226	justified	0.07501185561426472	0.07485686133103038
226	knows	0.0962793070081743	0.09298535590627416
226	true	0.11101079036771236	0.11148587830148078
226	lucky_guessed	0.24085345870683864	0.2221006539410974
227	believes	0.10473598337176865	0.10083572987148914
227	justified	0.07416610845064828	0.07246063404579219
227	knows	0.0824545262036323	0.07838526047025654
227	true	0.07842464929390598	0.07673006617514179
227	lucky_guessed	0.1730629095272644	0.16063690383348847
228	believes	0.09414006354911546	0.08840154255132256
228	justified	0.1414798698593954	0.13593467306141302
228	knows	0.1703876894772858	0.1578376787839083
228	true	0.15108792259301762	0.14551225901013962
228	lucky_guessed	0.1427575085408103	0.12702368131056826
229	believes	0.11287792335977119	0.11250247954017084
229	justified	0.10626539077773241	0.10101102131350385
229	knows	0.1187633291988648	0.10932983641657029
229	true	0.10751873234380917	0.1032431841461127
229	lucky_guessed	0.18119930105097812	0.15951804589572938
230	believes	0.11699620804007142	0.11172066890002993
230	justified	0.09839839912009841	0.09257819205562243
230	knows	0.11323981395674634	0.10249765793331436
230	true	0.11528240143699224	0.10872441836241356
230	lucky_guessed	0.26031976187398076	0.23940065469247399
231	believes	0.100794630620189	0.1020136324830757
231	justified	0.07478516504895384	0.07130762682734801
231	knows	0.09560698928841148	0.08865170041522577
231	true	0.09272206743746668	0.0885953437527504
231	lucky_guessed	0.1863833738211401	0.16826706829746038
232	believes	0.08421039970834984	0.08094757209722847
232	justified	0.13657766783310837	0.12700440109644862
232	knows	0.16134878195364666	0.14430241705051583
232	true	0.13721310677420598	0.12793224970374528
232	lucky_guessed	0.1918716555569911	0.17302375948847923
233	believes	0.1271636012731002	0.12041644539179626
233	justified	0.09073516940820173	0.08844903833220008
233	knows	0.10400132179682338	0.0982004764511966
233	true	0.08390128759736333	0.08216999818681435
233	lucky_guessed	0.1778735884503389	0.15561797443007752
234	believes	0.0842231004695241	0.08050878117287846
234	justified	0.10876382399155683	0.10402855224889768
234	knows	0.11244098148210072	0.1041483531837391
234	true	0.09194103758948415	0.08826683244918998
234	lucky_guessed	0.14220563654117027	0.126725976611161
235	believes	0.09114181448057677	0.08806344244504753
235	justified	0.12664493029269172	0.12220352326959198
235	knows	0.14025244634212	0.13150831256925524
235	true	0.11972104308411027	0.11599664309945669
235	lucky_guessed	0.1813015806888091	0.1593499373703118
236	believes	0.10615389368967232	0.10238967562979488
236	justified	0.0849595856631974	0.08223248523766218
236	knows	0.11536386329012191	0.10822397897106717
236	true	0.11090749545408608	0.10760724746487516
236	lucky_guessed	0.18355999037820192	0.15458071962493294
237	believes	0.07909414738300223	0.07485551549087477
237	justified	0.08210117327780656	0.07837674547795764
237	knows	0.11495418773553599	0.10582551988374891
237	true	0.09018649328444088	0.08609603261299885
237	lucky_guessed	0.16695014907868388	0.1482744970482442
238	believes	0.10819149124831512	0.10315837898460849
238	justified	0.08486733999137777	0.08099791444366801
238	knows	0.10954901718813274	0.10103899535249325
238	true	0.0930102056362512	0.08882847745288183
238	lucky_guessed	0.17752702054193825	0.15861805086777878
239	believes	0.209277428901404	0.19514022495904929
239	justified	0.09592398488874646	0.09131542834432403
239	knows	0.10568241672040068	0.09709553681336654
239	true	0.10164354379595593	0.09699917500412927
239	lucky_guessed	0.22073229780016845	0.19480997000322778
240	believes	0.11895631704815132	0.1077651044369648
240	justified	0.09054486364959585	0.09452896585897903
240	knows	0.11942045163940479	0.11971003232262875
240	true	0.10813042443240722	0.11325010291620963
240	lucky_guessed	0.15840342683858297	0.1459078048946138
241	believes	0.10492433507730484	0.10891882522856806
241	justified	0.1099409835451585	0.10773317687142746
241	knows	0.12153697257811222	0.11560815845125662
241	true	0.13554003012930707	0.13313610868683873
241	lucky_guessed	0.1882140403050554	0.1555417849180741
242	believes	0.13312378602448316	0.12696631744469625
242	justified	0.07797384610670972	0.07557330754345885
242	knows	0.08843970778720753	0.08319285274667094
242	true	0.08615955293234827	0.08378624574473649
242	lucky_guessed	0.14825092554319327	0.13715705054596883
243	believes	0.11050017178863933	0.10314730519683708
243	justified	0.09484494270707097	0.0901365167636761
243	knows	0.11526327265963918	0.10605240941343323
243	true	0.11203037902215109	0.10668347460543996
243	lucky_guessed	0.14690059116527435	0.13328450077511397
244	believes	0.08841742563470827	0.08934905355875253
244	justified	0.1011559801018427	0.09666089313703012
244	knows	0.127869179451457	0.11897849036277998
244	true	0.1267969653682877	0.12199953439629825
244	lucky_guessed	0.16516035347212682	0.14842967422624956
245	believes	0.10952689243658628	0.1039485230198516
245	justified	0.09916192427208674	0.09402706734155271
245	knows	0.12116612791429301	0.11120297047645665
245	true	0.09350260108576593	0.08923208258938556
245	lucky_guessed	0.1648928166077198	0.1489785369392996
246	believes	0.10647364940739763	0.10060422923119787
246	justified	0.10331389039052291	0.10027504367320182
246	knows	0.11000717862786288	0.10336308584902681
246	true	0.10611006094443011	0.10330823444930505
246	lucky_guessed	0.14912911932208478	0.13720753334643984
247	believes	0.07653056707655684	0.07866601280781395
247	justified	0.09261212103034608	0.08707528051655188
247	knows	0.11654958071322903	0.10525935192356582
247	true	0.09902266168540881	0.09417852423938596
247	lucky_guessed	0.16359053526252013	0.1548382194169349
248	believes	0.11693424829112832	0.11010099981628621
248	justified	0.0891723703337768	0.08916182240546959
248	knows	0.09427347687078108	0.09084293794180047
248	true	0.09695152149578583	0.09489890813809548
248	lucky_guessed	0.158546410345161	0.143912355866098
249	believes	0.09101289062634632	0.08688245169379123
249	justified	0.08920947840877248	0.08549417126427206
249	knows	0.1007133951335538	0.09328531272798385
249	true	0.09168132146092514	0.08826977452731685
249	lucky_guessed	0.1917357763134186	0.16367389827442483
250	believes	0.09984610770079107	0.09416049147917054
250	justified	0.08784001418777693	0.08434602941446256
250	knows	0.09927324229360365	0.09264174151013685
250	true	0.09527217780276656	0.0916107957491168
250	lucky_guessed	0.1846591561683573	0.1634683164726729
251	believes	0.0756371899866699	0.07360891336338798
251	justified	0.12984584794510104	0.12214526722675888
251	knows	0.1586311455528922	0.1432848090622566
251	true	0.12499397404336425	0.11768770416478923
251	lucky_guessed	0.14468684110693192	0.1275448652988833
252	believes	0.06637581230882379	0.06760443266595016
252	justified	0.1032393143076429	0.09906152182344496
252	knows	0.11935030332236575	0.11085293111913591
252	true	0.12362013581349583	0.1185322567657741
252	lucky_guessed	0.17087526388811952	0.14600292744937685
253	believes	0.14644721741308386	0.1320206437027864
253	justified	0.0974670468444494	0.09698515622557657
253	knows	0.11204523533589708	0.10801662689597652
253	true	0.08879536394131057	0.08799593498245178
253	lucky_guessed	0.19876446978104417	0.17845007160005577
254	believes	0.11571887407331649	0.1119705689386732
254	justified	0.08137530979231278	0.0779052630329894
254	knows	0.10271433935818883	0.09555780801624762
254	true	0.10869481933990899	0.10430810892905083
254	lucky_guessed	0.18634088682020847	0.16104707898483364
255	believes	0.05599826469773927	0.05466352550539818
255	justified	0.10168888100101682	0.09564453812243859
255	knows	0.12616449404178737	0.1141081611701398
255	true	0.10760972979336697	0.10139047355660011
255	lucky_guessed	0.16316626247059868	0.14110601540843165
256	believes	0.0789772086090275	0.0751903102029785
256	justified	0.09554239905375884	0.09014803592369322
256	knows	0.1169062504679003	0.10620278659293102
256	true	0.11042928358793007	0.10412302099645092
256	lucky_guessed	0.1455961872656626	0.13562044112599955
257	believes	0.08054750070504194	0.07610407340689264
257	justified	0.09818450729390503	0.09538863122269779
257	knows	0.11086671847541202	0.10374735073814934
257	true	0.11188157463836242	0.10896349275085929
257	lucky_guessed	0.14533906483714407	0.1276849701543897
258	believes	0.08421212320119724	0.08400098210132692
258	justified	0.09155639131129724	0.08639207022341061
258	knows	0.11127208780767651	0.1013814834175487
258	true	0.10444204579532712	0.09913256282716439
258	lucky_guessed	0.1341110175592008	0.12304676461830386
259	believes	0.09794222008870175	0.09325156839392544
259	justified	0.07228337823616812	0.0684526110916424
259	knows	0.10366695508880774	0.09508882302465377
259	true	0.080086211920159	0.0760350626601354
259	lucky_guessed	0.13989413897230774	0.1280079690369653
260	believes	0.10515838659921115	0.10285491242112339
260	justified	0.11754515561655045	0.11183704364913609
260	knows	0.1413117000837201	0.13064294635414406
260	true	0.12389315691936341	0.11840979782325178
260	lucky_guessed	0.1956848144344739	0.17088842519113612
261	believes	0.09307119491781211	0.0889983206902673
261	justified	0.1044780953113168	0.10136729435095992
261	knows	0.09529756144331797	0.09001509418235927
261	true	0.10526563182893263	0.10259546409567913
261	lucky_guessed	0.16634818863415105	0.14435863786607953
262	believes	0.10154774219311606	0.09658745626442289
262	justified	0.09291453249731889	0.09112585095293611
262	knows	0.11201097845658287	0.106724777316074
262	true	0.09392233134546256	0.09097224428119755
262	lucky_guessed	0.15717741776528057	0.15737488917443562
263	believes	0.11613849829836975	0.11409467434686409
263	justified	0.07682946186935373	0.07314959596130959
263	knows	0.0874953685411986	0.0805776574420162
263	true	0.09364868018722114	0.0891391833681439
263	lucky_guessed	0.19594410359292125	0.16890052067019148
264	believes	0.1107183004235753	0.11204214972333405
264	justified	0.09993355189295483	0.09578815216041758
264	knows	0.10190665809012356	0.09433828626832516
264	true	0.10536300418247697	0.10213317297386541
264	lucky_guessed	0.19383117044392223	0.17474625992501902
265	believes	0.06522829583275873	0.07021369585989905
265	justified	0.1073224533710245	0.10154197300793744
265	knows	0.10466223318284545	0.09523163656467942
265	true	0.09745003111283028	0.09276255350355425
265	lucky_guessed	0.1498292093175765	0.13700932713207364
266	believes	0.1089288988581824	0.10345898799035834
266	justified	0.08089049142437149	0.07831225133504703
266	knows	0.09077324135474331	0.08501878052618866
266	true	0.09581209717001912	0.09307005526306962
266	lucky_guessed	0.1568850218327358	0.13797021256861175
267	believes	0.10968052971188516	0.10598280844509107
267	justified	0.12109443859984025	0.11181876608130727
267	knows	0.1355931473370103	0.12092641198389714
267	true	0.13471312028413338	0.12490948047763054
267	lucky_guessed	0.18211255911020272	0.16518761861527217
268	believes	0.12012205631362598	0.11421805988271343
268	justified	0.07636765741442884	0.07381698992803296
268	knows	0.09165031452680332	0.08572961643744689
268	true	0.0825657875753895	0.07953175483427355
268	lucky_guessed	0.1632432667364721	0.1460199359154421
269	believes	0.09431956969108335	0.08983643379244476
269	justified	0.08235427849419912	0.0794265648474749
269	knows	0.10238699682554954	0.09585890957279566
269	true	0.09407449928514806	0.09071286966673692
269	lucky_guessed	0.20343268570713471	0.18696556517377005
270	believes	0.07665504804590001	0.07650420723045469
270	justified	0.09572257300621417	0.09242123056900055
270	knows	0.11189443107834987	0.10494524285575223
270	true	0.10098421669728239	0.09793655585131973
270	lucky_guessed	0.17939203243987895	0.15698203162269952
271	believes	0.11154732268407772	0.10852803377049425
271	justified	0.10801505546864335	0.1093045318413735
271	knows	0.09208987843016213	0.09075420928196987
271	true	0.10304355512235673	0.10489312026109375
271	lucky_guessed	0.21230620973952147	0.18956071216583845
272	believes	0.11010445133014064	0.1018959211489822
272	justified	0.07980903393230487	0.07686733804935597
272	knows	0.10409394852138973	0.09792034354719742
272	true	0.09221180113550165	0.08930671189239406
272	lucky_guessed	0.15747041891479005	0.1418378231133892
273	believes	0.09523096378827985	0.09150013969749407
273	justified	0.08287225838331862	0.07919212192832696
273	knows	0.09965136653221673	0.09156774591620247
273	true	0.10518669755157965	0.10108390444105218
273	lucky_guessed	0.1964780809544717	0.18638510214528498
274	believes	0.10942638840866373	0.10609891030156995
274	justified	0.10603206030847709	0.10126936128898761
274	knows	0.11534883207465996	0.1057335155356605
274	true	0.11752250240471314	0.1127921538537598
274	lucky_guessed	0.1811484622557937	0.16138310157655797
275	believes	0.1318349527586603	0.1278279417599116
275	justified	0.10973506024027381	0.10292927101439288
275	knows	0.1413979055256045	0.1277955028863707
275	true	0.13053965161890002	0.1227017604290601
275	lucky_guessed	0.1533798906055531	0.1395101291443577
276	believes	0.16280497711819625	0.15438707401232277
276	justified	0.08454041483025228	0.08348994675255675
276	knows	0.10084167780037308	0.09658491959675654
276	true	0.10601391618372812	0.10490747639908536
276	lucky_guessed	0.17194242938883164	0.15925436269712093
277	believes	0.08294622840346987	0.07936735646860724
277	justified	0.10501157802963765	0.09954529339635337
277	knows	0.11663417588985381	0.1069025378131852
277	true	0.10555010495054622	0.10017043229574737
277	lucky_guessed	0.1691978988279982	0.1558931751221322
278	believes	0.10648525357493666	0.10585312859046381
278	justified	0.08863804036247817	0.08495059917379542
278	knows	0.10483821816484214	0.0981068617545078
278	true	0.11622076261984046	0.11230128542061946
278	lucky_guessed	0.1709548595417167	0.14576891488490595
279	believes	0.07746296134452609	0.07211561588357453
279	justified	0.09945464096916652	0.09788523458010735
279	knows	0.12247010405051281	0.11764168419966149
279	true	0.11475611240603656	0.11328356712305987
279	lucky_guessed	0.15495875356438424	0.1308087586611022
280	believes	0.09773981655844717	0.09426245641060806
280	justified	0.0833804283391954	0.08026787624085004
280	knows	0.09283642095974007	0.08732684630676865
280	true	0.10523878619940506	0.10179096055259744
280	lucky_guessed	0.15557651008998966	0.13931405116374987
281	believes	0.0925497225494201	0.08870739341615735
281	justified	0.10085649290650357	0.09404065539940724
281	knows	0.11283176260869981	0.1015195894423774
281	true	0.10254546935177035	0.09601174922376904
281	lucky_guessed	0.18374483382894358	0.1645199299619807
282	believes	0.11149193122778249	0.10518534199017165
282	justified	0.07264293471383122	0.07062778730135673
282	knows	0.0928034922936812	0.08761464029126416
282	true	0.0816273478798691	0.07961078618515201
282	lucky_guessed	0.15600662219529907	0.14013041044934066
283	believes	0.13336040605853322	0.13122615156411058
283	justified	0.08491695735899255	0.0792940339000769
283	knows	0.10204327897090668	0.09170133272244434
283	true	0.10667574808140769	0.10012556011416891
283	lucky_guessed	0.15489614733075743	0.14521668421625922
284	believes	0.09107790138424189	0.08869938506400503
284	justified	0.09218694263122068	0.08573477983662037
284	knows	0.12440655070216054	0.11130724728247277
284	true	0.102875987903731	0.09630576953133603
284	lucky_guessed	0.19666360713321154	0.17561939690771272
285	believes	0.09833737029407047	0.09718462536241537
285	justified	0.07799505601359763	0.07401410930942857
285	knows	0.10507891123613643	0.09711898575517408
285	true	0.08756604985558905	0.08388574211242095
285	lucky_guessed	0.2124757759053729	0.1930908432976215
286	believes	0.08719858553429463	0.08218290932907685
286	justified	0.1003298800007617	0.09714545496167167
286	knows	0.10921063626631465	0.10212604495170895
286	true	0.09947506006530596	0.09697082063091204
286	lucky_guessed	0.16431848171766378	0.14491077986876785
287	believes	0.11804747831504235	0.11322221355728473
287	justified	0.09390476979888299	0.08934330551171746
287	knows	0.11282194283359029	0.10262042978834872
287	true	0.10331433878148692	0.0988298638775062
287	lucky_guessed	0.16156097400561972	0.14751160349852419
288	believes	0.11855491083915404	0.11069273772459617
288	justified	0.08516388863249623	0.08100824848015692
288	knows	0.1137425128428062	0.10465461751244375
288	true	0.10384185311903954	0.09922652546152134
288	lucky_guessed	0.15193555156062985	0.13514368465387544
289	believes	0.11156148550979289	0.10374235008939652
289	justified	0.0954312427785096	0.09036477048791278
289	knows	0.1006393205914096	0.0922765648257347
289	true	0.1086168427029029	0.10340950430889294
289	lucky_guessed	0.14272705239539596	0.1276087474348438
290	believes	0.09928697817424499	0.09918431863325795
290	justified	0.0799516986395795	0.07490959489824982
290	knows	0.10775772910529471	0.09771256037014203
290	true	0.09761203223947916	0.09176198721508422
290	lucky_guessed	0.168421847968602	0.15464146946972535
291	believes	0.07658566727789473	0.08183187458255575
291	justified	0.08221210844373474	0.07900772884854979
291	knows	0.10037825270255758	0.09228285595535225
291	true	0.09688505242891335	0.09440152741537149
291	lucky_guessed	0.15963148874589053	0.1423609804869718
292	believes	0.10260373287660515	0.09911927101299836
292	justified	0.08899309783016758	0.08433231440962587
292	knows	0.10638185275100177	0.09641386842833051
292	true	0.10202324999062934	0.09692419102739863
292	lucky_guessed	0.18734709772504032	0.16756327067868085
293	believes	0.12417088386291274	0.1177070058577229
293	justified	0.09795915167669379	0.09597329509687008
293	knows	0.12875144889198814	0.11996122864026373
293	true	0.09734896139808824	0.0934452764010094
293	lucky_guessed	0.12689704873626645	0.11357385886510249
294	believes	0.1100257251408018	0.10468919713562982
294	justified	0.10200863097764191	0.09765710264399405
294	knows	0.10205800947486889	0.09443325006437378
294	true	0.10048554928675676	0.09642279589474685
294	lucky_guessed	0.3629643624918882	0.31576406723762107
295	believes	0.09559434305760271	0.09228547557524969
295	justified	0.12103275140258606	0.11426419569363529
295	knows	0.13871168337447665	0.12638766313063665
295	true	0.11904556366421752	0.11281285438931457
295	lucky_guessed	0.19475035767014856	0.1758455300106778
296	believes	0.07927355539611379	0.07724008484366639
296	justified	0.11196603838899569	0.10567442181680668
296	knows	0.12987288133712696	0.11869673977726918
296	true	0.10528695433575092	0.09979156731312536
296	lucky_guessed	0.17140953456886404	0.15443849623303066
297	believes	0.11819584695959781	0.11173184055923974
297	justified	0.08878436456930153	0.08463385746983781
297	knows	0.09242229234777172	0.08507798021060403
297	true	0.11235194603407403	0.10770368683745192
297	lucky_guessed	0.1569583332376454	0.137846353681939
298	believes	0.0798481209975207	0.08048761749047345
298	justified	0.09052460199519743	0.08523776396297325
298	knows	0.10731563650531724	0.09836351825492058
298	true	0.09501886621280412	0.09021547824457159
298	lucky_guessed	0.16010232066998725	0.14482108808718366
299	believes	0.10427812290454799	0.10725522738377866
299	justified	0.10629022335775662	0.09856127825363648
299	knows	0.1373010141636804	0.12376405603436182
299	true	0.12798192797158334	0.12014407721113059
299	lucky_guessed	0.1475055199306216	0.14154270353900503
300	believes	0.08921517061955128	0.08672845207259267
300	justified	0.09493589415956936	0.08922106681675726
300	knows	0.11114328341604489	0.10008426138156432
300	true	0.11255942049239605	0.10694724330760744
300	lucky_guessed	0.276466223845589	0.2450207704957505
301	believes	0.08916758507561856	0.08583885470007314
301	justified	0.1097930264621864	0.10512333340100548
301	knows	0.12992062587684486	0.12056945870531899
301	true	0.12540230517175108	0.12040706303676108
301	lucky_guessed	0.16047515274521584	0.139102263400102
302	believes	0.08716809853752529	0.08305691295519271
302	justified	0.12092608049463607	0.11182630487256766
302	knows	0.12248489636190786	0.10933240243118945
302	true	0.11558404421756441	0.1071860360096284
302	lucky_guessed	0.14489707996906293	0.13446494419523725
303	believes	0.06608306168042719	0.0636720099388361
303	justified	0.11218919170734135	0.10990754282572063
303	knows	0.1295978074361642	0.12248928773516349
303	true	0.12355869687341153	0.12034053682473848
303	lucky_guessed	0.1525982499160072	0.13662859348322362
304	believes	0.10034464916542	0.09595659052021445
304	justified	0.09917461644957146	0.09455722622629671
304	knows	0.10213424368729433	0.0947785041066399
304	true	0.10170785544905123	0.09753996549851092
304	lucky_guessed	0.18105354665073425	0.1673752615157572
305	believes	0.08535362845239694	0.08119229424740623
305	justified	0.09512133155428575	0.09348861394756731
305	knows	0.10625547701881784	0.10119164251564575
305	true	0.08995933442415374	0.08860090860501835
305	lucky_guessed	0.229388880967579	0.20680215061572163
306	believes	0.10579771951891849	0.09918019849765965
306	justified	0.07718677508515868	0.07373457827230447
306	knows	0.10528003106086326	0.0971253586902058
306	true	0.10903455797072942	0.10464590825378324
306	lucky_guessed	0.2127446696946348	0.18639761580707298
307	believes	0.12567249010880976	0.11927101409914442
307	justified	0.10370982134176637	0.09904175887793874
307	knows	0.11602565346943626	0.1076275254712727
307	true	0.114221084357029	0.10977224507293727
307	lucky_guessed	0.1447813390444025	0.13087775206978913
308	believes	0.08008487232224078	0.07655297436826651
308	justified	0.0958983498310518	0.09168454166543377
308	knows	0.10731678141747851	0.09881580938257693
308	true	0.10371001208763007	0.09897871048358749
308	lucky_guessed	0.17091927061039774	0.16599060414271916
309	believes	0.08644949505082203	0.08968944187458493
309	justified	0.10828427642590946	0.10135279354400865
309	knows	0.11641675276232638	0.10551835703501176
309	true	0.10351179536866717	0.0974220376463107
309	lucky_guessed	0.2005680125639408	0.17730661083062046
310	believes	0.0792327719323874	0.0747440367745003
310	justified	0.0818000757448827	0.07861576355639771
310	knows	0.10531453181525695	0.09855253034754094
310	true	0.08668899999539179	0.08388290478444248
310	lucky_guessed	0.1954158516398376	0.17596682296961483
311	believes	0.0980875433578487	0.09817691413654613
311	justified	0.08550776605456302	0.08232358239366173
311	knows	0.09463473900226879	0.08854575694009967
311	true	0.1085165377948198	0.10489935854768852
311	lucky_guessed	0.1860235635226794	0.15679473632853072
312	believes	0.09289527334316645	0.09142010740495275
312	justified	0.08327731163864106	0.08079914457269187
312	knows	0.11721581243590036	0.11033490212821014
312	true	0.0961720952810124	0.09339861501188718
312	lucky_guessed	0.1457960374932209	0.1246926153513981
313	believes	0.10612428626562141	0.10691161223988042
313	justified	0.07483813416115472	0.07126370843954095
313	knows	0.09137933281028193	0.0840112243109145
313	true	0.08320873428397058	0.07976207173800327
313	lucky_guessed	0.22306455669402672	0.1950215153212502
314	believes	0.11006569628547008	0.11222622775986708
314	justified	0.09110217442596694	0.08531630097378176
314	knows	0.10148277981129697	0.09257034167544682
314	true	0.10385928951428548	0.09750625210216374
314	lucky_guessed	0.32272218078191356	0.3004143866559761
315	believes	0.10628761281766355	0.10028423738163154
315	justified	0.08498958421088282	0.08131805301947609
315	knows	0.11043133025579918	0.10219875397375701
315	true	0.10225804934872094	0.09802803845713112
315	lucky_guessed	0.24475417580984987	0.214465869404278
316	believes	0.07765157311199677	0.0772769799348382
316	justified	0.10382031415692253	0.09449237348068033
316	knows	0.13229744418663011	0.11540600148440062
316	true	0.11849782145130063	0.10903915371265127
316	lucky_guessed	0.21622339740441376	0.19105360853964273
317	believes	0.11460297798686131	0.10950905776446981
317	justified	0.06694328595851379	0.06511481677415325
317	knows	0.07945741787378366	0.07425781862167924
317	true	0.08443816408985716	0.0814786638565167
317	lucky_guessed	0.16002313500357068	0.14744739307070925
318	believes	0.15366580790119191	0.141797740991788
318	justified	0.08888130981177578	0.08587801671417297
318	knows	0.09893330791104202	0.09329877612277328
318	true	0.10601007227046055	0.10320736844762167
318	lucky_guessed	0.18919649710509634	0.16833914980930512
319	believes	0.0929971028132115	0.08736940868643492
319	justified	0.1062575199678217	0.10048275798882159
319	knows	0.1296105684949174	0.11866648457246831
319	true	0.10548663820873766	0.10044480870550275
319	lucky_guessed	0.1760590030688938	0.15797249222335627
320	believes	0.11493993581982032	0.10853466723511856
320	justified	0.06909891284802526	0.06586400751415755
320	knows	0.09264395203986242	0.08542326725575798
320	true	0.07864498509803043	0.07527382849899589
320	lucky_guessed	0.2143323436693814	0.1910053034799881
321	believes	0.1233306334249635	0.11580916495331356
321	justified	0.08652834618332697	0.0926988896574535
321	knows	0.09158098746167002	0.09527924425080801
321	true	0.0853705124340815	0.09081923039135181
321	lucky_guessed	0.1518549730023975	0.13999581353295076
322	believes	0.08785861975798548	0.0871178374830844
322	justified	0.08992054610072768	0.08484945428882316
322	knows	0.11326473467524173	0.10253643973478616
322	true	0.11538904297617106	0.11002748562273382
322	lucky_guessed	0.18365515656626769	0.16155505733172332
323	believes	0.08172983149011928	0.07922600110926441
323	justified	0.07391067371164098	0.07103342737333079
323	knows	0.08207875496364024	0.07601842757044358
323	true	0.09112221200048853	0.08727418112656614
323	lucky_guessed	0.20393167412209215	0.17946116687190009
324	believes	0.10361176525580824	0.09910058700779747
324	justified	0.08874844127676548	0.08368599824799726
324	knows	0.10917007119702885	0.09987153551261375
324	true	0.09766455110359469	0.09284187341294485
324	lucky_guessed	0.14794862245584584	0.13174429503356702
325	believes	0.09320892929382693	0.0906155854149212
325	justified	0.07978908092973162	0.07668391459277339
325	knows	0.10662274993709346	0.09965963458637182
325	true	0.08558467255960024	0.08244985043160154
325	lucky_guessed	0.16988860979394202	0.1482387833279766
326	believes	0.09867011171421958	0.09716863281077819
326	justified	0.0936787013773993	0.08925682064918751
326	knows	0.11012472975515682	0.10250090733493093
326	true	0.10838876974876083	0.10387206691946486
326	lucky_guessed	0.1786634390187228	0.16702465914146514
327	believes	0.11351829719446443	0.10542593272723447
327	justified	0.08958634210668125	0.08615937184274233
327	knows	0.08913254907198398	0.0832847009072204
327	true	0.08973390607048652	0.0864874180188883
327	lucky_guessed	0.14698866115100506	0.13497245174232653
328	believes	0.11815896744479477	0.11685398628965435
328	justified	0.09541525627230957	0.0905733383334572
328	knows	0.09369516187109594	0.08592093764973635
328	true	0.12242427914936638	0.11738110672314186
328	lucky_guessed	0.20919844518876193	0.19025045413694586
329	believes	0.10581500735496369	0.10239838450718483
329	justified	0.08091376571278341	0.07877668038598704
329	knows	0.09927262344800053	0.0937697359469586
329	true	0.09728600229496912	0.09492480843666669
329	lucky_guessed	0.1616327839647628	0.13958770061221132
330	believes	0.09863082294864058	0.09367282162664428
330	justified	0.092470155984339	0.08880071702924376
330	knows	0.13583924368969214	0.12687057662697768
330	true	0.10823158970338462	0.10454863371673288
330	lucky_guessed	0.20823447816531243	0.18171794272309705
331	believes	0.10448763007029581	0.10193300195079155
331	justified	0.10026103830427138	0.0932090871436793
331	knows	0.11648574339154585	0.10482348984847556
331	true	0.10359993163459473	0.09719142474111088
331	lucky_guessed	0.18459183981679084	0.1705107833554018
332	believes	0.08745290632356671	0.08939340918546786
332	justified	0.07501747453854656	0.07250330212050797
332	knows	0.09470841309416092	0.08697110637307594
332	true	0.08691010909594396	0.08438891670385554
332	lucky_guessed	0.13098527166395704	0.1287216900957697
333	believes	0.11157270306606323	0.10583378062769921
333	justified	0.09197448735264971	0.0919295967457924
333	knows	0.12331421745427568	0.11680662247126194
333	true	0.09502935616159489	0.0955800548582283
333	lucky_guessed	0.15944561087900927	0.14236640364691205
334	believes	0.07952459098314897	0.0754696127745989
334	justified	0.08786805893130037	0.08306846702046827
334	knows	0.11897116896359723	0.10882219060592248
334	true	0.11044768201608401	0.10462934351802684
334	lucky_guessed	0.21082179560318473	0.17886888099866724
335	believes	0.09514047814066735	0.09058801431911685
335	justified	0.10056843023424288	0.09753241190926577
335	knows	0.11371239038257296	0.10689081426314295
335	true	0.09429286262037467	0.09190275166173527
335	lucky_guessed	0.1550179178115475	0.13874750285215343
336	believes	0.09332840254971397	0.08968742785180753
336	justified	0.0853056907141572	0.08282069651579323
336	knows	0.10936909910047031	0.10263310609389974
336	true	0.09154887421566657	0.08889799303248094
336	lucky_guessed	0.13008852418562092	0.11445225297558599
337	believes	0.08898184486285353	0.08256818210273653
337	justified	0.07912681548841322	0.07677131682534864
337	knows	0.11967607374851934	0.11258993792684316
337	true	0.09367694127155352	0.09113213169258585
337	lucky_guessed	0.15442943219231567	0.14045262365927116
338	believes	0.10463180645353613	0.10381594463864835
338	justified	0.087445962496261	0.0807914147498715
338	knows	0.11551071487027478	0.10284489341433799
338	true	0.11464284446499183	0.10654902913353831
338	lucky_guessed	0.16530818836517738	0.148805599592999
339	believes	0.09708031481784754	0.09125166375532627
339	justified	0.09448696906261933	0.09272144638889122
339	knows	0.10537334103735933	0.10028188065790039
339	true	0.095394091340835	0.09311476467147471
339	lucky_guessed	0.19591855087044457	0.17036953081033587
340	believes	0.11918160480543398	0.11443718454868718
340	justified	0.0924211257825363	0.08785070929868427
340	knows	0.10166127699828295	0.0933279992413143
340	true	0.10963741591399051	0.10430388155111651
340	lucky_guessed	0.17898009684673993	0.16352744233275815
341	believes	0.10107880848081056	0.09806834286605483
341	justified	0.0834076265480579	0.07923516384855331
341	knows	0.10454330161037913	0.09596663655545873
341	true	0.0923632901427122	0.08794414015779653
341	lucky_guessed	0.2054230626408876	0.17675598080733454
342	believes	0.11153184197003961	0.10681923835139154
342	justified	0.09139082802956987	0.09073633868075559
342	knows	0.08757156734293	0.08467656448751218
342	true	0.09071003248952668	0.09049793108548597
342	lucky_guessed	0.14863093764854013	0.132246557836141
343	believes	0.081706853783795	0.07818625761433431
343	justified	0.09098692481239029	0.08908805289171895
343	knows	0.09666984181827634	0.09128898495261085
343	true	0.09718020139344734	0.09438074457331136
343	lucky_guessed	0.15720310409617078	0.1467990334465115
344	believes	0.07223753686300875	0.07151604924015231
344	justified	0.13226363300895383	0.12666615181567953
344	knows	0.13714115161673038	0.12689090769834435
344	true	0.1370375470147165	0.1320391041421262
344	lucky_guessed	0.13411073326649653	0.11888761591613592
345	believes	0.08637191467394983	0.08841899323174678
345	justified	0.11153073210103094	0.1045801063474574
345	knows	0.13380195813693604	0.12122509480955102
345	true	0.10257879670870401	0.09679151061475313
345	lucky_guessed	0.14558841822138832	0.13046274667826535
346	believes	0.09842555875740629	0.09229307957894811
346	justified	0.12247701735919515	0.11580616048122494
346	knows	0.12533737154538813	0.11492085538155189
346	true	0.11316761441532486	0.10741301009963297
346	lucky_guessed	0.1690422980790767	0.1510817851725858
347	believes	0.0677992748161243	0.0759680072503606
347	justified	0.14742234664232437	0.13491541508332916
347	knows	0.1570884040663723	0.13868212282702694
347	true	0.15210993985058105	0.14096186938956076
347	lucky_guessed	0.14333865326431025	0.12797283175654597
348	believes	0.0964745262988916	0.0901970602491947
348	justified	0.09301390123686706	0.09028475509167018
348	knows	0.10771096472868476	0.10154595845866429
348	true	0.11693067817993737	0.11402366959274562
348	lucky_guessed	0.16274625426257955	0.1465535303840072
349	believes	0.09887348484809699	0.09839828675930595
349	justified	0.12145727894679963	0.11959145059765171
349	knows	0.1496622284116252	0.14139153285548337
349	true	0.12520410064675658	0.12407842309987994
349	lucky_guessed	0.18983479229666395	0.1653874127294469
350	believes	0.11184904094951625	0.10668046220103418
350	justified	0.08081550328197971	0.07745516378764379
350	knows	0.10071439406501485	0.09338216659542325
350	true	0.08702110548071054	0.08375534005975489
350	lucky_guessed	0.18462461666532617	0.16761123469725997
351	believes	0.08097884391454925	0.07942594635807855
351	justified	0.08947781218983006	0.08549356964786237
351	knows	0.1325972117031212	0.12195242294788881
351	true	0.10585858521180758	0.10147279179675298
351	lucky_guessed	0.14801007554468176	0.12920363501132417
352	believes	0.09686008929847598	0.09837516962849016
352	justified	0.09089278056994146	0.0866572612470403
352	knows	0.09713308003950942	0.0889694120625187
352	true	0.09698274888805827	0.09277855064689546
352	lucky_guessed	0.17951520246182898	0.16449762404278534
353	believes	0.08418066889587296	0.080079562391791
353	justified	0.10531380216210687	0.10254847149689672
353	knows	0.1178684775748891	0.11105493971968276
353	true	0.10913772879327453	0.10674846360921889
353	lucky_guessed	0.19077171162782616	0.1674776107387754
354	believes	0.08931004702077637	0.08756110344444525
354	justified	0.08836768832020812	0.0825400660326059
354	knows	0.1141355726888133	0.10284098248663893
354	true	0.10699508331982018	0.10069239971439302
354	lucky_guessed	0.19530241250457936	0.18129679595304518
355	believes	0.08460527425182243	0.08084084524546255
355	justified	0.08157383428895026	0.07847250236629642
355	knows	0.08947674607942345	0.08351985217150994
355	true	0.08817525135060461	0.08508590211085566
355	lucky_guessed	0.20498788343407204	0.17778104018665197
356	believes	0.10436455404147017	0.09878317216934109
356	justified	0.085494302930824	0.07959553669535707
356	knows	0.13314081753961676	0.11930000792220397
356	true	0.10202876006430803	0.09567847608963864
356	lucky_guessed	0.17349693226486737	0.1612818961360892
357	believes	0.12535773163163447	0.11887776639407487
357	justified	0.07279458537458619	0.07222387119190786
357	knows	0.09505725663609133	0.09045593030651837
357	true	0.08644878362281366	0.0852550447063028
357	lucky_guessed	0.1357660651276786	0.13216927989676913
358	believes	0.13160725869828488	0.12377158435589503
358	justified	0.10169585670588188	0.09913933658901966
358	knows	0.1262677263865606	0.11868755567185107
358	true	0.11336200943060387	0.11069622794194224
358	lucky_guessed	0.21000477285410074	0.1840619377391472
359	believes	0.19855407092734076	0.18924392116187314
359	justified	0.11164228316992231	0.10510561739876295
359	knows	0.12153404914177966	0.11124078805629285
359	true	0.1323615584715619	0.12537281374506953
359	lucky_guessed	0.2045896358917772	0.18958676013838766
360	believes	0.11133005078867708	0.10685121530460462
360	justified	0.09884276004785	0.09322879258822317
360	knows	0.09941311320420852	0.09058564648347349
360	true	0.0879437716676487	0.08341411668001539
360	lucky_guessed	0.18854265460245012	0.17295590610439066
361	believes	0.06628343992921935	0.06672159564395445
361	justified	0.09787989318248357	0.09157392802651403
361	knows	0.11950875265431124	0.10818631971305133
361	true	0.11646641067429463	0.10969011132437416
361	lucky_guessed	0.19898779395680577	0.17507511614672108
362	believes	0.06943483203968291	0.06706011850100493
362	justified	0.11158619322256356	0.10306045078549068
362	knows	0.14005167930231738	0.12530950166099478
362	true	0.14786066581067447	0.1377770766523753
362	lucky_guessed	0.1679992968276166	0.15251882084909846
363	believes	0.12021194662101045	0.11677039130499009
363	justified	0.08698220840769227	0.08458360038130223
363	knows	0.12503851343971464	0.118100135111001
363	true	0.10224453924127153	0.09952050645521592
363	lucky_guessed	0.17228117756898442	0.15516448039753875
364	believes	0.08481560793666783	0.07897729265922988
364	justified	0.09036824467980636	0.08606084854906464
364	knows	0.10415667088848939	0.09615416164545396
364	true	0.11022183722293068	0.10560635898814824
364	lucky_guessed	0.15929828290617123	0.14960116777681606
365	believes	0.10053544982169171	0.09612869016739924
365	justified	0.0869591474121076	0.08228450292570896
365	knows	0.09359351782059942	0.08457996868318403
365	true	0.09977283116016918	0.09481658725616232
365	lucky_guessed	0.2329910492565449	0.22742052020783024
366	believes	0.12719721680760487	0.125470011053396
366	justified	0.08531604549329573	0.08202333897741086
366	knows	0.09952422705713364	0.09281073564385454
366	true	0.10398359005453373	0.09990431462163002
366	lucky_guessed	0.27505395340603744	0.25076097183567164
367	believes	0.08772909122401656	0.0881909715473586
367	justified	0.08045536897330365	0.07438007120775016
367	knows	0.10673130879227972	0.09497279059404658
367	true	0.07930846409969852	0.07368024822584278
367	lucky_guessed	0.18208410988296056	0.17124348042061519
368	believes	0.06183325568679362	0.05950872338763557
368	justified	0.12075192443069566	0.11496747569574181
368	knows	0.13398130012797416	0.12285464970464435
368	true	0.12080080456092068	0.11481674471639022
368	lucky_guessed	0.1704927762927475	0.14672227442690272
369	believes	0.13562121704669008	0.12778339099239774
369	justified	0.09661124660014506	0.09618947405949584
369	knows	0.09092648456067831	0.08749613946103238
369	true	0.08652367198428657	0.08579392159113441
369	lucky_guessed	0.23632826210548716	0.20546266303593527
370	believes	0.12186461744782058	0.11780276140717112
370	justified	0.09956631200141305	0.09283458923851143
370	knows	0.13003436406794341	0.11544918718233656
370	true	0.10368074575387343	0.09698606537091674
370	lucky_guessed	0.17694813169050536	0.17250899446992524
371	believes	0.08836865688792182	0.09038821882644872
371	justified	0.07664112557230485	0.07321061616936603
371	knows	0.11180872009137265	0.10373441001912015
371	true	0.11032804352223277	0.10653930604971387
371	lucky_guessed	0.1955939199937514	0.17593488126333423
372	believes	0.09560214448649869	0.09294299887051746
372	justified	0.09241392127653521	0.08606907439180722
372	knows	0.10272833809032851	0.09197007568239153
372	true	0.11049905353000128	0.10304318155065978
372	lucky_guessed	0.15671373170886532	0.14421474673234075
373	believes	0.1013278073766523	0.09363847502435492
373	justified	0.08590803638255926	0.08423177491357775
373	knows	0.0972604715457129	0.0919146366214534
373	true	0.09307936638044781	0.09100387909404008
373	lucky_guessed	0.20231823928529558	0.18148897359550437
374	believes	0.14172408690414598	0.13400621943341426
374	justified	0.0785309976473379	0.07645839017379177
374	knows	0.09922483286055356	0.09269999671509796
374	true	0.08785095882452752	0.08477020459814524
374	lucky_guessed	0.17820437538738196	0.16251308425988317
375	believes	0.0970566850136935	0.09401435497312402
375	justified	0.09698856054420665	0.09053854515474476
375	knows	0.12503073896706	0.112769008897878
375	true	0.10505112600489579	0.09888926486051057
375	lucky_guessed	0.15845661660116883	0.14130134774101835
376	believes	0.1108948616890373	0.10555714703238366
376	justified	0.08633654218324156	0.08180587491241462
376	knows	0.11048684115579366	0.09953813623164201
376	true	0.0966053158184824	0.09107294973660193
376	lucky_guessed	0.19721491694640783	0.17600510925082882
377	believes	0.09139299438059041	0.08807179712916015
377	justified	0.08658436468020135	0.0823542441905027
377	knows	0.10196146279893357	0.093723529158367
377	true	0.08630231922271848	0.08191079653339643
377	lucky_guessed	0.19697902052916344	0.1728968316412713
378	believes	0.09548683884144857	0.0886908837754715
378	justified	0.08507015866190301	0.08183255261338837
378	knows	0.10036328957548309	0.09257068620765156
378	true	0.10759866007053079	0.10356032375487034
378	lucky_guessed	0.24574361315316756	0.2126397556124977
379	believes	0.08014175732786387	0.07672185998599161
379	justified	0.08274550694294182	0.08115890551719955
379	knows	0.10215205514075619	0.09708763068940657
379	true	0.07864706275046565	0.07735828032076678
379	lucky_guessed	0.20144603512955367	0.18139160231388982
380	believes	0.09902063586547068	0.09876973089648748
380	justified	0.1098990552497128	0.10524908327732535
380	knows	0.13585282135784874	0.1256957445427816
380	true	0.12014978646106468	0.11558654411890164
380	lucky_guessed	0.14804731988373407	0.1310255739132746
381	believes	0.0902280865663237	0.08568068996497497
381	justified	0.11125521573078302	0.10539590501753823
381	knows	0.11696043042550323	0.10694233408467482
381	true	0.11373434607633005	0.10824540009122999
381	lucky_guessed	0.19770316465902085	0.17558084286162876
382	believes	0.09364231007642461	0.08931487723862234
382	justified	0.06308688628805667	0.060907604921038715
382	knows	0.08122780093565447	0.07574336037319372
382	true	0.08078354578153597	0.07763527518503019
382	lucky_guessed	0.22143374737076693	0.19669242108693966
383	believes	0.10263818528817284	0.09653201864306714
383	justified	0.08987117997519167	0.08784964661427894
383	knows	0.09563306559230715	0.09030266029216469
383	true	0.09244650982648409	0.0900083327937652
383	lucky_guessed	0.18669680172645564	0.16539553464054454
384	believes	0.09519841807045634	0.09246015830208484
384	justified	0.08499761129765353	0.08134605455161675
384	knows	0.11455610635670836	0.1061803332704835
384	true	0.09822261486981804	0.09412179606429945
384	lucky_guessed	0.19113967248001262	0.16543360490936673
385	believes	0.10548606715786833	0.09918416528470152
385	justified	0.11361645007589154	0.110383319811338
385	knows	0.12693194657962686	0.1201365396098112
385	true	0.11359867757719144	0.11125298264130863
385	lucky_guessed	0.15168518272619685	0.1349679439167812
386	believes	0.08440456182495977	0.08414488826674206
386	justified	0.10173520797766343	0.09593618413764175
386	knows	0.10102543904712079	0.09235657071312732
386	true	0.1016682206645932	0.09629739100282346
386	lucky_guessed	0.21041254941193369	0.18316650139936086
387	believes	0.1013248407153797	0.09839806224474522
387	justified	0.07438044158652111	0.07376973908881897
387	knows	0.09484475737747189	0.09124284091493491
387	true	0.09454863481312625	0.09339542864185486
387	lucky_guessed	0.21720294184864145	0.20834234429565276
388	believes	0.1085790364541772	0.10246699391772236
388	justified	0.11468142871302403	0.1141172754300675
388	knows	0.12529479183944298	0.11980129644694798
388	true	0.11880941747842533	0.11851828625295788
388	lucky_guessed	0.20336868081195086	0.19010984260163585
389	believes	0.08771294551213414	0.08627233962020044
389	justified	0.08291125201245245	0.07834708110503807
389	knows	0.09797757579321242	0.09007016629116452
389	true	0.08266945590748352	0.07882312182915636
389	lucky_guessed	0.2113217824399692	0.182468129683977
390	believes	0.09099169290618969	0.0882909317489511
390	justified	0.07452638008201663	0.07184647590985559
390	knows	0.10042058728377959	0.09401394159381464
390	true	0.09910465201239617	0.09603395646073079
390	lucky_guessed	0.1906305255005004	0.16747517511583396
391	believes	0.0905825383821679	0.0851969004184297
391	justified	0.09545521682210954	0.09087103339150251
391	knows	0.11616928043628438	0.10681164170895624
391	true	0.10169723987742695	0.09715892569505828
391	lucky_guessed	0.18059745104390348	0.1623937424965383
392	believes	0.10306926408551906	0.10000085201334401
392	justified	0.08845585212075345	0.08988473173381259
392	knows	0.11675792451453562	0.11446387371791927
392	true	0.11284554945371664	0.11407242597211947
392	lucky_guessed	0.17833372728957914	0.16635012480746955
393	believes	0.07881191682474928	0.07719561215061466
393	justified	0.08220596857648109	0.07855801858426625
393	knows	0.10070641096058196	0.09361399841618669
393	true	0.10146313987400889	0.09788479467636242
393	lucky_guessed	0.14660416403910412	0.13109233230594944
394	believes	0.1100314700812759	0.11369326988743034
394	justified	0.0881580613664587	0.08156623598506238
394	knows	0.11373377856849716	0.10138340287844765
394	true	0.11877004698668785	0.11049979315332054
394	lucky_guessed	0.2039017119029812	0.18775853274750165
395	believes	0.09988254606849617	0.09328768851841185
395	justified	0.08742921063207346	0.0837598361377126
395	knows	0.12668895501143435	0.11670172006927727
395	true	0.10573533599160981	0.10112982124619305
395	lucky_guessed	0.1767129340007323	0.1569674370781927
396	believes	0.07585043367138826	0.07306432990586703
396	justified	0.09728810476348432	0.0935499619135764
396	knows	0.1201445098331786	0.11092181474177874
396	true	0.11308335064560752	0.10870448874118989
396	lucky_guessed	0.1625076649508674	0.1420774590679363
397	believes	0.10001155698301614	0.09619251500395738
397	justified	0.07899845025021139	0.07517260198121568
397	knows	0.09365884402331712	0.08613240170034585
397	true	0.08825564300477164	0.08446501665529468
397	lucky_guessed	0.1557958593666413	0.13833682858268723
398	believes	0.07633749689049689	0.07329316219690696
398	justified	0.09418633256924062	0.08951202318199569
398	knows	0.12548488931659743	0.11481166295135806
398	true	0.12838270405416355	0.12231084736711463
398	lucky_guessed	0.1264526719401778	0.1149868634473451
399	believes	0.11202222944266697	0.10857070849283483
399	justified	0.0910106677656127	0.08622896245925062
399	knows	0.11690231578499463	0.10724468882386871
399	true	0.1250456792605697	0.11926149886369349
399	lucky_guessed	0.17016398120021597	0.15566200643739742
